EliteAlpha Archive LightGBM Report
================================================================================
Generated at: 2026-06-21T22:57:18

Scope
--------------------------------------------------------------------------------
round: 60
workspace: git_ignore_folder/RD-Agent_workspace/5ffb0fdad19a4bdf8c0adac038b3127a
generated_pkl: git_ignore_folder/RD-Agent_workspace/5ffb0fdad19a4bdf8c0adac038b3127a/combined_factors_df.pkl
copied_output_pkl: git_ignorefolder/elite_combined_factors_df.pkl
factor_csv: git_ignore_folder/elite_archive_round_60_2026-06-21_22-47-47_199808/elite_round_60_factors.csv
archive_log: log/elite_run_2026-06-21_03-31-57/elite_archive_progress.txt
backtest_log_dir: log/archive_round_backtest_60_2026-06-21_22-47-47
mlflow_run: git_ignore_folder/RD-Agent_workspace/5ffb0fdad19a4bdf8c0adac038b3127a/mlruns/890915155662240887/541f0b3b6c214be384f3938a44cf86d0
qrun command from mlflow: /home/shiys22/anaconda3/envs/alphaagent/bin/qrun conf_cn_combined_elite_rank_label.yaml
factor_runner config log: 2026-06-21 22:48:01.830 | INFO     | alphaagent.scenarios.qlib.developer.factor_runner:develop:109 - Use qlib factor config conf_cn_combined_elite_rank_label.yaml (lightweight=False)
execute log: 2026-06-21 22:52:58.518 | INFO     | alphaagent.scenarios.qlib.experiment.workspace:execute:36 - Execute Local Backtest: qrun conf_cn_combined_elite_rank_label.yaml

Input Factor Matrix
--------------------------------------------------------------------------------
shape: (3149445, 10)
memory_usage_MB: 132.259
index_names: ['datetime', 'instrument']
dtypes:
  - ZSCORE_PriceRangeVolume: float32
  - CrossSectional_RawVolume: float32
  - Volume_Raw_Signal_1: float32
  - Volume_Volatility_Proxy: float32
  - Zscore_Volume: float32
  - Intraday_Range_Ratio_MA5: float32
  - EMA_Volume_Range: float32
  - NearLow_Rank_5D: float32
  - Volume_Return_Cov_5D: float32
  - Momentum_Volume_Anomaly_10_20: float32
archive/static factor columns:
  - ZSCORE_PriceRangeVolume
    expr_used: -1 * (ZSCORE(($high-$low)/$close*$volume))
    raw_IC: 0.01469
    raw_Rank_IC: 0.039013
    IC_after_sign_adjust: 0.01469
    Rank_IC_after_sign_adjust: 0.039013
    ICIR: 0.134796
    Rank_ICIR: 0.277405
    sign_flipped: False
  - CrossSectional_RawVolume
    expr_used: -1 * ($volume)
    raw_IC: 0.012727
    raw_Rank_IC: 0.035331
    IC_after_sign_adjust: 0.012727
    Rank_IC_after_sign_adjust: 0.035331
    ICIR: 0.128131
    Rank_ICIR: 0.287026
    sign_flipped: False
  - Volume_Raw_Signal_1
    expr_used: -1 * ($volume)
    raw_IC: 0.012727
    raw_Rank_IC: 0.035331
    IC_after_sign_adjust: 0.012727
    Rank_IC_after_sign_adjust: 0.035331
    ICIR: 0.128131
    Rank_ICIR: 0.287026
    sign_flipped: False
  - Volume_Volatility_Proxy
    expr_used: -1 * ($volume)
    raw_IC: 0.012727
    raw_Rank_IC: 0.035331
    IC_after_sign_adjust: 0.012727
    Rank_IC_after_sign_adjust: 0.035331
    ICIR: 0.128131
    Rank_ICIR: 0.287026
    sign_flipped: False
  - Zscore_Volume
    expr_used: -1 * (ZSCORE($volume))
    raw_IC: 0.012727
    raw_Rank_IC: 0.035331
    IC_after_sign_adjust: 0.012727
    Rank_IC_after_sign_adjust: 0.035331
    ICIR: 0.128131
    Rank_ICIR: 0.287026
    sign_flipped: False
  - Intraday_Range_Ratio_MA5
    expr_used: -1 * (RANK(TS_MEAN($high / $low, 5)))
    raw_IC: -0.002413
    raw_Rank_IC: 0.038286
    IC_after_sign_adjust: -0.002413
    Rank_IC_after_sign_adjust: 0.038286
    ICIR: -0.015843
    Rank_ICIR: 0.229047
    sign_flipped: False
  - EMA_Volume_Range
    expr_used: -1 * (EMA(($high - $low) * $volume, 10))
    raw_IC: 0.015378
    raw_Rank_IC: 0.043747
    IC_after_sign_adjust: 0.015378
    Rank_IC_after_sign_adjust: 0.043747
    ICIR: 0.108585
    Rank_ICIR: 0.269281
    sign_flipped: False
  - NearLow_Rank_5D
    expr_used: RANK(TS_MIN($low, 5) / $close)
    raw_IC: -0.00775
    raw_Rank_IC: 0.033048
    IC_after_sign_adjust: -0.00775
    Rank_IC_after_sign_adjust: 0.033048
    ICIR: -0.061863
    Rank_ICIR: 0.244884
    sign_flipped: False
  - Volume_Return_Cov_5D
    expr_used: -1 * (TS_COVARIANCE($volume, $return, 5))
    raw_IC: 0.007606
    raw_Rank_IC: 0.029314
    IC_after_sign_adjust: 0.007606
    Rank_IC_after_sign_adjust: 0.029314
    ICIR: 0.094555
    Rank_ICIR: 0.375066
    sign_flipped: False
  - Momentum_Volume_Anomaly_10_20
    expr_used: -1 * (($close / DELAY($close, 10)) * ($volume / TS_MEAN($volume, 20)))
    raw_IC: 0.015771
    raw_Rank_IC: 0.024796
    IC_after_sign_adjust: 0.015771
    Rank_IC_after_sign_adjust: 0.024796
    ICIR: 0.128129
    Rank_ICIR: 0.212505
    sign_flipped: False

factor column stats:
  - ZSCORE_PriceRangeVolume: count=3072426, non_null_ratio=0.9755452151, nan_count=77019, mean=0.03213311359, std=0.006036970299, min=-1.143130779, max=0.0574424006
  - CrossSectional_RawVolume: count=3072426, non_null_ratio=0.9755452151, nan_count=77019, mean=-1.207378e+06, std=2.665086e+06, min=-3.533418e+08, max=-6.180037022
  - Volume_Raw_Signal_1: count=3072426, non_null_ratio=0.9755452151, nan_count=77019, mean=-1.207378e+06, std=2.665086e+06, min=-3.533418e+08, max=-6.180037022
  - Volume_Volatility_Proxy: count=3072426, non_null_ratio=0.9755452151, nan_count=77019, mean=-1.207378e+06, std=2.665086e+06, min=-3.533418e+08, max=-6.180037022
  - Zscore_Volume: count=3072426, non_null_ratio=0.9755452151, nan_count=77019, mean=0.03189128265, std=0.005453279242, min=-0.04411126301, max=0.05813154951
  - Intraday_Range_Ratio_MA5: count=3082677, non_null_ratio=0.9788000743, nan_count=66768, mean=-0.4488497078, std=0.2893941998, min=-1, max=-0.000181455267
  - EMA_Volume_Range: count=3148768, non_null_ratio=0.9997850415, nan_count=677, mean=-184979.9844, std=523946.0938, min=-6.945655e+07, max=-0
  - NearLow_Rank_5D: count=3072426, non_null_ratio=0.9755452151, nan_count=77019, mean=0.5273944736, std=0.290602386, min=0.0001818181772, max=1
  - Volume_Return_Cov_5D: count=3077919, non_null_ratio=0.9772893319, nan_count=71526, mean=-10974.83105, std=145130.5, min=-5.856091e+07, max=1.842571e+07
  - Momentum_Volume_Anomaly_10_20: count=3049374, non_null_ratio=0.9682258303, nan_count=100071, mean=-1.047981739, std=0.7122995257, min=-45.37384796, max=-0.0009242970846
factor correlation:
                               ZSCORE_PriceRangeVolume  CrossSectional_RawVolume  Volume_Raw_Signal_1  Volume_Volatility_Proxy  Zscore_Volume  Intraday_Range_Ratio_MA5  EMA_Volume_Range  NearLow_Rank_5D  Volume_Return_Cov_5D  Momentum_Volume_Anomaly_10_20
ZSCORE_PriceRangeVolume                       1.000000                  0.351929             0.351929                 0.351929       0.914289                  0.047668          0.157915         0.044130              0.072867                       0.105270
CrossSectional_RawVolume                      0.351929                  1.000000             1.000000                 1.000000       0.154089                  0.250324          0.361858         0.187758              0.166198                       0.254917
Volume_Raw_Signal_1                           0.351929                  1.000000             1.000000                 1.000000       0.154089                  0.250324          0.361858         0.187758              0.166198                       0.254917
Volume_Volatility_Proxy                       0.351929                  1.000000             1.000000                 1.000000       0.154089                  0.250324          0.361858         0.187758              0.166198                       0.254917
Zscore_Volume                                 0.914289                  0.154089             0.154089                 0.154089       1.000000                 -0.024058          0.073676        -0.011209              0.037835                       0.027577
Intraday_Range_Ratio_MA5                      0.047668                  0.250324             0.250324                 0.250324      -0.024058                  1.000000          0.319827         0.548743              0.087630                       0.235402
EMA_Volume_Range                              0.157915                  0.361858             0.361858                 0.361858       0.073676                  0.319827          1.000000         0.176403              0.196487                       0.094995
NearLow_Rank_5D                               0.044130                  0.187758             0.187758                 0.187758      -0.011209                  0.548743          0.176403         1.000000              0.083198                       0.387264
Volume_Return_Cov_5D                          0.072867                  0.166198             0.166198                 0.166198       0.037835                  0.087630          0.196487         0.083198              1.000000                       0.120634
Momentum_Volume_Anomaly_10_20                 0.105270                  0.254917             0.254917                 0.254917       0.027577                  0.235402          0.094995         0.387264              0.120634                       1.000000

Actual Training Feature Mapping
--------------------------------------------------------------------------------
LightGBM dump uses Column_0..Column_N.
  Column_0: [archive_factor] ZSCORE_PriceRangeVolume: -1 * (ZSCORE(($high-$low)/$close*$volume))
  Column_1: [archive_factor] CrossSectional_RawVolume: -1 * ($volume)
  Column_2: [archive_factor] Volume_Raw_Signal_1: -1 * ($volume)
  Column_3: [archive_factor] Volume_Volatility_Proxy: -1 * ($volume)
  Column_4: [archive_factor] Zscore_Volume: -1 * (ZSCORE($volume))
  Column_5: [archive_factor] Intraday_Range_Ratio_MA5: -1 * (RANK(TS_MEAN($high / $low, 5)))
  Column_6: [archive_factor] EMA_Volume_Range: -1 * (EMA(($high - $low) * $volume, 10))
  Column_7: [archive_factor] NearLow_Rank_5D: RANK(TS_MIN($low, 5) / $close)
  Column_8: [archive_factor] Volume_Return_Cov_5D: -1 * (TS_COVARIANCE($volume, $return, 5))
  Column_9: [archive_factor] Momentum_Volume_Anomaly_10_20: -1 * (($close / DELAY($close, 10)) * ($volume / TS_MEAN($volume, 20)))

Raw data_loader param:
[{'class': 'qlib.contrib.data.loader.QlibDataLoader', 'kwargs': {'config': {'label': [['Ref($close, -2)/Ref($close, -1) - 1'], ['LABEL0']]}}}, {'class': 'qlib.data.dataset.loader.StaticDataLoader', 'kwargs': {'config': 'combined_factors_df.pkl'}}]

Data Processors
--------------------------------------------------------------------------------
learn_processors:
[{'class': 'Fillna', 'kwargs': {'fields_group': 'feature'}}, {'class': 'DropnaLabel'}, {'class': 'CSZScoreNorm', 'kwargs': {'fields_group': 'feature'}}, {'class': 'CSRankNorm', 'kwargs': {'fields_group': 'label'}}]
infer_processors:
[{'class': 'Fillna', 'kwargs': {'fields_group': 'feature'}}, {'class': 'CSZScoreNorm', 'kwargs': {'fields_group': 'feature'}}, {'class': 'CSRankNorm', 'kwargs': {'fields_group': 'label'}}]

Model Parameters
--------------------------------------------------------------------------------
cmd-sys.argv: /home/shiys22/anaconda3/envs/alphaagent/bin/qrun conf_cn_combined_elite_rank_label.yaml
model.class: LGBModel
model.kwargs.colsample_bytree: 0.95
model.kwargs.early_stopping_rounds: 100
model.kwargs.lambda_l1: 20.0
model.kwargs.lambda_l2: 200.0
model.kwargs.learning_rate: 0.01
model.kwargs.loss: mse
model.kwargs.max_depth: 4
model.kwargs.min_data_in_leaf: 1000
model.kwargs.num_boost_round: 2000
model.kwargs.num_leaves: 16
model.kwargs.num_threads: 8
model.kwargs.subsample: 0.95
model.module_path: qlib.contrib.model.gbdt

Qlib Results
--------------------------------------------------------------------------------
1day.excess_return_without_cost.annualized_return: 0.04819673049
1day.excess_return_without_cost.information_ratio: 0.4819902186
1day.excess_return_without_cost.max_drawdown: -0.2698641595
1day.excess_return_without_cost.mean: 0.000202507271
1day.excess_return_without_cost.std: 0.006481729081
1day.excess_return_with_cost.annualized_return: 0.0321949976
1day.excess_return_with_cost.information_ratio: 0.3219661621
1day.excess_return_with_cost.max_drawdown: -0.2836627249
1day.excess_return_with_cost.mean: 0.0001352730992
1day.excess_return_with_cost.std: 0.006481711367
1day.ffr: 1
1day.pa: 0
1day.pos: 0
IC: 0.006627020897
ICIR: 0.04121217466
l2.train: 0.9921224897
l2.valid: 0.9956564627
Rank IC: 0.04557035813
Rank ICIR: 0.2712726873

IC Debug Summary
--------------------------------------------------------------------------------
rows: 603380
dates: 1210
valid_pearson_dates: 1210
valid_rank_dates: 1210
bad_dates: 0
mean_pearson_ic: 0.006627020896625854
mean_rank_ic: 0.04557035812917004
pred_zero_std_dates: 0
label_zero_std_dates: 0
too_few_pair_dates: 0

MLflow Metrics
--------------------------------------------------------------------------------
1day.excess_return_with_cost.annualized_return: 0.0321949976
1day.excess_return_with_cost.information_ratio: 0.3219661621
1day.excess_return_with_cost.max_drawdown: -0.2836627249
1day.excess_return_with_cost.mean: 0.0001352730992
1day.excess_return_with_cost.std: 0.006481711367
1day.excess_return_without_cost.annualized_return: 0.04819673049
1day.excess_return_without_cost.information_ratio: 0.4819902186
1day.excess_return_without_cost.max_drawdown: -0.2698641595
1day.excess_return_without_cost.mean: 0.000202507271
1day.excess_return_without_cost.std: 0.006481729081
1day.ffr: 1
1day.pa: 0
1day.pos: 0
IC: 0.006627020897
ICIR: 0.04121217466
Rank IC: 0.04557035813
Rank ICIR: 0.2712726873
l2.train: 0.9921224897
l2.valid: 0.9956564627

Artifacts
--------------------------------------------------------------------------------
artifacts/code_cached.txt: 0 bytes, modified=2026-06-21T22:53:05
artifacts/code_diff.txt: 0 bytes, modified=2026-06-21T22:53:04
artifacts/code_status.txt: 155 bytes, modified=2026-06-21T22:53:05
artifacts/config: 586953 bytes, modified=2026-06-21T22:54:31
artifacts/dataset: 1110 bytes, modified=2026-06-21T22:53:24
artifacts/label.pkl: 4875612 bytes, modified=2026-06-21T22:53:25
artifacts/params.pkl: 583837 bytes, modified=2026-06-21T22:53:24
artifacts/portfolio_analysis/indicator_analysis_1day.pkl: 662 bytes, modified=2026-06-21T22:54:17
artifacts/portfolio_analysis/indicators_normal_1day.pkl: 68856 bytes, modified=2026-06-21T22:54:17
artifacts/portfolio_analysis/indicators_normal_1day_obj.pkl: 12367970 bytes, modified=2026-06-21T22:54:17
artifacts/portfolio_analysis/port_analysis_1day.pkl: 1090 bytes, modified=2026-06-21T22:54:17
artifacts/portfolio_analysis/positions_normal_1day.pkl: 14475885 bytes, modified=2026-06-21T22:54:16
artifacts/portfolio_analysis/report_normal_1day.pkl: 98308 bytes, modified=2026-06-21T22:54:16
artifacts/pred.pkl: 7294823 bytes, modified=2026-06-21T22:53:25
artifacts/sig_analysis/ic.pkl: 29967 bytes, modified=2026-06-21T22:53:27
artifacts/sig_analysis/ric.pkl: 29967 bytes, modified=2026-06-21T22:53:27
artifacts/task: 2199 bytes, modified=2026-06-21T22:53:05

LightGBM Booster Summary
--------------------------------------------------------------------------------
params.pkl: git_ignore_folder/RD-Agent_workspace/5ffb0fdad19a4bdf8c0adac038b3127a/mlruns/890915155662240887/541f0b3b6c214be384f3938a44cf86d0/artifacts/params.pkl
tree_count: 392
num_leaves_min: 7
num_leaves_max: 16
num_leaves_mean: 13.70663265
split/gain importance reconstructed from booster dump:
  Column_3: splits=1255, gain_sum=46878.16812, [archive_factor] Volume_Volatility_Proxy: -1 * ($volume)
  Column_4: splits=615, gain_sum=31282.58398, [archive_factor] Zscore_Volume: -1 * (ZSCORE($volume))
  Column_1: splits=813, gain_sum=25338.8928, [archive_factor] CrossSectional_RawVolume: -1 * ($volume)
  Column_2: splits=720, gain_sum=25219.60271, [archive_factor] Volume_Raw_Signal_1: -1 * ($volume)
  Column_6: splits=654, gain_sum=8201.715492, [archive_factor] EMA_Volume_Range: -1 * (EMA(($high - $low) * $volume, 10))
  Column_8: splits=363, gain_sum=3515.457922, [archive_factor] Volume_Return_Cov_5D: -1 * (TS_COVARIANCE($volume, $return, 5))
  Column_9: splits=274, gain_sum=3394.928035, [archive_factor] Momentum_Volume_Anomaly_10_20: -1 * (($close / DELAY($close, 10)) * ($volume / TS_MEAN($volume, 20)))
  Column_0: splits=287, gain_sum=2935.528993, [archive_factor] ZSCORE_PriceRangeVolume: -1 * (ZSCORE(($high-$low)/$close*$volume))

Full LightGBM Booster Dump
--------------------------------------------------------------------------------
tree
version=v4
num_class=1
num_tree_per_iteration=1
label_index=0
max_feature_idx=9
objective=regression
feature_names=Column_0 Column_1 Column_2 Column_3 Column_4 Column_5 Column_6 Column_7 Column_8 Column_9
feature_infos=[-20.023765563964844:1.1208969354629517] [-17.728984832763672:1.4017603397369385] [-2.637315034866333:2.9939370155334473] [-15.627459526062012:3.0725705623626709] [-3.8048245906829834:2.3783514499664307] [-20.023765563964844:1.1208969354629517] [-21.825923919677734:20.923103332519531] [-20.023765563964844:1.1208969354629517] [-21.99261474609375:1.1086846590042114] [-22.252218246459961:0.9969182014465332]
tree_sizes=1474 1594 1502 1504 1588 1513 1605 1520 1518 1606 1516 1521 1606 1520 1613 1520 1609 1616 1670 1589 1598 1610 1692 1612 1686 1588 1618 1611 1615 1610 1607 1685 1610 1613 1607 1609 1610 1602 1610 1608 1616 1611 1513 1606 1612 1512 1610 1600 1614 1629 1599 1604 1610 1610 1605 1603 1606 1500 1609 1538 1594 1605 1537 1612 1611 1540 1613 1516 1613 1612 1608 1612 1664 1610 1607 1608 1612 1679 1609 1604 1608 1610 1606 1609 1617 1607 1614 1617 1580 1609 1595 1625 1611 1624 1610 1725 1587 1698 1600 1610 1612 1619 1591 1627 1583 1608 1713 1620 1682 1605 1625 1619 1608 1603 1610 1604 1616 1607 1674 1591 1488 1605 1598 1488 1728 1487 1728 1599 1731 1509 1727 1692 1504 1726 1596 1504 1629 1631 1486 1566 1629 1584 1631 1726 1603 1514 1606 1697 1621 1586 1507 1627 1610 1510 1630 1510 1698 1668 1497 1698 1589 1507 1625 1505 1511 1715 1505 1493 1486 1716 1420 1521 1460 1414 1613 1692 1521 1412 1621 1592 1600 1528 1418 1481 1616 1595 1621 1420 1430 1384 1418 1718 1621 1666 1617 1517 1386 1588 1697 1620 1520 1589 1505 1621 1550 1621 1480 1600 1494 1591 1648 1500 1591 1660 1626 1488 1661 1473 1563 1696 1595 1690 1580 1481 1563 1518 1563 1394 1681 1567 1617 1576 1413 1592 1590 1599 1586 1699 1488 1607 1486 1649 1609 1486 1614 1462 1599 1615 1490 1486 1620 1573 1487 1601 1471 1603 1485 1491 1603 1484 1573 1598 1617 1498 1477 1601 1416 1479 1600 1606 1546 1617 1492 1408 1505 1624 1607 1477 1622 1559 1035 1484 1419 1036 1408 1039 1501 1510 1038 1486 1509 1039 1500 1036 1476 1566 1400 1264 1264 1397 1092 1415 1398 1122 1092 1400 1092 1483 1124 1488 1375 1093 1191 1388 1097 1100 1387 1038 1125 1571 1036 1345 1093 1285 1322 1072 1309 1125 1389 1392 1065 1117 1389 1576 1092 1221 1197 1028 1389 994 1651 1028 1307 896 1029 1293 894 893 1295 1026 1110 1225 1612 893 1289 1026 890 1296 1379 801 894 1294 1520 1028 892 1318 803 1212 890 1315 1026 1424 894 1301 799 1101 1319 801 1357 896 1311 1129 897 802 1641 1227 1106 897 1201 1316 896 1088

Tree=0
num_leaves=14
num_cat=0
split_feature=4 1 3 2 1 3 3 8 3 3 4 3 3
split_gain=795.363 316.105 208.932 117.765 89.722 84.0408 74.1441 46.9619 44.5159 35.9 13.4001 10.7515 6.13323
threshold=-1.0880835056304929 0.33107349276542669 -2.0281132459640498 -1.6003720164299009 -0.37510187923908228 1.3669795393943789 -0.46549753844738001 0.16960648447275165 1.2348897457122805 0.88184291124343883 -1.5910838246345518 -0.61298078298568714 -2.462729692459106
decision_type=2 2 2 2 2 2 2 2 2 2 2 2 2
left_child=2 4 10 11 8 6 -3 -5 -2 -6 -1 -4 -12
right_child=1 5 3 7 9 -7 -8 -9 -10 -11 12 -13 -14
leaf_value=0.0016221591000316225 0.0032614906744200551 0.0036011817429356463 0.0020578819059535874 0.0031244326695223255 0.0037087411007396694 0.0019193955961934058 0.0041517867001896747 0.0037079594502504409 0.00190506969815811 0.0032116349254890961 0.0021295053207975347 0.0026791734590133611 0.0030287511348130952
leaf_weight=11064 47453 26778 8282 51449 158674 1567 217450 17960 2487 15764 4645 11290 2510
leaf_count=11064 47453 26778 8282 51449 158674 1567 217450 17960 2487 15764 4645 11290 2510
internal_value=0.00364953 0.00382682 0.00287306 0.00307867 0.00355619 0.00407456 0.00409061 0.00327803 0.00318326 0.00366222 0.00189682 0.00239271 0.00239231
internal_weight=577373 470173 107200 88981 224378 245795 244228 69409 49940 174438 18219 19572 7155
internal_count=577373 470173 107200 88981 224378 245795 244228 69409 49940 174438 18219 19572 7155
is_linear=0
shrinkage=1


Tree=1
num_leaves=15
num_cat=0
split_feature=4 1 3 3 3 2 3 3 8 3 3 1 4 3
split_gain=780.185 352.362 163.607 113.774 102.728 79.4746 65.4325 44.8133 36.4673 18.961 13.407 11.9077 10.5849 2.67908
threshold=-1.2414786219596861 0.14569914340972903 -2.0281132459640498 -1.0550137758255003 1.2348897457122805 -1.6003720164299009 1.0212584733963015 -0.41730317473411555 -6.9081015586853018 -2.462729692459106 -0.72196573019027699 -1.7503370642662046 -1.5910838246345518 -2.462729692459106
decision_type=2 2 2 2 2 2 2 2 2 2 2 2 2 2
left_child=2 6 12 9 -5 10 7 -2 -7 -3 -4 -8 -1 -14
right_child=1 3 5 4 -6 8 11 -9 -10 -11 -12 -13 13 -15
leaf_value=-0.0020074576804729946 -0.00062358021312797522 -0.0014049762778493874 -0.0016318177402121444 0.00038084607724820068 -0.001225591690004526 -0.002165643967052881 -0.0020551782136580166 -0.00012442063719131117 -0.00039255811390135172 -0.00033747391756051777 -0.00093196928873707369 -0.00084958381005352404 -0.0014580648825373731 -0.00060864842948765208
leaf_weight=11064 21792 1971 7040 331847 3782 1060 1306 110758 48584 13735 10687 7788 3968 1991
leaf_count=11064 21792 1971 7040 331847 3782 1060 1306 110758 48584 13735 10687 7788 3968 1991
internal_value=0 0.000152125 -0.000887329 0.000322089 0.000361429 -0.000657678 -0.000267906 -0.000208808 -0.000442967 -0.000499994 -0.00123616 -0.00108474 -0.0017664 -0.00123571
internal_weight=577373 492979 84394 351335 335629 67371 141644 132550 49644 15706 17727 9094 17023 5959
internal_count=577373 492979 84394 351335 335629 67371 141644 132550 49644 15706 17727 9094 17023 5959
is_linear=0
shrinkage=0.01


Tree=2
num_leaves=14
num_cat=0
split_feature=4 1 3 2 3 3 3 1 8 4 3 3 1
split_gain=765.732 305.631 200.91 113.376 86.7202 81.4471 71.9749 64.7622 45.8256 12.6043 10.211 5.8048 4.83686
threshold=-1.0880835056304929 0.33107349276542669 -2.0281132459640498 -1.6003720164299009 1.2348897457122805 1.3669795393943789 -0.46549753844738001 -0.66213485598564137 0.16960648447275165 -1.5910838246345518 -0.61298078298568714 -2.462729692459106 -0.37510187923908228
decision_type=2 2 2 2 2 2 2 2 2 2 2 2 2
left_child=2 4 9 10 7 6 -3 -2 -5 -1 -4 -11 -6
right_child=1 5 3 8 12 -7 -8 -9 -10 11 -12 -13 -14
leaf_value=-0.0019877394180565491 -0.00047189690107571694 -4.891671762760652e-05 -0.0015613723506705316 -0.00051640211275052745 -0.0017168883903124162 -0.0017039227092506318 0.00049348756127771465 1.2296212679570157e-05 5.9943604151650879e-05 -0.0014919504909742512 -0.00095254209253927281 -0.0006096906522340468 -0.00080962355295037579
leaf_weight=11064 32092 26778 8282 51449 2487 1567 217450 186329 17960 4645 11290 2510 3470
leaf_count=11064 32092 26778 8282 51449 2487 1567 217450 186329 17960 4645 11290 2510 3470
internal_value=0 0.000173793 -0.00076203 -0.000560336 -9.23042e-05 0.000417395 0.000433207 -5.82968e-05 -0.000364652 -0.00171946 -0.00123348 -0.00123464 -0.00126435
internal_weight=577373 470173 107200 88981 224378 245795 244228 218421 69409 18219 19572 7155 5957
internal_count=577373 470173 107200 88981 224378 245795 244228 218421 69409 18219 19572 7155 5957
is_linear=0
shrinkage=0.01


Tree=3
num_leaves=14
num_cat=0
split_feature=4 1 3 2 1 3 3 8 3 3 4 3 3
split_gain=750.771 299.567 197.081 111.195 85.296 79.9857 70.5618 44.9322 42.2586 34.4797 12.247 9.96867 5.64047
threshold=-1.0880835056304929 0.33107349276542669 -2.0281132459640498 -1.6003720164299009 -0.37510187923908228 1.3669795393943789 -0.46549753844738001 0.16960648447275165 1.2348897457122805 0.88184291124343883 -1.5910838246345518 -0.61298078298568714 -2.462729692459106
decision_type=2 2 2 2 2 2 2 2 2 2 2 2 2
left_child=2 4 10 11 8 6 -3 -5 -2 -6 -1 -4 -12
right_child=1 5 3 7 9 -7 -8 -9 -10 -11 12 -13 -14
leaf_value=-0.0019682152178020053 -0.00037866505264633053 -4.8431100706264919e-05 -0.0015461266175297247 -0.00051125805968254591 5.7551932410147429e-05 -0.0016888124029740825 0.00048855716102000877 5.9351091929663963e-05 -0.0017009974462903863 -0.00042962779364714542 -0.0014776469871922713 -0.0009431821019309707 -0.00060404396169076626
leaf_weight=11064 47453 26778 8282 51449 158674 1567 217450 17960 2487 15764 4645 11290 2510
leaf_count=11064 47453 26778 8282 51449 158674 1567 217450 17960 2487 15764 4645 11290 2510
internal_value=0 0.00017202 -0.000754615 -0.000554822 -9.14167e-05 0.000413194 0.00042887 -0.00036099 -0.000455028 1.19386e-05 -0.00170292 -0.0012215 -0.00122314
internal_weight=577373 470173 107200 88981 224378 245795 244228 69409 49940 174438 18219 19572 7155
internal_count=577373 470173 107200 88981 224378 245795 244228 69409 49940 174438 18219 19572 7155
is_linear=0
shrinkage=0.01


Tree=4
num_leaves=15
num_cat=0
split_feature=4 1 3 3 3 2 3 3 8 3 3 1 4 3
split_gain=736.623 334.308 154.094 109.481 97.9789 74.606 62.5057 43.66 35.8632 18.4451 12.6774 11.5733 9.67197 2.35994
threshold=-1.2414786219596861 0.14569914340972903 -2.0281132459640498 -1.0550137758255003 1.2348897457122805 -1.6003720164299009 1.0212584733963015 -0.41730317473411555 -6.9081015586853018 -2.462729692459106 -0.72196573019027699 -1.7503370642662046 -1.5910838246345518 -2.462729692459106
decision_type=2 2 2 2 2 2 2 2 2 2 2 2 2 2
left_child=2 6 12 9 -5 10 7 -2 -7 -3 -4 -8 -1 -14
right_child=1 3 5 4 -6 8 11 -9 -10 -11 -12 -13 13 -15
leaf_value=-0.0019488822249030592 -0.00061309829165997966 -0.0013861882101042168 -0.0015857331560611421 0.00037072442610093444 -0.0011978960803484431 -0.002138779234034455 -0.0020160914006535392 -0.00012040834208137647 -0.00038118303170095994 -0.000332643762078621 -0.00090328305698325769 -0.00082814853646819638 -0.0014159128007913281 -0.00059208820759846278
leaf_weight=11064 21792 1971 7040 331847 3782 1060 1306 110758 48584 13735 10687 7788 3968 1991
leaf_count=11064 21792 1971 7040 331847 3782 1060 1306 110758 48584 13735 10687 7788 3968 1991
internal_value=0 0.00014759 -0.000862428 0.00031315 0.00035175 -0.000639405 -0.00026152 -0.000203718 -0.000431155 -0.000493198 -0.00120013 -0.00105998 -0.00171579 -0.0012013
internal_weight=577373 492979 84394 351335 335629 67371 141644 132550 49644 15706 17727 9094 17023 5959
internal_count=577373 492979 84394 351335 335629 67371 141644 132550 49644 15706 17727 9094 17023 5959
is_linear=0
shrinkage=0.01


Tree=5
num_leaves=14
num_cat=0
split_feature=4 1 3 2 3 3 3 1 8 4 3 3 1
split_gain=722.8 289.639 189.515 107.055 82.4343 77.5166 68.4944 61.756 43.8447 11.5076 9.46096 5.3333 4.50122
threshold=-1.0880835056304929 0.33107349276542669 -2.0281132459640498 -1.6003720164299009 1.2348897457122805 1.3669795393943789 -0.46549753844738001 -0.69608125090599049 0.16960648447275165 -1.5910838246345518 -0.61298078298568714 -2.462729692459106 -0.37510187923908228
decision_type=2 2 2 2 2 2 2 2 2 2 2 2 2
left_child=2 4 9 10 7 6 -3 -2 -5 -1 -4 -11 -6
right_child=1 5 3 8 12 -7 -8 -9 -10 11 -12 -13 -14
leaf_value=-0.001929739745420317 -0.00047161662561387955 -4.8952352261701757e-05 -0.001516710356293757 -0.00050278900181775278 -0.0016740781415933567 -0.0016632123637272981 0.00048002460462278631 9.9188041182625858e-06 6.0795841582885787e-05 -0.0014503462842112489 -0.00092588736875814752 -0.00059324583238011357 -0.00078865184454472259
leaf_weight=11064 30700 26778 8282 51449 2487 1567 217450 187721 17960 4645 11290 2510 3470
leaf_count=11064 30700 26778 8282 51449 2487 1567 217450 187721 17960 4645 11290 2510 3470
internal_value=-3.92543e-08 0.000168624 -0.000740586 -0.000544597 -9.03989e-05 0.000405772 0.000421215 -5.72178e-05 -0.000354329 -0.00167062 -0.00119883 -0.00120117 -0.00123317
internal_weight=577373 470173 107200 88981 224378 245795 244228 218421 69409 18219 19572 7155 5957
internal_count=577373 470173 107200 88981 224378 245795 244228 218421 69409 18219 19572 7155 5957
is_linear=0
shrinkage=0.01


Tree=6
num_leaves=15
num_cat=0
split_feature=4 1 3 3 3 2 3 3 8 3 3 1 4 3
split_gain=708.821 322.527 148.098 106.363 94.6984 71.5695 60.5564 42.6503 35.2723 18.0252 12.1878 11.2947 9.09235 2.16227
threshold=-1.2414786219596861 0.14569914340972903 -2.0281132459640498 -1.0550137758255003 1.2348897457122805 -1.6003720164299009 1.0212584733963015 -0.41730317473411555 -6.9081015586853018 -2.462729692459106 -0.72196573019027699 -1.7503370642662046 -1.5910838246345518 -2.462729692459106
decision_type=2 2 2 2 2 2 2 2 2 2 2 2 2 2
left_child=2 6 12 9 -5 10 7 -2 -7 -3 -4 -8 -1 -14
right_child=1 3 5 4 -6 8 11 -9 -10 -11 -12 -13 13 -15
leaf_value=-0.0019107848254390609 -0.00060490813050118205 -0.0013705789578728077 -0.0015555659225963067 0.00036395300644842559 -0.0011780023191958785 -0.0021165565235008086 -0.0019880358103890302 -0.00011792523969178173 -0.00037374040420427781 -0.00032855650168938137 -0.00088487499992371405 -0.00081390619140567113 -0.0013886254985707625 -0.00058131653905409641
leaf_weight=11064 21792 1971 7040 331847 3782 1060 1306 110758 48584 13735 10687 7788 3968 1991
leaf_count=11064 21792 1971 7040 331847 3782 1060 1306 110758 48584 13735 10687 7788 3968 1991
internal_value=-1.0128e-07 0.000144616 -0.000846158 0.000307238 0.000345291 -0.000627419 -0.000257208 -0.000200285 -0.000423309 -0.000487487 -0.00117677 -0.0010432 -0.0016829 -0.001179
internal_weight=577373 492979 84394 351335 335629 67371 141644 132550 49644 15706 17727 9094 17023 5959
internal_count=577373 492979 84394 351335 335629 67371 141644 132550 49644 15706 17727 9094 17023 5959
is_linear=0
shrinkage=0.01


Tree=7
num_leaves=14
num_cat=0
split_feature=4 1 3 2 1 3 3 8 3 3 4 3 3
split_gain=695.872 280.049 182.241 103.072 79.9239 75.1255 66.4878 42.7843 39.5536 32.6919 10.8041 8.97467 5.03945
threshold=-1.0880835056304929 0.33107349276542669 -2.0281132459640498 -1.6003720164299009 -0.37510187923908228 1.3669795393943789 -0.46549753844738001 0.16960648447275165 1.2348897457122805 0.88184291124343883 -1.5910838246345518 -0.61298078298568714 -2.462729692459106
decision_type=2 2 2 2 2 2 2 2 2 2 2 2 2
left_child=2 4 10 11 8 6 -3 -5 -2 -6 -1 -4 -12
right_child=1 5 3 7 9 -7 -8 -9 -10 -11 12 -13 -14
leaf_value=-0.0018920161570452944 -0.00036730106943763246 -4.9440745759572546e-05 -0.0014878534961121309 -0.00049446475148562483 5.5063334770515709e-05 -0.0016380159647076038 0.00047164409039409495 6.2187085780712075e-05 -0.001647580579729251 -0.00041933724295914953 -0.0014235487629289925 -0.00090892466430962042 -0.00058263795778870143
leaf_weight=11064 47453 26778 8282 51449 158674 1567 217450 17960 2487 15764 4645 11290 2510
leaf_count=11064 47453 26778 8282 51449 158674 1567 217450 17960 2487 15764 4645 11290 2510
internal_value=-1.93201e-07 0.000165292 -0.000726821 -0.000534562 -8.93953e-05 0.000398484 0.000413699 -0.00034779 -0.000441365 1.06153e-05 -0.00163894 -0.00117659 -0.00117961
internal_weight=577373 470173 107200 88981 224378 245795 244228 69409 49940 174438 18219 19572 7155
internal_count=577373 470173 107200 88981 224378 245795 244228 69409 49940 174438 18219 19572 7155
is_linear=0
shrinkage=0.01


Tree=8
num_leaves=14
num_cat=0
split_feature=4 1 3 2 1 3 3 8 3 3 4 3 3
split_gain=682.283 274.487 178.769 101.091 78.3736 73.7781 65.183 41.9506 38.8266 32.049 10.4884 8.75819 4.89242
threshold=-1.0880835056304929 0.33107349276542669 -2.0281132459640498 -1.6003720164299009 -0.37510187923908228 1.3669795393943789 -0.46549753844738001 0.16960648447275165 1.2348897457122805 0.88184291124343883 -1.5910838246345518 -0.61298078298568714 -2.462729692459106
decision_type=2 2 2 2 2 2 2 2 2 2 2 2 2
left_child=2 4 10 11 8 6 -3 -5 -2 -6 -1 -4 -12
right_child=1 5 3 7 9 -7 -8 -9 -10 -11 12 -13 -14
leaf_value=-0.0018734314258978719 -0.00036364357606627875 -4.8950134428520836e-05 -0.0014733258094762009 -0.00048953914009350157 5.451336793704691e-05 -0.0016234902147626391 0.00046693179114612812 6.1572308206943351e-05 -0.0016323310176611077 -0.0004151965634974232 -0.0014099012907140074 -0.00089999344214844186 -0.00057724135915140494
leaf_weight=11064 47453 26778 8282 51449 158674 1567 217450 17960 2487 15764 4645 11290 2510
leaf_count=11064 47453 26778 8282 51449 158674 1567 217450 17960 2487 15764 4645 11290 2510
internal_value=-2.51322e-07 0.000163607 -0.000719752 -0.000529303 -8.85315e-05 0.000394473 0.000409557 -0.000344295 -0.000437072 1.04935e-05 -0.00162319 -0.00116517 -0.00116863
internal_weight=577373 470173 107200 88981 224378 245795 244228 69409 49940 174438 18219 19572 7155
internal_count=577373 470173 107200 88981 224378 245795 244228 69409 49940 174438 18219 19572 7155
is_linear=0
shrinkage=0.01


Tree=9
num_leaves=15
num_cat=0
split_feature=4 1 3 3 3 2 3 3 8 3 3 1 4 3
split_gain=669.258 305.806 139.484 102.387 90.4678 67.1712 57.8056 41.5874 34.6866 17.538 11.5252 11.0064 8.28409 1.88072
threshold=-1.2414786219596861 0.14569914340972903 -2.0281132459640498 -1.0550137758255003 1.2348897457122805 -1.6003720164299009 1.0212584733963015 -0.41730317473411555 -6.9081015586853018 -2.462729692459106 -0.72196573019027699 -1.7503370642662046 -1.5910838246345518 -2.462729692459106
decision_type=2 2 2 2 2 2 2 2 2 2 2 2 2 2
left_child=2 6 12 9 -5 10 7 -2 -7 -3 -4 -8 -1 -14
right_child=1 3 5 4 -6 8 11 -9 -10 -11 -12 -13 13 -15
leaf_value=-0.0018550301357801724 -0.0005948155076143381 -0.0013524857041469329 -0.0015116462924192726 0.00035425684749717813 -0.0011526378438103334 -0.0020904727843442253 -0.0019506388325256558 -0.00011395071317818439 -0.00036289290272136095 -0.00032396840771292955 -0.00085754940022940787 -0.00079278420268925486 -0.0013484303460618652 -0.00056549403161857835
leaf_weight=11064 21792 1971 7040 331847 3782 1060 1306 110758 48584 13735 10687 7788 3968 1991
leaf_count=11064 21792 1971 7040 331847 3782 1060 1306 110758 48584 13735 10687 7788 3968 1991
internal_value=-3.0838e-07 0.000140302 -0.000822424 0.00029866 0.000336005 -0.000609993 -0.000250947 -0.000195291 -0.000412033 -0.000480997 -0.00114244 -0.00101898 -0.00163469 -0.00114617
internal_weight=577373 492979 84394 351335 335629 67371 141644 132550 49644 15706 17727 9094 17023 5959
internal_count=577373 492979 84394 351335 335629 67371 141644 132550 49644 15706 17727 9094 17023 5959
is_linear=0
shrinkage=0.01


Tree=10
num_leaves=14
num_cat=0
split_feature=4 1 3 2 3 3 3 1 8 4 3 3 1
split_gain=656.867 265.394 171.909 97.3343 75.8475 71.5012 63.2706 57.3854 40.9357 9.83527 8.30153 4.61773 4.00003
threshold=-1.0880835056304929 0.33107349276542669 -2.0281132459640498 -1.6003720164299009 1.2348897457122805 1.3669795393943789 -0.46549753844738001 -0.72812247276306141 0.16960648447275165 -1.5910838246345518 -0.61298078298568714 -2.462729692459106 -0.37510187923908228
decision_type=2 2 2 2 2 2 2 2 2 2 2 2 2
left_child=2 4 9 10 7 6 -3 -2 -5 -1 -4 -11 -6
right_child=1 5 3 8 12 -7 -8 -9 -10 11 -12 -13 -14
leaf_value=-0.0018368093363612429 -0.0004646280978444234 -4.9394219604669181e-05 -0.0014452879913042288 -0.00048143153321578516 -0.001606463732504278 -0.001598871018274792 0.00045877803552854009 7.4816121767908092e-06 6.2898106596549045e-05 -0.001383841677077722 -0.00088352666649810588 -0.00056691145634010602 -0.00075532406561405903
leaf_weight=11064 29472 26778 8282 51449 2487 1567 217450 188949 17960 4645 11290 2510 3470
leaf_count=11064 29472 26778 8282 51449 2487 1567 217450 188949 17960 4645 11290 2510 3470
internal_value=-3.97146e-07 0.000160373 -0.000706376 -0.000519549 -8.75416e-05 0.000387387 0.000402247 -5.56731e-05 -0.000337934 -0.00159242 -0.00114357 -0.00114766 -0.00118379
internal_weight=577373 470173 107200 88981 224378 245795 244228 218421 69409 18219 19572 7155 5957
internal_count=577373 470173 107200 88981 224378 245795 244228 218421 69409 18219 19572 7155 5957
is_linear=0
shrinkage=0.01


Tree=11
num_leaves=14
num_cat=0
split_feature=4 1 3 2 1 3 3 8 3 2 4 3 3
split_gain=644.039 260.127 168.635 95.4634 74.5514 70.2191 62.0293 40.1382 36.8437 31.0878 9.54231 8.09921 4.48026
threshold=-1.0880835056304929 0.33107349276542669 -2.0281132459640498 -1.6003720164299009 -0.37510187923908228 1.3669795393943789 -0.46549753844738001 0.16960648447275165 1.2348897457122805 -0.60262617468833912 -1.5910838246345518 -0.61298078298568714 -2.462729692459106
decision_type=2 2 2 2 2 2 2 2 2 2 2 2 2
left_child=2 4 10 11 8 6 -3 -5 -2 -6 -1 -4 -12
right_child=1 5 3 7 9 -7 -8 -9 -10 -11 12 -13 -14
leaf_value=-0.001818767539198854 -0.00035495832062771698 -4.8903895095200104e-05 -0.0014311765234962723 -0.00047663561960442375 -0.00019764284002557044 -0.0015846917070116348 0.00045419430146158068 6.2276327643796193e-05 -0.001591594820210636 9.6099097850303031e-05 -0.0013705741825522672 -0.00087484554644069496 -0.00056166056971275339
leaf_weight=11064 47453 26778 8282 51449 50461 1567 217450 17960 2487 123977 4645 11290 2510
leaf_count=11064 47453 26778 8282 51449 50461 1567 217450 17960 2487 123977 4645 11290 2510
internal_value=-4.53933e-07 0.000158736 -0.000699508 -0.000514437 -8.67001e-05 0.000383487 0.00039822 -0.000334537 -0.000426634 9.85189e-06 -0.00157713 -0.00113247 -0.00113699
internal_weight=577373 470173 107200 88981 224378 245795 244228 69409 49940 174438 18219 19572 7155
internal_count=577373 470173 107200 88981 224378 245795 244228 69409 49940 174438 18219 19572 7155
is_linear=0
shrinkage=0.01


Tree=12
num_leaves=15
num_cat=0
split_feature=4 1 3 3 3 2 3 3 8 3 1 3 3 4
split_gain=631.914 289.884 131.542 98.5106 86.4659 61.5744 55.5372 40.4819 35.6355 17.0655 10.62 10.1446 9.42745 1.05592
threshold=-1.2414786219596861 0.14569914340972903 -1.9160559177398679 -1.0550137758255003 1.2348897457122805 -1.6003720164299009 1.0212584733963015 -0.41730317473411555 -6.9081015586853018 -2.462729692459106 -1.7503370642662046 -0.72196573019027699 -3.60377025604248 -1.6089575886726377
decision_type=2 2 2 2 2 2 2 2 2 2 2 2 2 2
left_child=2 6 12 9 -5 11 7 -2 -7 -3 -8 -4 -1 -14
right_child=1 3 5 4 -6 8 10 -9 -10 -11 -12 -13 13 -15
leaf_value=-0.00199470741500161 -0.00058436346313410915 -0.0013344363288723107 -0.0014640988498686772 0.00034479804457720862 -0.0011281722518550303 -0.0020955601251154816 -0.0019137643562823999 -0.00010994186042276305 -0.00034183068662282679 -0.00031923102356614942 -0.0007749434676538765 -0.00083101417767705301 -0.0015103593399547882 -0.00096476983919313629
leaf_weight=5985 21792 1971 6655 331847 3782 1051 1306 110758 47691 13735 7788 10687 6640 5685
leaf_count=5985 21792 1971 6655 331847 3782 1051 1306 110758 47691 13735 7788 10687 6640 5685
internal_value=-5.07297e-07 0.000136114 -0.000799366 0.000290302 0.000326943 -0.000583486 -0.000244794 -0.000190209 -0.000392141 -0.000474384 -0.000997674 -0.00109928 -0.00155299 -0.00129409
internal_weight=577373 492979 84394 351335 335629 66084 141644 132550 48742 15706 9094 17342 18310 12325
internal_count=577373 492979 84394 351335 335629 66084 141644 132550 48742 15706 9094 17342 18310 12325
is_linear=0
shrinkage=0.01


Tree=13
num_leaves=14
num_cat=0
split_feature=4 1 3 2 1 3 4 8 3 2 4 3 3
split_gain=620.072 251.718 162.228 91.9377 74.712 67.8032 63.1811 39.1547 35.6606 31.6917 9.06157 7.67486 4.31718
threshold=-1.0880835056304929 0.34055177867412573 -2.0281132459640498 -1.6003720164299009 -0.37510187923908228 1.3669795393943789 -0.40229551494121546 0.16960648447275165 1.2348897457122805 -0.60262617468833912 -1.5910838246345518 -0.61298078298568714 -2.462729692459106
decision_type=2 2 2 2 2 2 2 2 2 2 2 2 2
left_child=2 4 10 11 8 6 -3 -5 -2 -6 -1 -4 -12
right_child=1 5 3 7 9 -7 -8 -9 -10 -11 12 -13 -14
leaf_value=-0.001784236842911714 -0.00034926126563220174 9.2446697404838749e-06 -0.0014040224932905935 -0.00046868338381166058 -0.00019409012013487677 -0.0015742063812396903 0.00046854221473238618 6.3509985943438049e-05 -0.0015663257306419134 9.8496778696769514e-05 -0.0013452387083248466 -0.0008588598798112408 -0.00054855443988806427
leaf_weight=11064 47453 36274 8282 51449 51217 1522 200128 17960 2487 131092 4645 11290 2510
leaf_count=11064 47453 36274 8282 51449 51217 1522 200128 17960 2487 131092 4645 11290 2510
internal_value=-5.95663e-07 0.000155597 -0.000686525 -0.000504938 -7.78655e-05 0.000384205 0.000398979 -0.000328315 -0.000419866 1.50804e-05 -0.00154742 -0.00111153 -0.00111547
internal_weight=577373 470173 107200 88981 232249 237924 236402 69409 49940 182309 18219 19572 7155
internal_count=577373 470173 107200 88981 232249 237924 236402 69409 49940 182309 18219 19572 7155
is_linear=0
shrinkage=0.01


Tree=14
num_leaves=15
num_cat=0
split_feature=4 1 3 3 3 1 2 9 3 3 3 3 3 4
split_gain=608.233 288.44 114.953 94.4037 86.5105 67.5958 54.6278 34.6976 32.5177 28.873 23.9143 11.093 6.11728 1.79774
threshold=-1.3022685050964353 0.25325605273246771 -2.0281132459640498 -0.61298078298568714 1.3669795393943789 -0.44237329065799708 -1.6003720164299009 -6.2126312255859366 1.2348897457122805 -0.51637020707130421 -1.9160559177398679 -0.72196573019027699 -3.60377025604248 -1.6089575886726377
decision_type=2 2 2 2 2 2 2 2 2 2 2 2 2 2
left_child=2 5 12 10 -5 8 11 -8 -2 -7 -3 -4 -1 -14
right_child=1 3 6 4 -6 9 7 -9 -10 -11 -12 -13 13 -15
leaf_value=-0.00197854794793389 -0.00041754735303676019 -0.0009535768735968983 -0.0014708377049571714 0.00038837895943231836 -0.0015700267522222901 -0.00042155432317558003 -0.0020648522629297208 -0.00035962497947624741 -0.0015773436580761651 -2.9786432468339786e-06 -9.9346196856735293e-05 -0.00081628154083082649 -0.0015336628515330312 -0.00091382714048546395
leaf_weight=5868 49715 3737 6852 276789 2042 19018 1102 41098 2537 122812 25258 10019 6046 4480
leaf_count=5868 49715 3737 6852 276789 2042 19018 1102 41098 2537 122812 25258 10019 6046 4480
internal_value=-6.39833e-07 0.000124966 -0.000836793 0.000315471 0.000372205 -0.000176171 -0.000621791 -0.000418402 -0.000483472 -6.10282e-05 -0.000222072 -0.00110796 -0.00158261 -0.00131046
internal_weight=577373 501908 75465 307826 278831 194082 59071 42200 52252 141830 28995 16871 16394 10526
internal_count=577373 501908 75465 307826 278831 194082 59071 42200 52252 141830 28995 16871 16394 10526
is_linear=0
shrinkage=0.01


Tree=15
num_leaves=14
num_cat=0
split_feature=4 1 3 2 1 3 4 8 3 2 4 3 3
split_gain=597.199 242.777 156.051 88.5222 71.5623 65.4337 61.6502 38.1638 34.4306 30.818 8.53733 7.26298 4.18396
threshold=-1.0880835056304929 0.34055177867412573 -2.0281132459640498 -1.6003720164299009 -0.37510187923908228 1.3669795393943789 -0.40229551494121546 0.16960648447275165 1.2348897457122805 -0.60262617468833912 -1.5910838246345518 -0.61298078298568714 -2.462729692459106
decision_type=2 2 2 2 2 2 2 2 2 2 2 2 2
left_child=2 4 10 11 8 6 -3 -5 -2 -6 -1 -4 -12
right_child=1 5 3 7 9 -7 -8 -9 -10 -11 12 -13 -14
leaf_value=-0.0017500030969977264 -0.00034196281839952254 6.5884190881044943e-06 -0.0013773606899739027 -0.00046093552017138615 -0.00019202526427086592 -0.001546415797595376 0.00046030566034590235 6.4397275435493166e-05 -0.0015382133089855558 9.6508054924073392e-05 -0.0013214758080058347 -0.00084325830795407234 -0.00053571236351972304
leaf_weight=11064 47453 36274 8282 51449 51217 1522 200128 17960 2487 131092 4645 11290 2510
leaf_count=11064 47453 36274 8282 51449 51217 1522 200128 17960 2487 131092 4645 11290 2510
internal_value=-7.22769e-07 0.000152556 -0.000673888 -0.000495725 -7.67109e-05 0.00037707 0.000391596 -0.000322335 -0.000411423 1.42315e-05 -0.00151834 -0.00109103 -0.00109508
internal_weight=577373 470173 107200 88981 232249 237924 236402 69409 49940 182309 18219 19572 7155
internal_count=577373 470173 107200 88981 232249 237924 236402 69409 49940 182309 18219 19572 7155
is_linear=0
shrinkage=0.01


Tree=16
num_leaves=15
num_cat=0
split_feature=4 1 3 3 3 3 2 3 9 3 1 3 3 4
split_gain=585.565 277.852 110.465 108.564 80.7711 54.4477 52.3749 39.6179 34.1206 17.9152 12.6305 10.6757 5.98546 1.61145
threshold=-1.3022685050964353 0.14569914340972903 -2.0281132459640498 -1.0550137758255003 1.2348897457122805 1.0212584733963015 -1.6003720164299009 -0.41730317473411555 -6.2126312255859366 -2.462729692459106 -1.7503370642662046 -0.72196573019027699 -3.60377025604248 -1.6089575886726377
decision_type=2 2 2 2 2 2 2 2 2 2 2 2 2 2
left_child=2 5 12 9 -5 7 11 -2 -8 -3 -7 -4 -1 -14
right_child=1 3 6 4 -6 10 8 -9 -10 -11 -12 -13 13 -15
leaf_value=-0.0019433439771776707 -0.00056271916294321084 -0.001338103709822327 -0.0014431638027075414 0.00033031320707282009 -0.0010878497426247986 -0.0019420818504000494 -0.0020434748097777097 -0.00011006141698070313 -0.00035268369351768421 -0.00034670255640614772 -0.00075180531751467235 -0.00079959300884463989 -0.0015018771495379322 -0.00089505656653618177
leaf_weight=5868 23678 2215 6852 334754 3811 1340 1102 113709 41098 14501 7900 10019 6046 4480
leaf_count=5868 23678 2215 6852 334754 3811 1340 1102 113709 41098 14501 7900 10019 6046 4480
internal_value=-7.64962e-07 0.000122472 -0.000821196 0.000273849 0.000313127 -0.00024283 -0.000610315 -0.000190233 -0.000410984 -0.000504161 -0.000983096 -0.00108653 -0.00155248 -0.00128376
internal_weight=577373 501908 75465 355281 338565 146627 59071 137387 42200 16716 9240 16871 16394 10526
internal_count=577373 501908 75465 355281 338565 146627 59071 137387 42200 16716 9240 16871 16394 10526
is_linear=0
shrinkage=0.01


Tree=17
num_leaves=15
num_cat=0
split_feature=4 1 3 3 3 4 2 1 9 2 3 6 3 1
split_gain=575.265 234.847 150.567 69.2067 63.4338 60.2323 57.694 53.1381 43.092 34.5635 17.4931 6.25522 5.97406 3.16749
threshold=-1.0880835056304929 0.34055177867412573 -1.0550137758255003 1.2348897457122805 1.3669795393943789 -0.40229551494121546 -1.6003720164299009 -0.72812247276306141 -6.2126312255859366 -1.3330700397491453 -1.9160559177398679 -1.6038511395454405 -2.9027111530303951 -0.37510187923908228
decision_type=2 2 2 2 2 2 2 2 2 2 2 2 2 2
left_child=2 3 9 7 5 -3 11 -2 -8 12 -11 -4 -1 -5
right_child=1 4 6 13 -6 -7 8 -9 -10 10 -12 -13 -14 -15
leaf_value=-0.001970148003848011 -0.00044098190420322749 4.1379706832914654e-06 -0.00014143997548861056 -0.0015135003218620011 -0.0015231331027416514 0.00045262496226325502 -0.0020474891623331083 1.2181843616402444e-05 -0.00018035262366608972 -0.0011687602694311246 -0.0005102985167832301 -0.0010146460581902451 -0.0012968392412203026 -0.0007195428992502913
leaf_weight=5069 29472 36274 1531 2487 1522 200128 1095 196751 54263 10156 10054 13150 11882 3539
leaf_count=5069 29472 36274 1531 2487 1522 200128 1095 196751 54263 10156 10054 13150 11882 3539
internal_value=-8.50097e-07 0.000149581 -0.000661544 -7.58994e-05 0.000370402 0.000384715 -0.000382471 -4.63097e-05 -0.000228123 -0.00117731 -0.000859201 -0.000940149 -0.00153047 -0.00111743
internal_weight=577373 470173 107200 232249 237924 236402 70039 226223 55358 37161 20210 14681 16951 6026
internal_count=577373 470173 107200 232249 237924 236402 70039 226223 55358 37161 20210 14681 16951 6026
is_linear=0
shrinkage=0.01


Tree=18
num_leaves=16
num_cat=0
split_feature=4 1 3 3 3 2 6 1 9 2 2 3 1 3 8
split_gain=564.872 215.63 193.482 69.6043 64.9463 63.1981 50.1363 46.3355 41.7964 36.943 35.885 15.6745 15.1274 10.0867 7.03188
threshold=-0.86018526554107655 0.34055177867412573 -1.0550137758255003 1.0212584733963015 1.2348897457122805 -1.6003720164299009 0.11999846622347833 -0.66213485598564137 -6.2126312255859366 -1.2983934879302976 1.1006094217300417 -2.1510498523712154 0.032747641205787666 -2.9027111530303951 0.16960648447275165
decision_type=2 2 2 2 2 2 2 2 2 2 2 2 2 2 2
left_child=2 3 9 7 6 14 -3 -2 -7 13 -6 -11 -5 -1 -4
right_child=1 4 5 12 10 8 -8 -9 -10 11 -12 -13 -14 -15 -16
leaf_value=-0.0019608236404459189 -0.00039633615299750915 0.00022700610710534681 -0.00093192915882191944 -0.0011124320975249946 0 -0.0019583528702834321 0.00053470926564580328 5.1664343589930154e-05 -0.00015970490545243497 -0.0011794120671168853 -0.0024561327765162183 -0.00057917329515260363 -0.00031515797372077181 -0.0012384045182333399 0
leaf_weight=5306 26503 94403 15267 6704 1165 1139 131295 169313 82425 8986 1000 14359 5281 12921 1306
leaf_count=5306 26503 94403 15267 6704 1165 1139 131295 169313 82425 8986 1000 14359 5281 12921 1306
internal_value=-9.11019e-07 0.000177155 -0.000549237 -5.4967e-05 0.00038958 -0.000307265 0.000407206 -8.29313e-06 -0.000191226 -0.00112304 -0.00124242 -0.000826768 -0.000788479 -0.00147856 -0.000871174
internal_weight=577373 435664 141709 207801 227863 100137 225698 195816 83564 41572 2165 23345 11985 18227 16573
internal_count=577373 435664 141709 207801 227863 100137 225698 195816 83564 41572 2165 23345 11985 18227 16573
is_linear=0
shrinkage=0.01


Tree=19
num_leaves=15
num_cat=0
split_feature=2 3 3 3 1 2 2 2 6 3 3 4 4 8
split_gain=555.969 189.305 162.132 168.248 112.15 70.7827 51.3989 45.2982 33.6416 24.8592 19.2187 15.515 10.5357 5.52066
threshold=-0.57207393646240223 -0.72196573019027699 1.2348897457122805 -1.0550137758255003 0.53977954387664806 1.3972815275192263 -1.6387761235237119 -1.6003720164299009 0.14884141087532046 -2.462729692459106 0.54091903567314159 0.6071077585220338 -1.364391505718231 0.087740603834390654
decision_type=2 2 2 2 2 2 2 2 2 2 2 2 2 2
left_child=1 6 3 9 -5 13 12 11 -8 -2 -9 -3 -1 -4
right_child=2 7 5 4 -6 -7 8 10 -10 -11 -12 -13 -14 -15
leaf_value=-0.001686012167266483 -0.0012858536875611304 -0.00077134213864414407 -0.001133273543945408 0.00021304264477806198 0.00070445690138814859 -0.0029220757245247771 -0.00092326660568129977 -9.5857702298594389e-05 -8.2887143257784752e-05 -0.00041235302587715075 -0.00039504750140920098 0 -0.00076743209670880749 -0.00025398756109445763
leaf_weight=11260 4424 19800 1316 311528 55125 1821 26561 81934 6499 17523 30482 2662 2992 3446
leaf_count=11260 4424 19800 1316 311528 55125 1821 26561 81934 6499 17523 30482 2662 2992 3446
internal_value=-9.69145e-07 -0.000458039 0.000209371 0.000236449 0.000287814 -0.00131942 -0.00100257 -0.000264347 -0.000765568 -0.000607483 -0.000179318 -0.000675735 -0.0015203 -0.000573172
internal_weight=577373 182190 395183 388600 366653 6583 47312 134878 33060 21947 112416 22462 14252 4762
internal_count=577373 182190 395183 388600 366653 6583 47312 134878 33060 21947 112416 22462 14252 4762
is_linear=0
shrinkage=0.01


Tree=20
num_leaves=15
num_cat=0
split_feature=4 1 3 3 3 2 6 1 9 3 2 3 8 4
split_gain=545.03 208.965 186.158 72.4921 64.5562 60.4852 51.8872 45.8845 40.3161 35.8493 23.2443 22.3411 6.88211 2.30573
threshold=-0.86018526554107655 0.35435530543327337 -1.0550137758255003 0.88184291124343883 1.3669795393943789 -1.6003720164299009 0.11999846622347833 -0.66213485598564137 -6.2126312255859366 -3.60377025604248 -1.2655140757560728 1.2348897457122805 0.16960648447275165 -1.5072475671768186
decision_type=2 2 2 2 2 2 2 2 2 2 2 2 2 2
left_child=2 3 9 7 6 12 -3 -2 -7 13 -11 -5 -4 -1
right_child=1 4 5 11 -6 8 -8 -9 -10 10 -12 -13 -14 -15
leaf_value=-0.0019889954408612858 -0.00037961402862225345 0.0002219301522544738 -0.00091401254713567419 -0.00036797131234356137 -0.0015918412569677896 -0.0019245050376574312 0.00054229850298987412 7.6950680989904089e-05 -0.00015762657100625032 -0.0012676200607273477 -0.00069414000118021347 -0.0011264127893280869 0 -0.00075415470343459425
leaf_weight=5226 24999 90113 15267 16650 1392 1139 125038 171724 82425 15387 19867 5748 1306 1092
leaf_count=5226 24999 90113 15267 16650 1392 1139 125038 171724 82425 15387 19867 5748 1306 1092
internal_value=-1.02262e-06 0.000173882 -0.000539638 -4.30257e-05 0.000394132 -0.000302233 0.000409376 1.75895e-05 -0.000188635 -0.00110252 -0.000955822 -0.000579707 -0.000854014 -0.00183594
internal_weight=577373 435664 141709 219121 216543 100137 215151 196723 83564 41572 35254 22398 16573 6318
internal_count=577373 435664 141709 219121 216543 100137 215151 196723 83564 41572 35254 22398 16573 6318
is_linear=0
shrinkage=0.01


Tree=21
num_leaves=15
num_cat=0
split_feature=2 3 3 3 1 2 2 2 6 3 3 3 4 8
split_gain=536.546 182.384 156.743 163.105 109.03 69.2994 49.7211 43.4137 32.6428 24.0838 18.6847 15.4592 10.0285 5.45371
threshold=-0.57207393646240223 -0.72196573019027699 1.2348897457122805 -1.0550137758255003 0.53977954387664806 1.3972815275192263 -1.6387761235237119 -1.6003720164299009 0.14884141087532046 -2.462729692459106 0.54091903567314159 1.5428064465522768 -1.364391505718231 0.087740603834390654
decision_type=2 2 2 2 2 2 2 2 2 2 2 2 2 2
left_child=1 6 3 9 -5 13 12 11 -8 -2 -9 -3 -1 -4
right_child=2 7 5 4 -6 -7 8 10 -10 -11 -12 -13 -14 -15
leaf_value=-0.001656399134824681 -0.0012667913579843082 -0.00057019857584817508 -0.0011141137199876844 0.00020902901975566209 0.00069358155179666714 -0.0028830460043685782 -0.00090666560150303322 -9.4303650607908742e-05 -7.8571541540356385e-05 -0.00040636210386822236 -0.00038937522607423449 -0.0017100174202000005 -0.00075470253405042172 -0.00024289804222479871
leaf_weight=11260 4424 21097 1316 311528 55125 1821 26561 81934 6499 17523 30482 1365 2992 3446
leaf_count=11260 4424 21097 1316 311528 55125 1821 26561 81934 6499 17523 30482 1365 2992 3446
internal_value=-1.07563e-06 -0.000450096 0.000205552 0.000232184 0.000282763 -0.00129754 -0.000984614 -0.000259939 -0.000751342 -0.000598709 -0.000176639 -0.00066277 -0.001494 -0.00055917
internal_weight=577373 182190 395183 388600 366653 6583 47312 134878 33060 21947 112416 22462 14252 4762
internal_count=577373 182190 395183 388600 366653 6583 47312 134878 33060 21947 112416 22462 14252 4762
is_linear=0
shrinkage=0.01


Tree=22
num_leaves=16
num_cat=0
split_feature=4 1 3 1 3 2 6 9 3 3 2 2 3 4 4
split_gain=526.146 197.324 181.744 65.9415 61.8046 56.9225 48.2099 39.0767 38.3998 34.735 33.7281 22.3351 19.4225 7.24546 2.77082
threshold=-0.84526836872100819 0.34055177867412573 -1.0550137758255003 -0.66213485598564137 1.2348897457122805 -1.6003720164299009 0.11999846622347833 -6.2126312255859366 0.88184291124343883 -3.60377025604248 1.1006094217300417 -1.2655140757560728 1.0212584733963015 -1.0732416510581968 -1.5072475671768186
decision_type=2 2 2 2 2 2 2 2 2 2 2 2 2 2 2
left_child=2 3 9 12 6 13 -3 -7 -5 14 -6 -11 -2 -4 -1
right_child=1 4 5 8 10 7 -8 -9 -10 11 -12 -13 -14 -15 -16
leaf_value=-0.0019579162577143465 -0.00038843483474138658 0.00021598764991101656 -0.00090412019842892966 7.0519701157263414e-05 0 -0.0018936553221448734 0.00051826495734056245 -0.00015552587599510886 -0.00042380154490900005 -0.0012432217002934303 -0.0023928109205890603 -0.00068186392811129626 -0.0012861176122472915 -9.5164772550991115e-05 -0.00072190539005594241
leaf_weight=5226 26248 93987 14829 160008 1160 1141 130948 84376 17181 15406 1000 20086 2819 1859 1099
leaf_count=5226 26248 93987 14829 160008 1160 1141 130948 84376 17181 15406 1000 20086 2819 1859 1099
internal_value=-1.13824e-06 0.000172564 -0.000524695 -5.04921e-05 0.000375897 -0.000293707 0.000393154 -0.000185414 2.1037e-05 -0.00108041 -0.00121743 -0.000936737 -0.000490522 -0.000828042 -0.00180251
internal_weight=577373 433351 144022 206256 227095 102205 224935 85517 177189 41817 2160 35492 29067 16688 6325
internal_count=577373 433351 144022 206256 227095 102205 224935 85517 177189 41817 2160 35492 29067 16688 6325
is_linear=0
shrinkage=0.01


Tree=23
num_leaves=15
num_cat=0
split_feature=2 3 3 3 1 2 2 2 6 3 3 3 4 8
split_gain=517.788 175.7 151.901 158.108 106.046 67.3982 48.1029 41.6552 31.6754 23.3368 18.1677 15.1675 9.52848 5.35682
threshold=-0.57207393646240223 -0.72196573019027699 1.2348897457122805 -1.0550137758255003 0.53977954387664806 1.3972815275192263 -1.6387761235237119 -1.6003720164299009 0.14884141087532046 -2.462729692459106 0.54091903567314159 1.5428064465522768 -1.364391505718231 0.087740603834390654
decision_type=2 2 2 2 2 2 2 2 2 2 2 2 2 2
left_child=1 6 3 9 -5 13 12 11 -8 -2 -9 -3 -1 -4
right_child=2 7 5 4 -6 -7 8 10 -10 -11 -12 -13 -14 -15
leaf_value=-0.001627246861260202 -0.0012480245771791982 -0.00055860830567931014 -0.0010984639616392548 0.00020508418466656309 0.00068298327677465101 -0.0028416614557999703 -0.00089033917533313676 -9.2739893375024614e-05 -7.4329288760651457e-05 -0.00040039716517186504 -0.00038376720322518925 -0.0016871290308119844 -0.00074243029761583289 -0.00023570644842963709
leaf_weight=11260 4424 21097 1316 311528 55125 1821 26561 81934 6499 17523 30482 1365 2992 3446
leaf_count=11260 4424 21097 1316 311528 55125 1821 26561 81934 6499 17523 30482 1365 2992 3446
internal_value=-1.19378e-06 -0.000442301 0.000201784 0.000228008 0.000277813 -0.00127785 -0.000966964 -0.000255622 -0.000737351 -0.000590017 -0.00017397 -0.000650297 -0.00146818 -0.000549105
internal_weight=577373 182190 395183 388600 366653 6583 47312 134878 33060 21947 112416 22462 14252 4762
internal_count=577373 182190 395183 388600 366653 6583 47312 134878 33060 21947 112416 22462 14252 4762
is_linear=0
shrinkage=0.01


Tree=24
num_leaves=16
num_cat=0
split_feature=4 1 3 3 3 2 1 6 9 3 2 2 4 4 1
split_gain=507.907 191.002 174.766 64.1674 59.797 54.6321 49.5489 47.1583 37.6875 33.9146 32.8089 21.438 7.067 2.67915 2.22284
threshold=-0.84526836872100819 0.34055177867412573 -1.0550137758255003 1.2348897457122805 1.2348897457122805 -1.6003720164299009 -0.66213485598564137 0.11999846622347833 -6.2126312255859366 -3.60377025604248 1.1006094217300417 -1.2655140757560728 -1.0732416510581968 -1.5072475671768186 -0.37510187923908228
decision_type=2 2 2 2 2 2 2 2 2 2 2 2 2 2 2
left_child=2 3 9 6 7 12 -2 -3 -7 13 -6 -11 -4 -1 -5
right_child=1 4 5 14 10 8 -8 -9 -10 11 -12 -13 -14 -15 -16
leaf_value=-0.0019273432539264692 -0.00041358558350843797 0.00021120415296918774 -0.00088773034535173602 -0.0014733620343161857 0 -0.0018608577812811405 4.2459438197081283e-05 0.00051017802810394888 -0.00015353026838614634 -0.0012192887239774455 -0.0023567046751733871 -0.00066848801037963331 -8.8702955200902715e-05 -0.00070683927940304401 -0.00070030003641306056
leaf_weight=5226 27366 93987 14829 2270 1160 1141 173311 130948 84376 15406 1000 20086 1859 1099 3309
leaf_count=5226 27366 93987 14829 2270 1160 1141 173311 130948 84376 15406 1000 20086 1859 1099 3309
internal_value=-1.25454e-06 0.000169404 -0.000515662 -5.00362e-05 0.000369456 -0.000289095 -1.90849e-05 0.000386442 -0.000182932 -0.00106064 -0.00119745 -0.00091867 -0.000812668 -0.00177409 -0.00108956
internal_weight=577373 433351 144022 206256 227095 102205 200677 224935 85517 41817 2160 35492 16688 6325 5579
internal_count=577373 433351 144022 206256 227095 102205 200677 224935 85517 41817 2160 35492 16688 6325 5579
is_linear=0
shrinkage=0.01


Tree=25
num_leaves=15
num_cat=0
split_feature=2 3 3 3 1 2 2 2 6 3 3 4 4 8
split_gain=499.605 169.256 146.911 153.236 103.172 65.6566 46.5403 39.9505 30.744 22.6144 17.7225 14.8667 9.056 5.26592
threshold=-0.57207393646240223 -0.72196573019027699 1.2348897457122805 -1.0550137758255003 0.53977954387664806 1.3972815275192263 -1.6387761235237119 -1.6003720164299009 0.14884141087532046 -2.462729692459106 0.55099895596504223 0.6071077585220338 -1.364391505718231 0.087740603834390654
decision_type=2 2 2 2 2 2 2 2 2 2 2 2 2 2
left_child=1 6 3 9 -5 13 12 11 -8 -2 -9 -3 -1 -4
right_child=2 7 5 4 -6 -7 8 10 -10 -11 -12 -13 -14 -15
leaf_value=-0.0015986147973886882 -0.0012295252355916939 -0.00073176689056030585 -0.001081007618354486 0.00020115428055378926 0.00067255359201824638 -0.0028004913001237388 -0.00087427686892733504 -9.2555122364725256e-05 -7.0088951822849511e-05 -0.00039448030780108324 -0.00038262031404297947 0 -0.00073021489965208913 -0.00022698490385752432
leaf_weight=11260 4424 19800 1316 311528 55125 1821 26561 82787 6499 17523 29629 2662 2992 3446
leaf_count=11260 4424 19800 1316 311528 55125 1821 26561 82787 6499 17523 29629 2662 2992 3446
internal_value=-1.3102e-06 -0.000434609 0.000198065 0.000223863 0.000272901 -0.00125699 -0.000949592 -0.000251346 -0.000723573 -0.00058142 -0.000171326 -0.00063795 -0.00144277 -0.000537363
internal_weight=577373 182190 395183 388600 366653 6583 47312 134878 33060 21947 112416 22462 14252 4762
internal_count=577373 182190 395183 388600 366653 6583 47312 134878 33060 21947 112416 22462 14252 4762
is_linear=0
shrinkage=0.01


Tree=26
num_leaves=15
num_cat=0
split_feature=4 1 3 3 3 1 6 1 3 6 3 3 2 4
split_gain=490.086 185.084 168.128 66.5967 59.3041 52.5871 48.8376 42.9974 33.1141 26.9652 22.2827 20.6024 20.5758 2.5901
threshold=-0.84526836872100819 0.35435530543327337 -1.0550137758255003 0.88184291124343883 1.3669795393943789 -0.026441983878612515 0.11999846622347833 -0.66213485598564137 -3.60377025604248 -0.108120109885931 1.3669795393943789 1.2348897457122805 -1.2655140757560728 -1.5072475671768186
decision_type=2 2 2 2 2 2 2 2 2 2 2 2 2 2
left_child=2 3 8 7 6 10 -3 -2 13 -7 -4 -5 -10 -1
right_child=1 4 5 11 -6 9 -8 -9 12 -11 -12 -13 -14 -15
leaf_value=-0.0018972678761182639 -0.00036681005866803453 0.00020603519464788592 -0.00046929599977045409 -0.00034986216613828362 -0.0015312630101835573 -0.00066422047965308025 0.00051739959641544284 7.7234212676640228e-05 -0.0011958000699410119 1.3066610518610732e-05 -0.0015598865301878241 -0.0010809244157649425 -0.00065535646071766059 -0.00069204535585160639
leaf_weight=5226 24748 89722 46091 16580 1388 6427 124719 170473 15406 47693 1994 5721 20086 1099
leaf_count=5226 24748 89722 46091 16580 1388 6427 124719 170473 15406 47693 1994 5721 20086 1099
internal_value=-1.3575e-06 0.000166274 -0.000506666 -3.87661e-05 0.000373693 -0.000284386 0.00038837 1.96019e-05 -0.00104124 -6.58319e-05 -0.000524937 -0.000554235 -0.000900936 -0.00174614
internal_weight=577373 433351 144022 217522 215829 102205 214441 195221 41817 54120 48085 22301 35492 6325
internal_count=577373 433351 144022 217522 215829 102205 214441 195221 41817 54120 48085 22301 35492 6325
is_linear=0
shrinkage=0.01


Tree=27
num_leaves=15
num_cat=0
split_feature=2 3 3 3 1 2 3 3 2 0 3 1 2 8
split_gain=481.892 163.903 142.223 148.537 100.301 64.5183 59.1336 43.4282 29.2506 24.1299 21.9127 16.9419 8.54874 5.20593
threshold=-0.57207393646240223 -0.41730317473411555 1.2348897457122805 -1.0550137758255003 0.53977954387664806 1.3972815275192263 -2.0281132459640498 1.0783194899559023 -1.6190616488456724 0.26593969762325292 -2.462729692459106 -1.5246364474296568 -1.7893295884132383 0.087740603834390654
decision_type=2 2 2 2 2 2 2 2 2 2 2 2 2 2
left_child=1 6 3 10 -5 13 12 9 -8 -3 -2 -9 -1 -4
right_child=2 7 5 4 -6 -7 8 11 -10 -11 -12 -13 -14 -15
leaf_value=-0.0019395975541513842 -0.0012113443374887995 -0.00026451692846775923 -0.0010627678980964592 0.00019732955524830637 0.0006621468918804167 -0.0027668518189943704 -0.0010817588285327009 -0.0018890899001091038 -0.00048440164808240531 3.8101277838823339e-05 -0.00038870786824488719 -0.00059452659827124413 -0.0011654527486182292 -0.00021636378873957402
leaf_weight=3677 4424 73645 1316 311528 55125 1821 12232 1626 34519 39247 17523 4980 12264 3446
leaf_count=3677 4424 73645 1316 311528 55125 1821 12232 1626 34519 39247 17523 4980 12264 3446
internal_value=-1.39812e-06 -0.000426952 0.000194405 0.000219794 0.000268081 -0.00123719 -0.000841321 -0.000206849 -0.000648897 -0.000157662 -0.000573004 -0.000988705 -0.00137823 -0.000523986
internal_weight=577373 182190 395183 388600 366653 6583 62692 119498 46751 112892 21947 6606 15941 4762
internal_count=577373 182190 395183 388600 366653 6583 62692 119498 46751 112892 21947 6606 15941 4762
is_linear=0
shrinkage=0.01


Tree=28
num_leaves=15
num_cat=0
split_feature=4 1 3 3 3 2 6 1 9 3 2 3 4 4
split_gain=473.146 179.092 161.724 64.8659 57.394 51.0947 47.786 41.5941 35.5439 32.119 19.8107 19.7067 6.91199 2.52304
threshold=-0.84526836872100819 0.35435530543327337 -1.0550137758255003 0.88184291124343883 1.3669795393943789 -1.6003720164299009 0.11999846622347833 -0.66213485598564137 -6.2126312255859366 -3.60377025604248 -1.2655140757560728 1.2348897457122805 -1.0732416510581968 -1.5072475671768186
decision_type=2 2 2 2 2 2 2 2 2 2 2 2 2 2
left_child=2 3 9 7 6 12 -3 -2 -7 13 -11 -5 -4 -1
right_child=1 4 5 11 -6 8 -8 -9 -10 10 -12 -13 -14 -15
leaf_value=-0.001865888941786362 -0.00036087274191511185 0.00020136123677325722 -0.00086028983598179993 -0.00034671569671470984 -0.0015063419489170045 -0.001806967481949952 0.00050936488312107941 7.5860530082798099e-05 -0.00014850078499417549 -0.0011736188561874063 -0.00064262099574710727 -0.0010629513395951703 -7.317590570432823e-05 -0.00067572725423431751
leaf_weight=5226 24748 89722 14829 16580 1388 1141 124719 170473 84376 15406 20086 5721 1859 1099
leaf_count=5226 24748 89722 14829 16580 1388 1141 124719 170473 84376 15406 20086 5721 1859 1099
internal_value=-1.45392e-06 0.000163249 -0.000497958 -3.84313e-05 0.000367284 -0.000279896 0.000381736 1.91601e-05 -0.000177126 -0.0010223 -0.000883999 -0.000547159 -0.000786355 -0.00171679
internal_weight=577373 433351 144022 217522 215829 102205 214441 195221 85517 41817 35492 22301 16688 6325
internal_count=577373 433351 144022 217522 215829 102205 214441 195221 85517 41817 35492 22301 16688 6325
is_linear=0
shrinkage=0.01


Tree=29
num_leaves=15
num_cat=0
split_feature=3 1 3 1 3 4 3 9 2 6 6 3 1 2
split_gain=465.39 276.509 91.1454 78.8886 76.9154 56.6892 49.0708 33.7986 32.3692 28.7069 23.4727 13.3771 11.6803 3.38105
threshold=-0.72196573019027699 0.090692572295665755 -2.2965553998947139 0.53977954387664806 1.2348897457122805 -0.30099482834339136 1.2348897457122805 0.092859849333763136 -1.6387761235237119 0.18562854081392291 0.041451960802078254 -4.2125575542449942 -1.5246364474296568 -1.3509529232978819
decision_type=2 2 2 2 2 2 2 2 2 2 2 2 2 2
left_child=2 4 11 6 9 8 -3 -5 -4 -2 -7 -1 -6 -13
right_child=1 3 5 7 12 10 -8 -9 -10 -11 -12 13 -14 -15
leaf_value=-0.0018856803253826404 -0.00028954172029192662 0.00021317042464795633 -0.00126391858116586 0.00088561090145521245 -0.0021598153207569061 -0.00062617537974114551 -0.00087119967722277256 0.00037214366391693815 -0.00054804120254105747 4.2741225667975513e-05 0.0002428268281943502 -0.0013864561541864801 -0.00092356358780949581 -0.00084419892302619161
leaf_weight=4580 101605 293442 8303 25225 1616 4018 3971 31035 40127 33519 11560 5632 4663 8077
leaf_count=4580 101605 293442 8303 25225 1616 4018 3971 31035 40127 33519 11560 5632 4663 8077
internal_value=-1.50086e-06 0.000113984 -0.000697241 0.000263661 -0.000258816 -0.000511362 0.000197444 0.000608228 -0.00067958 -0.000205696 9.14929e-07 -0.0013244 -0.00132945 -0.00109808
internal_weight=577373 495076 82297 353673 141403 64008 297413 56260 48430 135124 15578 18289 6279 13709
internal_count=577373 495076 82297 353673 141403 64008 297413 56260 48430 135124 15578 18289 6279 13709
is_linear=0
shrinkage=0.01


Tree=30
num_leaves=15
num_cat=0
split_feature=2 3 3 3 1 2 3 3 3 2 0 1 2 8
split_gain=458.377 155.53 135.834 141.979 88.7049 63.444 55.6153 41.2643 33.1672 27.6217 23.2181 16.3852 8.36393 5.16556
threshold=-0.57207393646240223 -0.41730317473411555 1.2348897457122805 -0.69839921593666066 0.53977954387664806 1.3972815275192263 -2.0281132459640498 1.0783194899559023 -2.462729692459106 -1.6190616488456724 0.26593969762325292 -1.5246364474296568 -1.7893295884132383 0.087740603834390654
decision_type=2 2 2 2 2 2 2 2 2 2 2 2 2 2
left_child=1 6 3 8 -5 13 12 10 -2 -8 -3 -9 -1 -4
right_child=2 7 5 4 -6 -7 9 11 -10 -11 -12 -13 -14 -15
leaf_value=-0.001894360186790989 -0.0011830623941687733 -0.00025893932764853582 -0.0010363116021542829 0.0002078603902064593 0.00065396518432077181 -0.0027254582860335185 -0.0010544598245168985 -0.0018496264637981388 -0.00025308937693364181 -0.00047314138183140319 3.7839961917591033e-05 -0.00057650631464720918 -0.0011318378416068043 -0.00019889799955751287
leaf_weight=3677 4424 73645 1316 299320 53038 1821 12232 1626 31818 34519 39247 4980 12264 3446
leaf_count=3677 4424 73645 1316 299320 53038 1821 12232 1626 31818 34519 39247 4980 12264 3446
internal_value=-1.53099e-06 -0.000416581 0.000189426 0.00021425 0.00027591 -0.00120955 -0.000820259 -0.000202112 -0.000377968 -0.000633342 -0.000154111 -0.000964402 -0.00134141 -0.000503069
internal_weight=577373 182190 395183 388600 352358 6583 62692 119498 36242 46751 112892 6606 15941 4762
internal_count=577373 182190 395183 388600 352358 6583 62692 119498 36242 46751 112892 6606 15941 4762
is_linear=0
shrinkage=0.01


Tree=31
num_leaves=16
num_cat=0
split_feature=4 1 3 3 3 1 6 1 2 3 6 3 2 1 4
split_gain=450.001 170.722 152.349 58.3935 53.892 48.902 44.0871 38.8959 31.286 30.4982 26.1695 20.5378 18.709 13.3681 2.52581
threshold=-0.84526836872100819 0.34055177867412573 -1.0550137758255003 1.0212584733963015 1.2348897457122805 -0.026441983878612515 0.11999846622347833 -0.69608125090599049 1.1006094217300417 -3.60377025604248 -0.108120109885931 1.3669795393943789 -1.2655140757560728 0.032747641205787666 -1.5072475671768186
decision_type=2 2 2 2 2 2 2 2 2 2 2 2 2 2 2
left_child=2 3 9 7 6 11 -3 -2 -6 14 -7 -4 -11 -5 -1
right_child=1 4 5 13 8 10 -8 -9 -10 12 -12 -13 -14 -15 -16
leaf_value=-0.0018190757506314924 -0.00037203988902084501 0.00019488187910028835 -0.00045236277299338733 -0.0010268452642579278 0 -0.00065273454568438025 0.00048395140895321996 4.8235746316928072e-05 -0.0022706565009430052 -0.001141670881228589 1.4513563462765964e-05 -0.0015014801610158477 -0.00062454244429890969 -0.00027482398361238088 -0.00064761406584855493
leaf_weight=5226 25093 93987 46091 6668 1160 6427 130948 169236 1000 15406 47693 1994 20086 5259 1099
leaf_count=5226 25093 93987 46091 6668 1160 6427 130948 169236 1000 15406 47693 1994 20086 5259 1099
internal_value=-1.58401e-06 0.000159031 -0.0004858 -4.83869e-05 0.000348173 -0.00027406 0.000364335 -5.33151e-06 -0.0011384 -0.000994786 -6.31549e-05 -0.000506049 -0.000859755 -0.000721748 -0.00167227
internal_weight=577373 433351 144022 206256 227095 102205 224935 194329 2160 41817 54120 48085 35492 11927 6325
internal_count=577373 433351 144022 206256 227095 102205 224935 194329 2160 41817 54120 48085 35492 11927 6325
is_linear=0
shrinkage=0.01


Tree=32
num_leaves=15
num_cat=0
split_feature=2 3 3 3 1 2 3 3 3 2 0 1 2 8
split_gain=442.056 150.349 131.711 137.834 86.2672 61.9772 53.4983 39.831 32.1151 26.7936 22.5121 16.0443 8.18701 5.07412
threshold=-0.57207393646240223 -0.41730317473411555 1.2348897457122805 -0.69839921593666066 0.53977954387664806 1.3972815275192263 -2.0281132459640498 1.0783194899559023 -2.462729692459106 -1.6190616488456724 0.26593969762325292 -1.5246364474296568 -1.7893295884132383 0.087740603834390654
decision_type=2 2 2 2 2 2 2 2 2 2 2 2 2 2
left_child=1 6 3 8 -5 13 12 10 -2 -8 -3 -9 -1 -4
right_child=2 7 5 4 -6 -7 9 11 -10 -11 -12 -13 -14 -15
leaf_value=-0.0018640261994748776 -0.0011656131508238526 -0.00025435809290563679 -0.0010207706007036848 0.00020398845123143113 0.00064394598453249876 -0.0026899061244458535 -0.0010375402059686458 -0.0018228780304457635 -0.0002501044869040226 -0.00046471739109775549 3.7825728972824492e-05 -0.0005635198008665358 -0.0011103512255858814 -0.00019171723738971652
leaf_weight=3677 4424 73645 1316 299320 53038 1821 12232 1626 31818 34519 39247 4980 12264 3446
leaf_count=3677 4424 73645 1316 299320 53038 1821 12232 1626 31818 34519 39247 4980 12264 3446
internal_value=-1.62309e-06 -0.000409222 0.000185897 0.000210348 0.000271107 -0.00119162 -0.000806135 -0.000198321 -0.000373131 -0.000622633 -0.000151124 -0.000947342 -0.00131753 -0.000493045
internal_weight=577373 182190 395183 388600 352358 6583 62692 119498 36242 46751 112892 6606 15941 4762
internal_count=577373 182190 395183 388600 352358 6583 62692 119498 36242 46751 112892 6606 15941 4762
is_linear=0
shrinkage=0.01


Tree=33
num_leaves=15
num_cat=0
split_feature=4 3 1 1 3 3 6 2 3 1 4 6 3 3
split_gain=434.398 191.133 152.568 67.7031 54.2903 53.9318 37.9415 35.0059 33.3187 32.6689 24.2352 16.8164 13.331 8.94823
threshold=-0.53420642018318165 -1.0550137758255003 0.35435530543327337 0.090692572295665755 1.3669795393943789 0.88184291124343883 0.11999846622347833 -1.2983934879302976 1.2348897457122805 -0.31803913414478296 -1.5072475671768186 -0.49440857768058771 -2.1510498523712154 -2.9027111530303951
decision_type=2 2 2 2 2 2 2 2 2 2 2 2 2 2
left_child=1 7 5 8 6 9 -4 13 -3 -2 -5 -7 -9 -1
right_child=2 3 4 10 -6 11 -8 12 -10 -11 -12 -13 -14 -15
leaf_value=-0.0017477726751321931 -0.00023435177755893458 -0.00037893210821840799 0.00022802455898437627 -0.00060023451152691365 -0.0014803517221561719 -0.0014891296133996462 0.0005154746920394593 -0.0010191901130960843 -0.0014847059914478353 0.0001158809187414253 5.5476277595792004e-05 -0.00039192153618256844 -0.00049911502030963956 -0.0010838382914963426
leaf_weight=5375 32892 69390 82011 5944 1315 1549 116451 9636 2820 132537 68017 18674 17371 13391
leaf_count=5375 32892 69390 82011 5944 1315 1549 116451 9636 2820 132537 68017 18674 17371 13391
internal_value=-1.67453e-06 -0.000390468 0.000191528 -0.000211498 0.000383214 -1.38556e-05 0.000398047 -0.000954234 -0.000428859 4.48383e-05 0 -0.000499516 -0.000698155 -0.00130097
internal_weight=577373 191944 385429 146171 199777 185652 198462 45773 72210 165429 73961 20223 27007 18766
internal_count=577373 191944 385429 146171 199777 185652 198462 45773 72210 165429 73961 20223 27007 18766
is_linear=0
shrinkage=0.01


Tree=34
num_leaves=15
num_cat=0
split_feature=3 1 3 3 1 3 4 2 2 6 6 3 1 2
split_gain=427.462 253.967 93.8034 73.2181 77.1445 71.5599 62.5527 57.0013 32.4322 29.1879 20.6196 12.9211 11.4593 3.0178
threshold=-0.61298078298568714 0.090692572295665755 -2.2965553998947139 1.2348897457122805 0.53977954387664806 1.3669795393943789 -0.31621141731739039 1.3972815275192263 -1.6387761235237119 0.18562854081392291 0.041451960802078254 -4.2125575542449942 -1.5246364474296568 -1.3509529232978819
decision_type=2 2 2 2 2 2 2 2 2 2 2 2 2 2
left_child=2 5 11 4 -3 9 8 -5 -4 -2 -8 -1 -7 -13
right_child=1 3 6 7 -6 12 10 -9 -10 -11 -12 13 -14 -15
leaf_value=-0.0018151382938824754 -0.00028290004224366689 0.00021341277426723202 -0.0011863403038562368 -0.00019212610881957706 0.00062723425730649475 -0.0022282184959713184 -0.00051237303357225738 -0.0026227635582744767 -0.00051050623395815752 5.6009150694301471e-05 0.00021108348783129124 -0.0013215727683559193 -0.0009082575818647043 -0.00080117273137310624
leaf_weight=4580 99052 287568 9221 3737 54259 1436 5115 1232 45933 32846 14831 5632 3854 8077
leaf_count=4580 99052 287568 9221 3737 54259 1436 5115 1232 45933 32846 14831 5632 3854 8077
internal_value=-1.71144e-06 0.000117527 -0.000620727 0.000261847 0.000280013 -0.000245691 -0.000457877 -0.000911627 -0.000630988 -0.000197032 1.23862e-05 -0.00126643 -0.00137112 -0.00104527
internal_weight=577373 483984 93389 346796 341827 137188 75100 4969 55154 131898 19946 18289 5290 13709
internal_count=577373 483984 93389 346796 341827 137188 75100 4969 55154 131898 19946 18289 5290 13709
is_linear=0
shrinkage=0.01


Tree=35
num_leaves=15
num_cat=0
split_feature=2 3 3 3 1 2 3 3 2 0 3 1 2 8
split_gain=419.85 142.584 125.903 131.068 88.7494 59.7805 50.1771 37.8571 25.4867 21.6397 19.0646 15.4246 8.00945 4.94624
threshold=-0.57207393646240223 -0.41730317473411555 1.2348897457122805 -1.0550137758255003 0.53977954387664806 1.3972815275192263 -2.0281132459640498 1.0783194899559023 -1.6190616488456724 0.26593969762325292 -2.462729692459106 -1.5246364474296568 -1.7893295884132383 0.087740603834390654
decision_type=2 2 2 2 2 2 2 2 2 2 2 2 2 2
left_child=1 6 3 10 -5 13 12 9 -8 -3 -2 -9 -1 -4
right_child=2 7 5 4 -6 -7 8 11 -10 -11 -12 -13 -14 -15
leaf_value=-0.0018195129932549478 -0.0011368378582930186 -0.0002487102776992904 -0.00099902406920562804 0.00018368308453119007 0.00062103697875346504 -0.0026373138437504966 -0.0010125053913758316 -0.0017826591513999701 -0.00045323146329546814 3.7692578656686699e-05 -0.00036647685635164408 -0.00054692718550552978 -0.0010772909619386763 -0.00018175164594814883
leaf_weight=3677 4424 73645 1316 311528 55125 1821 12232 1626 34519 39247 17523 4980 12264 3446
leaf_count=3677 4424 73645 1316 311528 55125 1821 12232 1626 34519 39247 17523 4980 12264 3446
internal_value=-1.75417e-06 -0.000398992 0.000180987 0.000204903 0.000250286 -0.00116574 -0.00078555 -0.000193549 -0.00060751 -0.000147483 -0.000539658 -0.000923923 -0.00128131 -0.000479078
internal_weight=577373 182190 395183 388600 366653 6583 62692 119498 46751 112892 21947 6606 15941 4762
internal_count=577373 182190 395183 388600 366653 6583 62692 119498 46751 112892 21947 6606 15941 4762
is_linear=0
shrinkage=0.01


Tree=36
num_leaves=15
num_cat=0
split_feature=4 3 1 1 3 3 6 2 3 1 4 6 3 3
split_gain=413.702 180.053 145.55 64.0563 52.1227 51.8147 37.0674 33.2999 31.628 31.0736 23.2053 16.2897 12.48 8.45523
threshold=-0.53420642018318165 -1.0550137758255003 0.35435530543327337 0.090692572295665755 0.88184291124343883 1.3669795393943789 0.11999846622347833 -1.2983934879302976 1.2348897457122805 -0.31803913414478296 -1.5072475671768186 -0.49440857768058771 -2.1510498523712154 -2.9027111530303951
decision_type=2 2 2 2 2 2 2 2 2 2 2 2 2 2
left_child=1 7 4 8 9 6 -4 13 -3 -2 -5 -6 -9 -1
right_child=2 3 5 10 11 -7 -8 12 -10 -11 -12 -13 -14 -15
leaf_value=-0.0017030887466289977 -0.00022840375968192985 -0.00037013999607169752 0.00022042925810639564 -0.00058909808508966917 -0.0014658925583077038 -0.0014459952912685267 0.0005045144415485092 -0.00098979865545018616 -0.001448270178246173 0.00011314409656884033 5.2543725911008856e-05 -0.00038518816448432656 -0.00048494176342396127 -0.0010545959085073023
leaf_weight=5375 32892 69390 82011 5944 1549 1315 116451 9636 2820 132537 68017 18674 17371 13391
leaf_count=5375 32892 69390 82011 5944 1549 1315 116451 9636 2820 132537 68017 18674 17371 13391
internal_value=-1.80383e-06 -0.000381231 0.000186732 -0.000207465 -1.38487e-05 0.000373959 0.000388468 -0.000928465 -0.00041889 4.38333e-05 0 -0.000491303 -0.000678376 -0.00126688
internal_weight=577373 191944 385429 146171 185652 199777 198462 45773 72210 165429 73961 20223 27007 18766
internal_count=577373 191944 385429 146171 185652 199777 198462 45773 72210 165429 73961 20223 27007 18766
is_linear=0
shrinkage=0.01


Tree=37
num_leaves=15
num_cat=0
split_feature=3 1 3 3 1 3 4 2 2 6 6 3 1 2
split_gain=406.061 241.195 88.2667 69.6979 73.4162 68.2929 59.55 54.9744 30.6863 28.5309 20.0632 12.675 11.1551 2.82911
threshold=-0.61298078298568714 0.090692572295665755 -2.2965553998947139 1.2348897457122805 0.53977954387664806 1.3669795393943789 -0.31621141731739039 1.3972815275192263 -1.6387761235237119 0.18562854081392291 0.041451960802078254 -4.2125575542449942 -1.5246364474296568 -1.3509529232978819
decision_type=2 2 2 2 2 2 2 2 2 2 2 2 2 2
left_child=2 5 11 4 -3 9 8 -5 -4 -2 -8 -1 -7 -13
right_child=1 3 6 7 -6 12 10 -9 -10 -11 -12 13 -14 -15
leaf_value=-0.0017732615524432447 -0.00027692323557625137 0.00020775883304846625 -0.0011566942971611338 -0.00018253608695235221 0.00061152309423063869 -0.0021834918609359199 -0.00050595897865487636 -0.002569936772466341 -0.00049852134618143251 5.8150407411828799e-05 0.00020769470896219499 -0.0012829633433141746 -0.00088300459861721662 -0.00077513469033319005
leaf_weight=4580 99052 287568 9221 3737 54259 1436 5115 1232 45933 32846 14831 5632 3854 8077
leaf_count=4580 99052 287568 9221 3737 54259 1436 5115 1232 45933 32846 14831 5632 3854 8077
internal_value=-1.83871e-06 0.000114368 -0.000605168 0.000255019 0.000272754 -0.00023958 -0.000447049 -0.000889687 -0.000615954 -0.000192006 1.155e-05 -0.00123177 -0.00133914 -0.00101359
internal_weight=577373 483984 93389 346796 341827 137188 75100 4969 55154 131898 19946 18289 5290 13709
internal_count=577373 483984 93389 346796 341827 137188 75100 4969 55154 131898 19946 18289 5290 13709
is_linear=0
shrinkage=0.01


Tree=38
num_leaves=15
num_cat=0
split_feature=4 3 1 1 3 3 6 2 3 1 4 6 3 3
split_gain=399.633 172.976 140.593 61.5342 50.7313 50.1831 36.2501 32.1444 30.5468 29.965 22.5239 15.8873 11.9855 8.08898
threshold=-0.53420642018318165 -1.0550137758255003 0.35435530543327337 0.090692572295665755 0.88184291124343883 1.3669795393943789 0.11999846622347833 -1.2983934879302976 1.2348897457122805 -0.31803913414478296 -1.5072475671768186 -0.49440857768058771 -2.1510498523712154 -2.9027111530303951
decision_type=2 2 2 2 2 2 2 2 2 2 2 2 2 2
left_child=1 7 4 8 9 6 -4 13 -3 -2 -5 -6 -9 -1
right_child=2 3 5 10 11 -7 -8 12 -10 -11 -12 -13 -14 -15
leaf_value=-0.001672357727999636 -0.00022410663026034463 -0.00036369684327600176 0.000215529197102766 -0.0005814610096904479 -0.0014476635799226189 -0.0014232242273250534 0.00049647792824888102 -0.00097085679208880349 -0.0014236988047473611 0.00011127187094394287 5.0666286191862275e-05 -0.000379785483560946 -0.00047521905023925555 -0.0010351093858435056
leaf_weight=5375 32892 69390 82011 5944 1549 1315 116451 9636 2820 132537 68017 18674 17371 13391
leaf_count=5375 32892 69390 82011 5944 1549 1315 116451 9636 2820 132537 68017 18674 17371 13391
internal_value=-1.87917e-06 -0.000374804 0.000183417 -0.000204449 -1.37006e-05 0.000367429 0.000381721 -0.000911208 -0.000411673 4.31915e-05 0 -0.000484749 -0.000665249 -0.00124389
internal_weight=577373 191944 385429 146171 185652 199777 198462 45773 72210 165429 73961 20223 27007 18766
internal_count=577373 191944 385429 146171 185652 199777 198462 45773 72210 165429 73961 20223 27007 18766
is_linear=0
shrinkage=0.01


Tree=39
num_leaves=15
num_cat=0
split_feature=3 1 3 3 1 3 4 2 2 6 6 3 1 2
split_gain=392.429 232.02 84.8038 67.592 71.4528 66.2422 57.2185 53.8938 29.7808 27.9248 19.5819 12.3593 10.9984 2.66326
threshold=-0.61298078298568714 0.090692572295665755 -2.2965553998947139 1.2348897457122805 0.53977954387664806 1.3669795393943789 -0.31621141731739039 1.3972815275192263 -1.6776536107063291 0.18562854081392291 0.041451960802078254 -4.2125575542449942 -1.5246364474296568 -1.3509529232978819
decision_type=2 2 2 2 2 2 2 2 2 2 2 2 2 2
left_child=2 5 11 4 -3 9 8 -5 -4 -2 -8 -1 -7 -13
right_child=1 3 6 7 -6 12 10 -9 -10 -11 -12 13 -14 -15
leaf_value=-0.0017440111977875098 -0.00027196448592956327 0.00020361768064424744 -0.0011789000955664279 -0.00017648602394617518 0.00060196740099662362 -0.0021546623612097113 -0.00050184182953630482 -0.0025403666809460084 -0.00049742042520975829 5.9521146590672233e-05 0.00020332652271197793 -0.0012580538920520256 -0.00086572486051760542 -0.00075956551039899056
leaf_weight=4580 99052 287568 8140 3737 54259 1436 5115 1232 47014 32846 14831 5632 3854 8077
leaf_count=4580 99052 287568 8140 3737 54259 1436 5115 1232 47014 32846 14831 5632 3854 8077
internal_value=-1.91281e-06 0.000112321 -0.000595034 0.000250275 0.000267748 -0.000234815 -0.000439951 -0.000876887 -0.000605507 -0.000187937 9.37713e-06 -0.00120938 -0.00131779 -0.000993881
internal_weight=577373 483984 93389 346796 341827 137188 75100 4969 55154 131898 19946 18289 5290 13709
internal_count=577373 483984 93389 346796 341827 137188 75100 4969 55154 131898 19946 18289 5290 13709
is_linear=0
shrinkage=0.01


Tree=40
num_leaves=15
num_cat=0
split_feature=2 3 3 3 1 2 3 3 4 2 9 1 2 8
split_gain=386.334 130.802 117.103 121.426 76.8111 56.7032 44.9855 34.8027 32.6277 23.5715 20.6303 14.5283 7.83391 4.79636
threshold=-0.57207393646240223 -0.41730317473411555 1.2348897457122805 -0.61298078298568714 0.53977954387664806 1.3972815275192263 -2.0281132459640498 1.0783194899559023 -0.35967406630516047 -1.6190616488456724 0.3339963853359223 -1.5246364474296568 -1.7893295884132383 0.087740603834390654
decision_type=2 2 2 2 2 2 2 2 2 2 2 2 2 2
left_child=1 6 3 8 -5 13 12 10 -2 -8 -3 -9 -1 -4
right_child=2 7 5 4 -6 -7 9 11 -10 -11 -12 -13 -14 -15
leaf_value=-0.0017504142976801018 -0.00053474143913478662 -0.00019798864899141371 -0.00096540843669615695 0.00019373822763621494 0.00061194701155323889 -0.0025584263583318155 -0.00097413833698674801 -0.0017201460720966128 3.1814777712468126e-05 -0.00043539507883243774 0.0001816429749575687 -0.00052004904133738476 -0.0010240591117054837 -0.00016430401738633244
leaf_weight=3677 25403 96803 1316 295123 52308 1821 12232 1626 15766 34519 16089 4980 12264 3446
leaf_count=3677 25403 96803 1316 295123 52308 1821 12232 1626 15766 34519 16089 4980 12264 3446
internal_value=-1.95214e-06 -0.000383019 0.000173329 0.000196411 0.000257593 -0.00112534 -0.00075331 -0.000186148 -0.000313835 -0.000584162 -0.000141891 -0.000886694 -0.00122361 -0.000455988
internal_weight=577373 182190 395183 388600 347431 6583 62692 119498 41169 46751 112892 6606 15941 4762
internal_count=577373 182190 395183 388600 347431 6583 62692 119498 41169 46751 112892 6606 15941 4762
is_linear=0
shrinkage=0.01


Tree=41
num_leaves=15
num_cat=0
split_feature=4 3 1 1 3 3 6 2 3 1 4 0 3 3
split_gain=380.06 163.095 134.144 58.3896 49.0328 47.8866 35.4094 30.5899 28.9935 28.5068 21.578 15.6222 11.3958 7.63571
threshold=-0.53420642018318165 -1.0550137758255003 0.35435530543327337 0.090692572295665755 0.88184291124343883 1.3669795393943789 0.11999846622347833 -1.2983934879302976 1.2348897457122805 -0.31803913414478296 -1.5072475671768186 -1.2182353138923643 -2.1510498523712154 -2.9027111530303951
decision_type=2 2 2 2 2 2 2 2 2 2 2 2 2 2
left_child=1 7 4 8 9 6 -4 13 -3 -2 -5 -6 -9 -1
right_child=2 3 5 10 11 -7 -8 12 -10 -11 -12 -13 -14 -15
leaf_value=-0.0016296112970810284 -0.00021856663660896214 -0.00035521573047084623 0.00020818910234058599 -0.00057010271945898692 -0.0015530676516088402 -0.0013901272501270886 0.0004858271713694761 -0.0009446588546831048 -0.0013886917620104745 0.00010852564427030804 4.8564650296926318e-05 -0.00038281093030868851 -0.00046058037783594448 -0.0010072279213480433
leaf_weight=5375 32892 69390 82011 5944 1206 1315 116451 9636 2820 132537 68017 19017 17371 13391
leaf_count=5375 32892 69390 82011 5944 1206 1315 116451 9636 2820 132537 68017 19017 17371 13391
internal_value=-1.98735e-06 -0.000365673 0.000178706 -0.000200197 -1.38149e-05 0.000358449 0.00037243 -0.000886582 -0.000402062 4.20975e-05 0 -0.000476918 -0.000646323 -0.00121134
internal_weight=577373 191944 385429 146171 185652 199777 198462 45773 72210 165429 73961 20223 27007 18766
internal_count=577373 191944 385429 146171 185652 199777 198462 45773 72210 165429 73961 20223 27007 18766
is_linear=0
shrinkage=0.01


Tree=42
num_leaves=14
num_cat=0
split_feature=4 3 1 1 3 3 6 3 3 1 4 2 6
split_gain=372.625 159.959 131.499 57.2454 48.109 47.045 34.6908 30.0133 28.4542 27.9437 21.1615 20.1164 15.3981
threshold=-0.53420642018318165 -1.0550137758255003 0.35435530543327337 0.090692572295665755 0.88184291124343883 1.3669795393943789 0.11999846622347833 -3.60377025604248 1.2348897457122805 -0.31803913414478296 -1.5072475671768186 -1.2655140757560728 -0.49440857768058771
decision_type=2 2 2 2 2 2 2 2 2 2 2 2 2
left_child=1 7 4 8 9 6 -4 -1 -3 -2 -5 -9 -6
right_child=2 3 5 10 12 -7 -8 11 -10 -11 -12 -13 -14
leaf_value=-0.0015421521198000976 -0.00021639415692865945 -0.0003516737729635142 0.00020611215983495814 -0.00056458727344897621 -0.0014203277740533276 -0.0013780611433509874 0.00048097711144985455 -0.0010473132271088025 -0.0013757244988189647 0.00010744201488557722 4.8080390096249676e-05 -0.0005440761340925668 -0.00036899479017884346
leaf_weight=6438 32892 69390 82011 5944 1549 1315 116451 15915 2820 132537 68017 23420 18674
leaf_count=6438 32892 69390 82011 5944 1549 1315 116451 15915 2820 132537 68017 23420 18674
internal_value=-2.01964e-06 -0.000362134 0.000176894 -0.00019824 -1.37095e-05 0.000354858 0.000368722 -0.000878023 -0.000398117 4.16631e-05 0 -0.000757014 -0.000472436
internal_weight=577373 191944 385429 146171 185652 199777 198462 45773 72210 165429 73961 39335 20223
internal_count=577373 191944 385429 146171 185652 199777 198462 45773 72210 165429 73961 39335 20223
is_linear=0
shrinkage=0.01


Tree=43
num_leaves=15
num_cat=0
split_feature=3 1 3 3 1 3 4 2 2 6 6 3 1 2
split_gain=366.509 216.192 78.9494 63.4806 67.5366 62.3864 53.0654 51.8626 28.1819 27.2624 19.3024 11.8616 10.7481 2.30746
threshold=-0.61298078298568714 0.090692572295665755 -2.2965553998947139 1.2348897457122805 0.53977954387664806 1.3669795393943789 -0.30099482834339136 1.3972815275192263 -1.6776536107063291 0.18562854081392291 0.041451960802078254 -4.2125575542449942 -1.5246364474296568 -1.3509529232978819
decision_type=2 2 2 2 2 2 2 2 2 2 2 2 2 2
left_child=2 5 11 4 -3 9 8 -5 -4 -2 -8 -1 -7 -13
right_child=1 3 6 7 -6 12 10 -9 -10 -11 -12 13 -14 -15
leaf_value=-0.0016912894233533718 -0.00026423685888219724 0.00019609200907110385 -0.0011413135282713008 -0.00016319558881531612 0.00058342659753520454 -0.0021016638568045472 -0.00050136718114429191 -0.0024819264303312075 -0.0004787429769649203 6.3329028300944802e-05 0.00020369579455690499 -0.0012107924929108743 -0.00083300708697277867 -0.0007314499767469727
leaf_weight=4580 99052 287568 8153 3737 54259 1436 5032 1232 47239 32846 14676 5632 3854 8077
leaf_count=4580 99052 287568 8153 3737 54259 1436 5032 1232 47239 32846 14676 5632 3854 8077
internal_value=-2.04434e-06 0.00010834 -0.000575253 0.000241516 0.000258464 -0.00022672 -0.000425464 -0.000850575 -0.000583618 -0.000181178 1.03991e-05 -0.00116826 -0.00127784 -0.000957334
internal_weight=577373 483984 93389 346796 341827 137188 75100 4969 55392 131898 19708 18289 5290 13709
internal_count=577373 483984 93389 346796 341827 137188 75100 4969 55392 131898 19708 18289 5290 13709
is_linear=0
shrinkage=0.01


Tree=44
num_leaves=15
num_cat=0
split_feature=2 3 3 3 1 2 3 3 4 2 9 1 2 8
split_gain=360.859 122.305 110.573 114.068 72.4267 54.5946 41.3339 32.5702 30.0832 22.2478 19.8658 13.9297 7.67708 6.34659
threshold=-0.57207393646240223 -0.41730317473411555 1.2348897457122805 -0.61298078298568714 0.53977954387664806 1.4438790082931521 -2.0281132459640498 1.0783194899559023 -0.35967406630516047 -1.6190616488456724 0.3339963853359223 -1.5246364474296568 -1.7893295884132383 0.0542061384767294
decision_type=2 2 2 2 2 2 2 2 2 2 2 2 2 2
left_child=1 6 3 8 -5 13 12 10 -2 -8 -3 -9 -1 -4
right_child=2 7 5 4 -6 -7 9 11 -10 -11 -12 -13 -14 -15
leaf_value=-0.0016976834052803067 -0.00051681468341546191 -0.00019213766782224067 -0.0011477295016835551 0.00018703163689330835 0.00059319443754802842 -0.002584894315654146 -0.00094507256141297268 -0.001673448019579914 2.6660474925842081e-05 -0.00042111393380698836 0.00018036387487526079 -0.00049857229660231993 -0.00098392827563134133 -0.00019656371304614079
leaf_weight=3677 25403 96803 1020 295123 52308 1664 12232 1626 15766 34519 16089 4980 12264 3899
leaf_count=3677 25403 96803 1020 295123 52308 1664 12232 1626 15766 34519 16089 4980 12264 3899
internal_value=-2.08118e-06 -0.000370381 0.00016731 0.000189753 0.000249064 -0.00109453 -0.000728477 -0.000179939 -0.000304729 -0.000565905 -0.000137056 -0.00085782 -0.00117995 -0.000470003
internal_weight=577373 182190 395183 388600 347431 6583 62692 119498 41169 46751 112892 6606 15941 4919
internal_count=577373 182190 395183 388600 347431 6583 62692 119498 41169 46751 112892 6606 15941 4919
is_linear=0
shrinkage=0.01


Tree=45
num_leaves=14
num_cat=0
split_feature=4 3 1 2 3 3 6 6 3 1 2 0 8
split_gain=354.344 150.767 125.466 55.0334 46.5087 44.9081 33.8869 29.3134 28.6131 26.5834 19.1352 15.1096 10.3362
threshold=-0.53420642018318165 -1.0550137758255003 0.35435530543327337 -1.6003720164299009 0.88184291124343883 1.3669795393943789 0.11999846622347833 -0.034695355221629136 -3.60377025604248 -0.31803913414478296 -1.2655140757560728 -1.2182353138923643 0.16960648447275165
decision_type=2 2 2 2 2 2 2 2 2 2 2 2 2
left_child=1 8 4 12 9 6 -4 -5 -1 -2 -10 -6 -3
right_child=2 3 5 7 11 -7 -8 -9 10 -11 -12 -13 -14
leaf_value=-0.0015031145576705569 -0.00021103485652808923 -0.00077122393100414034 0.00019904282599403358 -0.00039031996033539885 -0.0015232588485660625 -0.0013463097182923748 0.00047067163994892993 -3.1003727652089232e-05 -0.0010192200473013353 0.00010479679333234756 -0.00052782485092768669 -0.00037216686852006056 0
leaf_weight=6438 32892 17092 82011 30026 1206 1315 116451 97554 15915 132537 23420 19017 1499
leaf_count=6438 32892 17092 82011 30026 1206 1315 116451 97554 15915 132537 23420 19017 1499
internal_value=-2.11535e-06 -0.000353293 0.000172345 -0.00019412 -1.38109e-05 0.000346181 0.000359746 -0.000117613 -0.000854189 4.06139e-05 -0.000735853 -0.00046485 -0.000701664
internal_weight=577373 191944 385429 146171 185652 199777 198462 127580 45773 165429 39335 20223 18591
internal_count=577373 191944 385429 146171 185652 199777 198462 127580 45773 165429 39335 20223 18591
is_linear=0
shrinkage=0.01


Tree=46
num_leaves=15
num_cat=0
split_feature=2 3 3 3 1 2 3 3 3 2 9 1 2 8
split_gain=347.988 118.061 107.649 110.512 69.2459 53.5767 39.772 31.7454 26.2592 21.4076 19.3246 13.6258 7.52399 4.60599
threshold=-0.57207393646240223 -0.41730317473411555 1.2348897457122805 -0.69839921593666066 0.53977954387664806 1.3972815275192263 -2.0281132459640498 1.0783194899559023 -2.462729692459106 -1.6190616488456724 0.3339963853359223 -1.5246364474296568 -1.7893295884132383 0.065184373408555998
decision_type=2 2 2 2 2 2 2 2 2 2 2 2 2 2
left_child=1 6 3 8 -5 13 12 10 -2 -8 -3 -9 -1 -4
right_child=2 7 5 4 -6 -7 9 11 -10 -11 -12 -13 -14 -15
leaf_value=-0.0016706869209741856 -0.0010535094858325693 -0.00018865372964116224 -0.0010111679827528232 0.00018056281578534615 0.0005749876051752966 -0.0024735066530815791 -0.00092824236245593855 -0.0016527788317188528 -0.00022389746953065202 -0.00041376871077841812 0.00017869515237578046 -0.00049024255774301909 -0.00096490252767681957 -0.00017549588480652491
leaf_weight=3677 4424 96803 1028 299320 53038 1821 12232 1626 31818 34519 16089 4980 12264 3734
leaf_count=3677 4424 96803 1028 299320 53038 1821 12232 1626 31818 34519 16089 4980 12264 3734
internal_value=-2.1363e-06 -0.000363814 0.000164201 0.000186351 0.000240793 -0.0010808 -0.000715661 -0.000176667 -0.000335881 -0.000556017 -0.000134308 -0.000845935 -0.00115878 -0.000429689
internal_weight=577373 182190 395183 388600 352358 6583 62692 119498 36242 46751 112892 6606 15941 4762
internal_count=577373 182190 395183 388600 352358 6583 62692 119498 36242 46751 112892 6606 15941 4762
is_linear=0
shrinkage=0.01


Tree=47
num_leaves=15
num_cat=0
split_feature=4 3 1 2 3 3 6 6 3 3 2 3 8 4
split_gain=342.39 145.1 121.514 53.174 45.4927 43.4776 33.1586 28.543 27.69 24.4958 18.3931 18.3913 10.0839 0.164815
threshold=-0.53420642018318165 -1.0550137758255003 0.35435530543327337 -1.6003720164299009 0.6842622458934785 1.3669795393943789 0.11999846622347833 -0.034695355221629136 -3.60377025604248 -0.41730317473411555 -1.2655140757560728 1.2348897457122805 0.16960648447275165 -1.5072475671768186
decision_type=2 2 2 2 2 2 2 2 2 2 2 2 2 2
left_child=1 8 4 12 9 6 -4 -5 13 -2 -10 -6 -3 -1
right_child=2 3 5 7 11 -7 -8 -9 10 -11 -12 -13 -14 -15
leaf_value=-0.0016009656425695182 -0.00025727834770547758 -0.00075887709181654897 0.00019476138506908328 -0.00038506575954221371 -0.00021048231653635942 -0.0013244948967862506 0.00046347045278793074 -3.0467983937196593e-05 -0.0010003726293009219 0.00012543438595591158 -0.00051793536675319636 -0.00085710250108514093 0 -0.00065235941802090818
leaf_weight=5226 18905 17092 82011 30026 39055 1315 116451 97554 15915 122530 23420 5162 1499 1212
leaf_count=5226 18905 17092 82011 30026 39055 1315 116451 97554 15915 122530 23420 5162 1499 1212
internal_value=-2.17836e-06 -0.000347387 0.000169308 -0.000191197 -1.38767e-05 0.000340385 0.000353746 -0.00011596 -0.00083881 7.25757e-05 -0.000722262 -0.000293993 -0.000690138 -0.00147755
internal_weight=577373 191944 385429 146171 185652 199777 198462 127580 45773 141435 39335 44217 18591 6438
internal_count=577373 191944 385429 146171 185652 199777 198462 127580 45773 141435 39335 44217 18591 6438
is_linear=0
shrinkage=0.01


Tree=48
num_leaves=15
num_cat=0
split_feature=2 3 3 3 1 2 3 3 4 2 9 1 2 8
split_gain=335.868 113.636 104.526 107.07 68.4679 52.7544 38.2998 30.8302 28.2032 20.6254 18.8429 13.3646 7.36883 6.21378
threshold=-0.57207393646240223 -0.41730317473411555 1.2348897457122805 -0.61298078298568714 0.53977954387664806 1.4438790082931521 -2.0281132459640498 1.0783194899559023 -0.35967406630516047 -1.6190616488456724 0.3339963853359223 -1.5246364474296568 -1.7893295884132383 0.0542061384767294
decision_type=2 2 2 2 2 2 2 2 2 2 2 2 2 2
left_child=1 6 3 8 -5 13 12 10 -2 -8 -3 -9 -1 -4
right_child=2 7 5 4 -6 -7 9 11 -10 -11 -12 -13 -14 -15
leaf_value=-0.0016438552238103455 -0.00050132065414570123 -0.00018578612443478947 -0.0011196666168006993 0.00018017786917798889 0.00057513714422162833 -0.0025302083546879339 -0.00091153108016513021 -0.0016324102488024567 2.4507344382958485e-05 -0.00040610303709321771 0.00017690683993120678 -0.00048108369148147347 -0.00094609706569582803 -0.00018183165895091437
leaf_weight=3677 25403 96803 1020 295123 52308 1664 12232 1626 15766 34519 16089 4980 12264 3899
leaf_count=3677 25403 96803 1020 295123 52308 1664 12232 1626 15766 34519 16089 4980 12264 3899
internal_value=-2.20177e-06 -0.000357531 0.000161207 0.00018304 0.000240514 -0.00106555 -0.000702745 -0.000173879 -0.000295971 -0.000545923 -0.000132106 -0.000833499 -0.00113781 -0.000451518
internal_weight=577373 182190 395183 388600 347431 6583 62692 119498 41169 46751 112892 6606 15941 4919
internal_count=577373 182190 395183 388600 347431 6583 62692 119498 41169 46751 112892 6606 15941 4919
is_linear=0
shrinkage=0.01


Tree=49
num_leaves=15
num_cat=0
split_feature=4 3 1 1 3 3 6 3 6 3 3 2 3 4
split_gain=330.467 139.667 117.654 51.8358 44.5088 42.0992 32.4488 26.978 24.6959 23.5949 20.5652 17.7525 17.6148 0.107496
threshold=-0.53420642018318165 -1.0550137758255003 0.35435530543327337 -0.0084134442731738073 0.6842622458934785 1.3669795393943789 0.11999846622347833 -3.60377025604248 0.17913687229156497 -0.41730317473411555 -0.049661997705698006 -1.2655140757560728 1.2348897457122805 -1.5072475671768186
decision_type=2 2 2 2 2 2 2 2 2 2 2 2 2 2
left_child=1 7 4 8 9 6 -4 13 -3 -2 -5 -9 -6 -1
right_child=2 3 5 10 12 -7 -8 11 -10 -11 -12 -13 -14 -15
leaf_value=-0.0015754358284395043 -0.0002521634119598643 -0.00051840335370019182 0.00019044530302341937 -0.00019806078932683031 -0.0002091559696290172 -0.001303277268166663 0.00045627504056150703 -0.00098186960159450621 -3.2749876214365916e-05 0.00012339368768353939 0.00011449896882609198 -0.0005074491863489148 -0.00084266994112286724 -0.00064018625326698849
leaf_weight=5226 18905 47312 82011 37902 39055 1315 116451 15915 14621 122530 46336 23420 5162 1212
leaf_count=5226 18905 47312 82011 37902 39055 1315 116451 15915 14621 122530 46336 23420 5162 1212
internal_value=-2.23367e-06 -0.000341385 0.000166235 -0.000188111 -1.40019e-05 0.000334574 0.000347735 -0.000823549 -0.000407445 7.14973e-05 -2.39014e-05 -0.000708455 -0.000291078 -0.00145409
internal_weight=577373 191944 385429 146171 185652 199777 198462 45773 61933 141435 84238 39335 44217 6438
internal_count=577373 191944 385429 146171 185652 199777 198462 45773 61933 141435 84238 39335 44217 6438
is_linear=0
shrinkage=0.01


Tree=50
num_leaves=15
num_cat=0
split_feature=2 3 3 3 1 2 2 3 6 0 3 1 3 8
split_gain=324.163 109.326 101.518 103.707 71.414 51.8721 37.1588 29.9816 28.0865 18.4569 15.8263 13.127 9.8238 6.1631
threshold=-0.57207393646240223 -0.41730317473411555 1.2348897457122805 -1.0550137758255003 0.53977954387664806 1.4438790082931521 -1.6586256027221677 1.0783194899559023 0.13674540817737582 0.26593969762325292 -2.462729692459106 -1.5246364474296568 -3.60377025604248 0.0542061384767294
decision_type=2 2 2 2 2 2 2 2 2 2 2 2 2 2
left_child=1 6 3 10 -5 13 12 9 -8 -3 -2 -9 -1 -4
right_child=2 7 5 4 -6 -7 8 11 -10 -11 -12 -13 -14 -15
leaf_value=-0.0018686558861803939 -0.0010273616340641624 -0.00022351975298222015 -0.0011056871357723139 0.00016038501863556393 0.00055289961290794221 -0.0025027588092944148 -0.00067030021625406335 -0.0016132713795403938 -6.9768565597639877e-05 4.0833481656480786e-05 -0.00032325242271482051 -0.0004723277725812527 -0.00095862646712304084 -0.00017382238134667656
leaf_weight=2127 4424 73645 1020 311528 55125 1664 35171 1626 11040 39247 17523 4980 14354 3899
leaf_count=2127 4424 73645 1020 311528 55125 1664 35171 1626 11040 39247 17523 4980 14354 3899
internal_value=-2.25353e-06 -0.000351341 0.000158276 0.0001798 0.000220213 -0.00105065 -0.00068997 -0.00017116 -0.000532059 -0.000129939 -0.000482211 -0.0008217 -0.00110906 -0.000441773
internal_weight=577373 182190 395183 388600 366653 6583 62692 119498 46211 112892 21947 6606 16481 4919
internal_count=577373 182190 395183 388600 366653 6583 62692 119498 46211 112892 21947 6606 16481 4919
is_linear=0
shrinkage=0.01


Tree=51
num_leaves=15
num_cat=0
split_feature=4 3 1 2 3 3 6 6 3 1 2 3 8 4
split_gain=319.338 134.469 113.925 50.3305 43.5416 40.7689 31.753 27.1712 26.13 24.1486 17.1835 14.8795 9.73306 0.0714927
threshold=-0.53420642018318165 -1.0550137758255003 0.35435530543327337 -1.6003720164299009 0.74066853523254406 1.3669795393943789 0.11999846622347833 -0.034695355221629136 -3.60377025604248 -0.31803913414478296 -1.2655140757560728 1.2348897457122805 0.16960648447275165 -1.5072475671768186
decision_type=2 2 2 2 2 2 2 2 2 2 2 2 2 2
left_child=1 8 4 12 9 6 -4 -5 13 -2 -10 -6 -3 -1
right_child=2 3 5 7 11 -7 -8 -9 10 -11 -12 -13 -14 -15
leaf_value=-0.001549125880203602 -0.00019220243238298349 -0.0007383423980425591 0.00018631199322936007 -0.00037456605048746832 -0.00023029617757161771 -0.0012823797698478868 0.00044929070968893699 -2.8558018889964134e-05 -0.00096457773867923463 0.00012439094830110758 -0.00049744449498351987 -0.00082848185806484579 0 -0.00062670933499552376
leaf_weight=5226 29570 17092 82011 30026 31002 1315 116451 97554 15915 119918 23420 5162 1499 1212
leaf_count=5226 29570 17092 82011 30026 31002 1315 116451 97554 15915 119918 23420 5162 1499 1212
internal_value=-2.2942e-06 -0.000335691 0.000163307 -0.000185261 -1.40343e-05 0.000328959 0.000341923 -0.000112015 -0.000808829 6.02568e-05 -0.00069543 -0.000325267 -0.00067072 -0.00142972
internal_weight=577373 191944 385429 146171 185652 199777 198462 127580 45773 149488 39335 36164 18591 6438
internal_count=577373 191944 385429 146171 185652 199777 198462 127580 45773 149488 39335 36164 18591 6438
is_linear=0
shrinkage=0.01


Tree=52
num_leaves=15
num_cat=0
split_feature=4 3 1 1 3 3 6 6 3 3 4 2 3 4
split_gain=313.091 131.891 111.675 49.6119 42.7991 40.0534 31.1084 26.1548 25.645 22.7353 19.2738 16.8204 16.5223 0.0008185
threshold=-0.53420642018318165 -1.0550137758255003 0.35435530543327337 0.090692572295665755 0.6842622458934785 1.3669795393943789 0.11999846622347833 0.18698836863040927 -3.60377025604248 -0.41730317473411555 -1.5072475671768186 -1.2655140757560728 1.2348897457122805 -1.5072475671768186
decision_type=2 2 2 2 2 2 2 2 2 2 2 2 2 2
left_child=1 8 4 7 9 6 -4 -3 13 -2 -5 -10 -6 -1
right_child=2 3 5 10 12 -7 -8 -9 11 -11 -12 -13 -14 -15
leaf_value=-0.0015342056317443234 -0.00024775254947074989 -0.00047200508097170374 0.00018445334082121587 -0.00053770278501620084 -0.00020602352330510485 -0.001271248569026614 0.00044480546365081831 -4.215521374660188e-06 -0.00095505180880000793 0.00012086579399551851 4.7047988578536894e-05 -0.00049251212922168572 -0.0008205061087784457 -0.00062132988901407839
leaf_weight=5226 18905 55915 82011 5944 39055 1315 116451 16295 15915 122530 68017 23420 5162 1212
leaf_count=5226 18905 55915 82011 5944 39055 1315 116451 16295 15915 122530 68017 23420 5162 1212
internal_value=-2.31537e-06 -0.000332438 0.000161655 -0.00018344 -1.39168e-05 0.000325663 0.00033852 -0.000369508 -0.000801029 6.99018e-05 0 -0.0006886 -0.000285634 -0.00141638
internal_weight=577373 191944 385429 146171 185652 199777 198462 72210 45773 141435 73961 39335 44217 6438
internal_count=577373 191944 385429 146171 185652 199777 198462 72210 45773 141435 73961 39335 44217 6438
is_linear=0
shrinkage=0.01


Tree=53
num_leaves=15
num_cat=0
split_feature=3 1 3 3 1 4 3 9 6 2 6 3 1 2
split_gain=307.918 186.371 67.0835 55.2419 54.9584 45.0665 37.7839 33.2673 25.5558 24.0909 18.2753 10.5987 10.2137 1.6199
threshold=-0.61298078298568714 0.090692572295665755 -2.2965553998947139 1.3669795393943789 0.53977954387664806 -0.30099482834339136 1.0783194899559023 0.092859849333763136 0.18562854081392291 -1.6776536107063291 0.041451960802078254 -4.2125575542449942 -1.5246364474296568 -1.3509529232978819
decision_type=2 2 2 2 2 2 2 2 2 2 2 2 2 2
left_child=2 3 11 8 6 9 -3 -6 -2 -4 -7 -1 -5 -13
right_child=1 4 5 12 7 10 -8 -9 -10 -11 -12 13 -14 -15
leaf_value=-0.0015688454918132441 -0.00024974750283118574 0.000185748893579834 -0.0010518317478341267 -0.0019989334591315341 0.00078936813728858971 -0.00048606044538053049 -0.00051243948165888167 0.0002791146946646451 6.7386217776378468e-05 -0.00043769947122678253 0.00019984147943984086 -0.0011053640607320415 -0.00077127889343723112 -0.0006677188129775055
leaf_weight=4580 99052 283903 8153 1436 24711 5032 7636 30546 32846 47239 14676 5632 3854 8077
leaf_count=4580 99052 283903 8153 1436 24711 5032 7636 30546 32846 47239 14676 5632 3854 8077
internal_value=-2.33501e-06 9.88133e-05 -0.000527759 -0.000212232 0.000222487 -0.000389379 0.000166438 0.000512931 -0.000169277 -0.000535149 1.15418e-05 -0.00107482 -0.00120164 -0.000875203
internal_weight=577373 483984 93389 137188 346796 75100 291539 55257 131898 55392 19708 18289 5290 13709
internal_count=577373 483984 93389 137188 346796 75100 291539 55257 131898 55392 19708 18289 5290 13709
is_linear=0
shrinkage=0.01


Tree=54
num_leaves=15
num_cat=0
split_feature=2 3 3 3 1 2 2 3 6 3 9 1 3 8
split_gain=303.059 101.719 96.36 97.7015 62.9485 51.2179 34.9185 28.2714 26.7308 25.7155 17.857 12.707 9.24547 4.5511
threshold=-0.57207393646240223 -0.41730317473411555 1.2348897457122805 -0.61298078298568714 0.56968489289283764 1.3972815275192263 -1.6586256027221677 1.0783194899559023 0.13674540817737582 -2.462729692459106 0.3339963853359223 -1.5246364474296568 -3.60377025604248 0.065184373408555998
decision_type=2 2 2 2 2 2 2 2 2 2 2 2 2 2
left_child=1 6 3 9 -5 13 12 10 -8 -2 -3 -9 -1 -4
right_child=2 7 5 4 -6 -7 8 11 -10 -11 -12 -13 -14 -15
leaf_value=-0.0018121695813536705 -0.0009977967581154695 -0.00017822437648975519 -0.00095893679321698046 0.00017999793453134493 0.00061078522339592229 -0.002384825862483534 -0.00064810127742521431 -0.0015759052827710497 -6.2090061427790246e-05 -0.00018731856339021248 0.00017480712418058657 -0.00045419549127626252 -0.00092644264770231667 -0.00014093374102560095
leaf_weight=2127 4424 96803 1028 308835 38596 1821 35171 1626 11040 36745 16089 4980 14354 3734
leaf_count=2127 4424 96803 1028 308835 38596 1821 35171 1626 11040 36745 16089 4980 14354 3734
internal_value=-2.35087e-06 -0.000339895 0.000152853 0.000173836 0.000228753 -0.00102488 -0.000666575 -0.000166011 -0.000513281 -0.00028365 -0.000125923 -0.000797875 -0.0010731 -0.000389361
internal_weight=577373 182190 395183 388600 347431 6583 62692 119498 46211 41169 112892 6606 16481 4762
internal_count=577373 182190 395183 388600 347431 6583 62692 119498 46211 41169 112892 6606 16481 4762
is_linear=0
shrinkage=0.01


Tree=55
num_leaves=15
num_cat=0
split_feature=4 3 1 2 3 3 6 6 3 3 2 3 8 4
split_gain=298.125 124.492 106.638 47.7464 41.6081 38.6389 30.4001 25.7372 24.309 21.6827 15.9923 15.4213 9.42256 0.0265868
threshold=-0.53420642018318165 -1.0550137758255003 0.35435530543327337 -1.6003720164299009 0.6842622458934785 1.3669795393943789 0.11999846622347833 -0.034695355221629136 -3.60377025604248 -0.41730317473411555 -1.2655140757560728 1.2348897457122805 0.16960648447275165 -1.5072475671768186
decision_type=2 2 2 2 2 2 2 2 2 2 2 2 2 2
left_child=1 8 4 12 9 6 -4 -5 13 -2 -10 -6 -3 -1
right_child=2 3 5 7 11 -7 -8 -9 10 -11 -12 -13 -14 -15
leaf_value=-0.00149537971771433 -0.00024143111565430123 -0.00071922224147885118 0.00017822662466428278 -0.00036385969344305223 -0.00020462178765827795 -0.0012502008572308401 0.00043557079360240003 -2.705142599184674e-05 -0.00093020590156123661 0.00011848501140017513 -0.00047853186252860933 -0.00079946857000476117 0 -0.00059807521591514416
leaf_weight=5226 18905 17092 82011 30026 39055 1315 116451 97554 15915 122530 23420 5162 1499 1212
leaf_count=5226 18905 17092 82011 30026 39055 1315 116451 97554 15915 122530 23420 5162 1499 1212
internal_value=-2.3875e-06 -0.000324532 0.000157607 -0.000179716 -1.39361e-05 0.000317876 0.000330521 -0.00010833 -0.00077984 6.86915e-05 -0.00067012 -0.000281856 -0.000652589 -0.00137969
internal_weight=577373 191944 385429 146171 185652 199777 198462 127580 45773 141435 39335 44217 18591 6438
internal_count=577373 191944 385429 146171 185652 199777 198462 127580 45773 141435 39335 44217 18591 6438
is_linear=0
shrinkage=0.01


Tree=56
num_leaves=15
num_cat=0
split_feature=2 3 3 3 1 2 2 3 6 3 9 1 3 8
split_gain=292.492 97.9012 93.582 94.5553 61.3282 50.4213 33.7645 27.4597 25.9586 24.9325 17.4134 12.4626 8.95129 6.12172
threshold=-0.57207393646240223 -0.41730317473411555 1.2348897457122805 -0.61298078298568714 0.53977954387664806 1.4438790082931521 -1.6586256027221677 1.0783194899559023 0.13674540817737582 -2.462729692459106 0.3339963853359223 -1.5246364474296568 -3.60377025604248 0.0542061384767294
decision_type=2 2 2 2 2 2 2 2 2 2 2 2 2 2
left_child=1 6 3 9 -5 13 12 10 -8 -2 -3 -9 -1 -4
right_child=2 7 5 4 -6 -7 8 11 -10 -11 -12 -13 -14 -15
leaf_value=-0.0017828213565170023 -0.00098262286645942965 -0.00017551125152790099 -0.0010670349721865514 0.00016762929836192133 0.00054153278891496304 -0.0024405927354841624 -0.00063651753425635765 -0.0015565527911785826 -5.8868286211364253e-05 -0.00018432510471309919 0.00017306172786044007 -0.00044565214224923387 -0.00090974580959408285 -0.00014718164886900361
leaf_weight=2127 4424 96803 1020 295123 52308 1664 35171 1626 11040 36745 16089 4980 14354 3899
leaf_count=2127 4424 96803 1020 295123 52308 1664 35171 1626 11040 36745 16089 4980 14354 3899
internal_value=-2.4069e-06 -0.00033402 0.000150061 0.000170746 0.000224777 -0.00101052 -0.000654535 -0.000163385 -0.000503672 -0.00027928 -0.000123847 -0.00078618 -0.00105444 -0.000411229
internal_weight=577373 182190 395183 388600 347431 6583 62692 119498 46211 41169 112892 6606 16481 4919
internal_count=577373 182190 395183 388600 347431 6583 62692 119498 46211 41169 112892 6606 16481 4919
is_linear=0
shrinkage=0.01


Tree=57
num_leaves=14
num_cat=0
split_feature=4 3 1 2 3 3 6 8 3 0 2 3 8
split_gain=288.007 120.027 103.289 46.16 40.7209 37.4169 29.7393 25.1337 23.5126 20.8755 15.4295 14.7617 9.19405
threshold=-0.53420642018318165 -1.0550137758255003 0.35435530543327337 -1.6003720164299009 0.6842622458934785 1.3669795393943789 0.11999846622347833 -6.9081015586853018 -3.60377025604248 0.10843024030327798 -1.2655140757560728 1.2348897457122805 0.16960648447275165
decision_type=2 2 2 2 2 2 2 2 2 2 2 2 2
left_child=1 8 4 12 9 6 -4 -5 -1 -2 -10 -6 -3
right_child=2 3 5 7 11 -7 -8 -9 10 -11 -12 -13 -14
leaf_value=-0.0013565345826602893 -7.343359593762218e-05 -0.00070770030914808898 0.00017434790439242482 -0.0015192836149055717 -0.00020329633617068951 -0.0012301160992590386 0.00042889655097030135 -9.0768181378539923e-05 -0.00091381503260314502 0.0001710368184630555 -0.00046962544986004905 -0.00078601201716298631 0
leaf_weight=6438 58977 17092 82011 1066 39055 1315 116451 126514 15915 82458 23420 5162 1499
leaf_count=6438 58977 17092 82011 1066 39055 1315 116451 126514 15915 82458 23420 5162 1499
internal_value=-2.4435e-06 -0.000319079 0.000154807 -0.000176851 -1.40058e-05 0.00031254 0.000324997 -0.000106629 -0.000766175 6.77232e-05 -0.000658118 -0.00027906 -0.00064184
internal_weight=577373 191944 385429 146171 185652 199777 198462 127580 45773 141435 39335 44217 18591
internal_count=577373 191944 385429 146171 185652 199777 198462 127580 45773 141435 39335 44217 18591
is_linear=0
shrinkage=0.01


Tree=58
num_leaves=15
num_cat=0
split_feature=2 3 3 3 1 2 3 3 4 2 9 1 2 8
split_gain=282.439 94.488 90.6221 91.6809 59.8628 49.3398 32.7753 26.679 24.2577 17.6514 16.948 12.2271 6.81379 6.03659
threshold=-0.57207393646240223 -0.41730317473411555 1.2348897457122805 -0.61298078298568714 0.56968489289283764 1.4438790082931521 -2.0281132459640498 1.0783194899559023 -0.35967406630516047 -1.6190616488456724 0.3339963853359223 -1.5246364474296568 -1.7893295884132383 0.0542061384767294
decision_type=2 2 2 2 2 2 2 2 2 2 2 2 2 2
left_child=1 6 3 8 -5 13 12 10 -2 -8 -3 -9 -1 -4
right_child=2 7 5 4 -6 -7 9 11 -10 -11 -12 -13 -14 -15
leaf_value=-0.0015286660961140652 -0.00046583760054272729 -0.00017264194565323607 -0.0010516891080550239 0.00017336834174299913 0.00059350441199744193 -0.0024091728359718519 -0.00083649449006049708 -0.0015374775758444873 2.0956072562714644e-05 -0.00036769535717892806 0.00017119086666153604 -0.00043715175362026861 -0.00086344202508522 -0.00013979002169438369
leaf_weight=3677 25403 96803 1020 308835 38596 1664 12232 1626 15766 34519 16089 4980 12264 3899
leaf_count=3677 25403 96803 1020 308835 38596 1664 12232 1626 15766 34519 16089 4980 12264 3899
internal_value=-2.45954e-06 -0.00032833 0.00014736 0.000167722 0.000220931 -0.000994657 -0.000643228 -0.000160655 -0.000275381 -0.000497653 -0.000121655 -0.000774593 -0.00104632 -0.000401653
internal_weight=577373 182190 395183 388600 347431 6583 62692 119498 41169 46751 112892 6606 15941 4919
internal_count=577373 182190 395183 388600 347431 6583 62692 119498 41169 46751 112892 6606 15941 4919
is_linear=0
shrinkage=0.01


Tree=59
num_leaves=14
num_cat=0
split_feature=4 3 1 2 3 3 6 6 0 1 3 3 2
split_gain=277.98 115.708 100.184 57.7368 46.1074 38.04 31.8127 29.4072 23.487 15.8012 12.1676 5.50864 5.05039
threshold=-0.53420642018318165 -1.6522916555404661 0.39034630358219152 -1.6387761235237119 0.6842622458934785 1.2348897457122805 0.068732015788555159 -0.034695355221629136 0.10843024030327798 -0.076688941568136201 -5.3401625156402579 -0.21111989766359326 -1.2815403938293455
decision_type=2 2 2 2 2 2 2 2 2 2 2 2 2
left_child=1 10 4 11 8 6 -4 -5 -2 -6 -1 -3 -12
right_child=2 3 5 7 9 -7 -8 -9 -10 -11 12 -13 -14
leaf_value=-0.0017043145364911056 -5.9630996499546444e-05 -0.00090694792581489205 8.0694365730871149e-05 -0.00038100547974090609 -0.00052282640298306619 -0.0010840975822360842 0.0004221692974311496 -5.3200689689952805e-05 0.00018306648110013235 -0.00012745094356142613 -0.0010242331287533225 -0.00047332676443694776 -0.00063400023010291233
leaf_weight=2261 63533 10391 36453 37509 15659 1616 131803 107359 102275 34090 11247 9207 13970
leaf_count=2261 63533 10391 36453 37509 15659 1616 131803 107359 102275 34090 11247 9207 13970
internal_value=-2.48636e-06 -0.000313568 0.000151996 -0.000211019 7.86755e-06 0.000333486 0.000349559 -0.000139862 8.8907e-05 -0.000257499 -0.000914174 -0.000720177 -0.000822606
internal_weight=577373 191944 385429 164466 215557 169872 168256 144868 165808 49749 27478 19598 25217
internal_count=577373 191944 385429 164466 215557 169872 168256 144868 165808 49749 27478 19598 25217
is_linear=0
shrinkage=0.01


Tree=60
num_leaves=15
num_cat=0
split_feature=4 3 1 1 3 3 6 6 3 3 4 2 1 4
split_gain=272.567 113.615 98.2303 44.5169 39.0413 35.7073 28.7535 24.8238 22.4984 20.3769 17.8687 14.5848 14.4026 0.129206
threshold=-0.53420642018318165 -1.0550137758255003 0.35435530543327337 0.090692572295665755 0.6842622458934785 1.3669795393943789 0.11999846622347833 0.18698836863040927 -3.60377025604248 -0.41730317473411555 -1.5072475671768186 -1.2655140757560728 0.26038728654384619 -1.5072475671768186
decision_type=2 2 2 2 2 2 2 2 2 2 2 2 2 2
left_child=1 8 4 7 9 6 -4 -3 13 -2 -5 -10 -6 -1
right_child=2 3 5 10 12 -7 -8 -9 11 -11 -12 -13 -14 -15
leaf_value=-0.0014364555423723444 -0.00023469452422440176 -0.00044815819751392225 0.00016831695172785305 -0.00051609317398264428 -0.00037844471716629897 -0.0012021419274268778 0.00041863194875370368 0 -0.00088868432241410338 0.0001141669672910759 4.6954255834651896e-05 -0.00045598772709684799 2.0112487976183427e-05 -0.00055985126901195691
leaf_weight=5226 18905 55915 82011 5944 33054 1315 116451 16295 15915 122530 68017 23420 11163 1212
leaf_count=5226 18905 55915 82011 5944 33054 1315 116451 16295 15915 122530 68017 23420 11163 1212
internal_value=-2.50749e-06 -0.000310548 0.00015046 -0.000172122 -1.41424e-05 0.000304285 0.000316474 -0.000348376 -0.000745574 6.58585e-05 0 -0.000639726 -0.000273685 -0.0013234
internal_weight=577373 191944 385429 146171 185652 199777 198462 72210 45773 141435 73961 39335 44217 6438
internal_count=577373 191944 385429 146171 185652 199777 198462 72210 45773 141435 73961 39335 44217 6438
is_linear=0
shrinkage=0.01


Tree=61
num_leaves=15
num_cat=0
split_feature=2 3 3 3 1 2 2 3 6 3 9 1 3 8
split_gain=268.144 89.6278 87.432 87.8248 57.8089 48.3461 31.0411 25.8721 24.6808 23.4146 16.4369 12.0039 8.48271 5.997
threshold=-0.57207393646240223 -0.41730317473411555 1.2348897457122805 -0.61298078298568714 0.56968489289283764 1.4438790082931521 -1.6586256027221677 1.0783194899559023 0.13674540817737582 -2.462729692459106 0.3339963853359223 -1.5246364474296568 -3.60377025604248 0.0542061384767294
decision_type=2 2 2 2 2 2 2 2 2 2 2 2 2 2
left_child=1 6 3 9 -5 13 12 10 -8 -2 -3 -9 -1 -4
right_child=2 7 5 4 -6 -7 8 11 -10 -11 -12 -13 -14 -15
leaf_value=-0.0017190479508642754 -0.00095205246829857787 -0.00016848124903798422 -0.0010372844566896436 0.00016880074404204394 0.00058169251129675491 -0.0023781686400706869 -0.0006112330544108301 -0.001516653184161783 -4.8052350632800064e-05 -0.00017795918370957793 0.00017010724735324931 -0.00042697417212516015 -0.00086971995701315018 -0.00013099519011021982
leaf_weight=2127 4424 96803 1020 308835 38596 1664 35171 1626 11040 36745 16089 4980 14354 3899
leaf_count=2127 4424 96803 1020 308835 38596 1664 35171 1626 11040 36745 16089 4980 14354 3899
internal_value=-2.51269e-06 -0.000320037 0.000143457 0.000163466 0.000215552 -0.000978231 -0.00062676 -0.000156673 -0.000481783 -0.000270178 -0.000118243 -0.00076126 -0.00101062 -0.000391177
internal_weight=577373 182190 395183 388600 347431 6583 62692 119498 46211 41169 112892 6606 16481 4919
internal_count=577373 182190 395183 388600 347431 6583 62692 119498 46211 41169 112892 6606 16481 4919
is_linear=0
shrinkage=0.01


Tree=62
num_leaves=14
num_cat=0
split_feature=4 3 1 2 3 3 6 6 0 1 3 4 2
split_gain=263.325 109.902 95.4652 55.3808 44.2762 36.3171 30.8152 28.0908 22.6859 15.094 11.7241 5.37255 4.68053
threshold=-0.53420642018318165 -1.6522916555404661 0.39034630358219152 -1.6387761235237119 0.6842622458934785 1.2348897457122805 0.068732015788555159 -0.034695355221629136 0.10843024030327798 -0.076688941568136201 -5.3401625156402579 -1.7232012152671812 -1.2815403938293455
decision_type=2 2 2 2 2 2 2 2 2 2 2 2 2
left_child=1 10 4 11 8 6 -4 -5 -2 -6 -1 -3 -12
right_child=2 3 5 7 9 -7 -8 -9 -10 -11 12 -13 -14
leaf_value=-0.0016665997330301049 -5.9431558753958359e-05 -0.0010511537012921617 7.604278507239872e-05 -0.00037130887848802385 -0.00051240501749852722 -0.001059578825154053 0.00041214047386001039 -5.088391759770725e-05 0.00017907539612421338 -0.00012563613068177997 -0.00099653358120127718 -0.00056173086258653982 -0.0006171193124538787
leaf_weight=2261 63533 4918 36453 37509 15659 1616 131803 107359 102275 34090 11247 14680 13970
leaf_count=2261 63533 4918 36453 37509 15659 1616 131803 107359 102275 34090 11247 14680 13970
internal_value=-2.54684e-06 -0.000305326 0.000147799 -0.000205343 7.08531e-06 0.000324961 0.000340688 -0.000135624 8.65199e-05 -0.000252944 -0.000890722 -0.000704029 -0.00080072
internal_weight=577373 191944 385429 164466 215557 169872 168256 144868 165808 49749 27478 19598 25217
internal_count=577373 191944 385429 164466 215557 169872 168256 144868 165808 49749 27478 19598 25217
is_linear=0
shrinkage=0.01


Tree=63
num_leaves=15
num_cat=0
split_feature=3 1 3 3 1 4 3 9 6 2 6 1 3 2
split_gain=259.358 161.102 57.1525 49.2649 48.0089 38.7841 33.4761 32.8976 24.1592 20.2318 17.2588 9.64939 9.33758 1.18784
threshold=-0.61298078298568714 0.090692572295665755 -2.2965553998947139 1.3669795393943789 0.53977954387664806 -0.30099482834339136 1.0783194899559023 0.092859849333763136 0.18562854081392291 -1.6776536107063291 0.041451960802078254 -1.5246364474296568 -4.2125575542449942 -1.3509529232978819
decision_type=2 2 2 2 2 2 2 2 2 2 2 2 2 2
left_child=2 3 12 8 6 9 -3 -6 -2 -4 -7 -5 -1 -14
right_child=1 4 5 11 7 10 -8 -9 -10 -11 -12 -13 13 -15
leaf_value=-0.00145494225301436 -0.00023654898844506522 0.00017101091208104882 -0.00096706238814854106 -0.0019045107123785833 0.00075103621485103622 -0.00046862258262558013 -0.00048593425871325382 0.0002449659267176522 7.1816237609715708e-05 -0.00040211741741032333 0.00019763818019663434 -0.00071714382099506203 -0.0010133982423219964 -0.00060922301882320644
leaf_weight=4580 99052 283903 8153 1436 24711 5032 7636 30546 32846 47239 14676 3854 5632 8077
leaf_count=4580 99052 283903 8153 1436 24711 5032 7636 30546 32846 47239 14676 3854 5632 8077
internal_value=-2.56777e-06 9.02341e-05 -0.000484811 -0.00019891 0.000205241 -0.000356782 0.000152797 0.00047678 -0.000158252 -0.000492048 1.44782e-05 -0.00113353 -0.000990173 -0.000801832
internal_weight=577373 483984 93389 137188 346796 75100 291539 55257 131898 55392 19708 5290 18289 13709
internal_count=577373 483984 93389 137188 346796 75100 291539 55257 131898 55392 19708 5290 18289 13709
is_linear=0
shrinkage=0.01


Tree=64
num_leaves=15
num_cat=0
split_feature=2 3 3 3 1 2 2 3 6 0 3 1 3 8
split_gain=254.894 85.0527 84.3321 83.9991 59.3212 47.6198 29.3558 24.71 23.7033 15.9188 12.8524 11.5699 8.17122 4.40739
threshold=-0.57207393646240223 -0.41730317473411555 1.2348897457122805 -1.0550137758255003 0.53977954387664806 1.3972815275192263 -1.6586256027221677 1.0783194899559023 0.13674540817737582 0.26593969762325292 -2.462729692459106 -1.5246364474296568 -3.60377025604248 0.087740603834390654
decision_type=2 2 2 2 2 2 2 2 2 2 2 2 2 2
left_child=1 6 3 10 -5 13 12 9 -8 -3 -2 -9 -1 -4
right_child=2 7 5 4 -6 -7 8 11 -10 -11 -12 -13 -14 -15
leaf_value=-0.0016801823937396857 -0.00092951157601778029 -0.00020236323997256477 -0.00082147451775888176 0.00014120660297969222 0.00049908878408624565 -0.0022719974182398676 -0.00059659773908271423 -0.0014858312582697103 -4.443571324644774e-05 4.3013694545524327e-05 -0.00029122560694047107 -0.00041507775318288804 -0.00084615288692953402 -7.8753092825459108e-05
leaf_weight=2127 4424 73645 1316 311528 55125 1821 35171 1626 11040 39247 17523 4980 14354 3446
leaf_count=2127 4424 73645 1316 311528 55125 1821 35171 1626 11040 39247 17523 4980 14354 3446
internal_value=-2.57959e-06 -0.000312168 0.000139729 0.00015939 0.000195801 -0.000961845 -0.00061099 -0.000152968 -0.000469753 -0.000115364 -0.000436152 -0.000743936 -0.000984635 -0.000349151
internal_weight=577373 182190 395183 388600 366653 6583 62692 119498 46211 112892 21947 6606 16481 4762
internal_count=577373 182190 395183 388600 366653 6583 62692 119498 46211 112892 21947 6606 16481 4762
is_linear=0
shrinkage=0.01


Tree=65
num_leaves=14
num_cat=0
split_feature=4 3 1 2 3 3 6 6 0 1 3 4 2
split_gain=250.791 103.987 91.0963 52.8169 43.023 34.9914 30.1461 26.8741 21.7914 14.3383 11.2555 5.18003 4.38807
threshold=-0.53420642018318165 -1.6522916555404661 0.39034630358219152 -1.6387761235237119 0.6842622458934785 1.2348897457122805 0.068732015788555159 -0.034695355221629136 0.10843024030327798 -0.076688941568136201 -5.3401625156402579 -1.7232012152671812 -1.2815403938293455
decision_type=2 2 2 2 2 2 2 2 2 2 2 2 2
left_child=1 10 4 11 8 6 -4 -5 -2 -6 -1 -3 -12
right_child=2 3 5 7 9 -7 -8 -9 -10 -11 12 -13 -14
leaf_value=-0.0016284562362709348 -5.805365513502193e-05 -0.0010290989941077106 7.0891007831249588e-05 -0.00036322013168076968 -0.0005027903385302413 -0.0010414745676124034 0.00040327534151611002 -4.9745072993972682e-05 0.00017566346482572251 -0.00012533728649333928 -0.00097003001582555027 -0.00054781955520590887 -0.00059999474456711496
leaf_weight=2261 63533 4918 36453 37509 15659 1616 131803 107359 102275 34090 11247 14680 13970
leaf_count=2261 63533 4918 36453 37509 15659 1616 131803 107359 102275 34090 11247 14680 13970
internal_value=-2.61258e-06 -0.000298105 0.000144103 -0.000200805 6.62603e-06 0.000317163 0.000332621 -0.000132677 8.49428e-05 -0.000249686 -0.000867602 -0.000687872 -0.000779237
internal_weight=577373 191944 385429 164466 215557 169872 168256 144868 165808 49749 27478 19598 25217
internal_count=577373 191944 385429 164466 215557 169872 168256 144868 165808 49749 27478 19598 25217
is_linear=0
shrinkage=0.01


Tree=66
num_leaves=15
num_cat=0
split_feature=3 1 3 3 1 4 9 3 9 2 6 1 3 2
split_gain=246.7 153.524 54.1431 47.4198 45.6651 36.8863 32.309 32.1633 23.6594 19.0492 16.7466 9.34209 8.9248 1.09732
threshold=-0.61298078298568714 0.090692572295665755 -2.2965553998947139 1.3669795393943789 0.53977954387664806 -0.30099482834339136 0.092859849333763136 1.0783194899559023 0.11105367168784143 -1.6776536107063291 0.041451960802078254 -1.5246364474296568 -4.2125575542449942 -1.3509529232978819
decision_type=2 2 2 2 2 2 2 2 2 2 2 2 2 2
left_child=2 3 12 8 7 9 -6 -3 -2 -4 -7 -5 -1 -14
right_child=1 4 5 11 6 10 -8 -9 -10 -11 -12 -13 13 -15
leaf_value=-0.0014202084821862244 -0.00022829242546265017 0.00016683633792919489 -0.00094174166864158173 -0.0018704945377864327 0.00073669183279670382 -0.00046215696582149561 0.00023536499586401577 -0.00047700451986616683 8.4774554985017197e-05 -0.00039263320048561089 0.00019416653584179445 -0.00070090976652810054 -0.0009870251165146214 -0.00059170621701006812
leaf_weight=4580 101436 283903 8153 1436 24711 5032 30546 7636 30462 47239 14676 3854 5632 8077
leaf_count=4580 101436 283903 8153 1436 24711 5032 30546 7636 30462 47239 14676 3854 5632 8077
internal_value=-2.63237e-06 8.78678e-05 -0.000472968 -0.000194376 0.000200144 -0.000348235 0.000465014 0.000148972 -0.000154456 -0.00048015 1.35833e-05 -0.00111141 -0.000965032 -0.00078035
internal_weight=577373 483984 93389 137188 346796 75100 55257 291539 131898 55392 19708 5290 18289 13709
internal_count=577373 483984 93389 137188 346796 75100 55257 291539 131898 55392 19708 5290 18289 13709
is_linear=0
shrinkage=0.01


Tree=67
num_leaves=14
num_cat=0
split_feature=4 3 1 2 3 3 6 6 0 1 3 4 2
split_gain=242.342 100.039 88.0108 51.0794 41.9324 34.2248 29.4948 26.0802 21.0596 13.8525 10.8635 5.02278 4.17359
threshold=-0.53420642018318165 -1.6522916555404661 0.39034630358219152 -1.6387761235237119 0.6842622458934785 1.2348897457122805 0.068732015788555159 -0.034695355221629136 0.10843024030327798 0.26038728654384619 -5.3401625156402579 -1.7232012152671812 -1.2815403938293455
decision_type=2 2 2 2 2 2 2 2 2 2 2 2 2
left_child=1 10 4 11 8 6 -4 -5 -2 -6 -1 -3 -12
right_child=2 3 5 7 9 -7 -8 -9 -10 -11 12 -13 -14
leaf_value=-0.0016004471191203571 -5.6772852254270267e-05 -0.0010132880780683289 6.806735097353654e-05 -0.00035774950797029357 -0.00036469070135889455 -0.0010318089733572086 0.00039685976995807283 -4.8896375162686013e-05 0.00017294956569850029 0 -0.00095182488398136379 -0.0005383735934132327 -0.0005886122425941509
leaf_weight=2261 63533 4918 36453 37509 33054 1616 131803 107359 102275 16695 11247 14680 13970
leaf_count=2261 63533 4918 36453 37509 33054 1616 131803 107359 102275 16695 11247 14680 13970
internal_value=-2.64297e-06 -0.000293121 0.000141574 -0.000197652 6.42949e-06 0.000311679 0.000326979 -0.000130626 8.37592e-05 -0.000246601 -0.000851755 -0.000676685 -0.000764692
internal_weight=577373 191944 385429 164466 215557 169872 168256 144868 165808 49749 27478 19598 25217
internal_count=577373 191944 385429 164466 215557 169872 168256 144868 165808 49749 27478 19598 25217
is_linear=0
shrinkage=0.01


Tree=68
num_leaves=15
num_cat=0
split_feature=3 1 3 3 1 4 9 3 6 2 6 1 3 2
split_gain=238.683 148.256 52.1023 46.405 44.388 35.4742 31.6899 31.2341 23.4104 18.2993 16.3395 9.16206 8.57924 0.995952
threshold=-0.61298078298568714 0.090692572295665755 -2.2965553998947139 1.3669795393943789 0.53977954387664806 -0.30099482834339136 0.092859849333763136 1.0783194899559023 0.18562854081392291 -1.6776536107063291 0.041451960802078254 -1.5246364474296568 -4.2125575542449942 -1.3509529232978819
decision_type=2 2 2 2 2 2 2 2 2 2 2 2 2 2
left_child=2 3 12 8 7 9 -6 -3 -2 -4 -7 -5 -1 -14
right_child=1 4 5 11 6 10 -8 -9 -10 -11 -12 -13 13 -15
leaf_value=-0.0013956525883808827 -0.00022860286987880555 0.00016383807386157113 -0.00092505690507234059 -0.0018501709475783144 0.00072688870230231805 -0.00045808802811676092 0.00023037494912709938 -0.0004705668349472955 7.4977447228263128e-05 -0.0003862592576196465 0.00019031525822426774 -0.00069118170957589015 -0.00096885325120839164 -0.00058097252474151079
leaf_weight=4580 99052 283903 8153 1436 24711 5032 30546 7636 32846 47239 14676 3854 5632 8077
leaf_count=4580 99052 283903 8153 1436 24711 5032 30546 7636 32846 47239 14676 3854 5632 8077
internal_value=-2.6611e-06 8.63507e-05 -0.000465296 -0.000190996 0.000196689 -0.000342846 0.000457844 0.000146225 -0.00015149 -0.000472204 1.17748e-05 -0.00109817 -0.000948147 -0.000766343
internal_weight=577373 483984 93389 137188 346796 75100 55257 291539 131898 55392 19708 5290 18289 13709
internal_count=577373 483984 93389 137188 346796 75100 55257 291539 131898 55392 19708 5290 18289 13709
is_linear=0
shrinkage=0.01


Tree=69
num_leaves=15
num_cat=0
split_feature=2 3 3 3 1 2 2 3 6 9 3 1 3 8
split_gain=234.936 79.8146 78.0988 77.8784 54.9035 47.0527 26.7624 22.9563 22.3543 15.2547 11.839 10.9638 7.73765 5.92676
threshold=-0.57207393646240223 1.2348897457122805 -0.41730317473411555 -1.0550137758255003 0.53977954387664806 1.4438790082931521 -1.6586256027221677 1.0783194899559023 0.13674540817737582 0.3339963853359223 -2.462729692459106 -1.5246364474296568 -3.60377025604248 0.0542061384767294
decision_type=2 2 2 2 2 2 2 2 2 2 2 2 2 2
left_child=2 3 6 10 -5 13 12 9 -8 -4 -2 -9 -1 -3
right_child=1 5 7 4 -6 -7 8 11 -10 -11 -12 -13 -14 -15
leaf_value=-0.0016200560770200851 -0.00089470595025008704 -0.00099619286306790221 -0.00015939261363541758 0.00013559775002047124 0.00047998106432382582 -0.0023169666234409596 -0.00057416484232541878 -0.0014393279745308774 -3.7703658017284352e-05 0.00016672230418621781 -0.00028044208011697392 -0.00039614565836634932 -0.00080879975844374273 -0.00010391417525807056
leaf_weight=2127 4424 1020 96803 311528 55125 1664 35171 1626 11040 16089 17523 4980 14354 3899
leaf_count=2127 4424 1020 96803 311528 55125 1664 35171 1626 11040 16089 17523 4980 14354 3899
internal_value=-2.67107e-06 0.000133939 -0.000299906 0.000153079 0.000188153 -0.000937657 -0.000586302 -0.000147255 -0.000451026 -0.000110935 -0.000420255 -0.000717051 -0.000943657 -0.000359699
internal_weight=577373 395183 182190 388600 366653 6583 62692 119498 46211 112892 21947 6606 16481 4919
internal_count=577373 395183 182190 388600 366653 6583 62692 119498 46211 112892 21947 6606 16481 4919
is_linear=0
shrinkage=0.01


Tree=70
num_leaves=15
num_cat=0
split_feature=4 3 1 2 3 4 6 0 6 3 1 3 6 8
split_gain=230.814 94.637 83.9867 48.7281 40.7471 33.6276 30.9169 26.9911 24.9577 20.387 13.2729 10.4281 5.9854 4.84593
threshold=-0.53420642018318165 -1.6522916555404661 0.39034630358219152 -1.6387761235237119 0.6842622458934785 1.5270777344703677 0.068732015788555159 0.56831178069114696 -0.034695355221629136 -0.41730317473411555 0.26038728654384619 -5.3401625156402579 -1.2200593948364256 0.16960648447275165
decision_type=2 2 2 2 2 2 2 2 2 2 2 2 2 2
left_child=1 11 4 13 9 6 -4 -7 -5 -2 -6 -1 -13 -3
right_child=2 3 5 8 10 7 -8 -9 -10 -11 -12 12 -14 -15
leaf_value=-0.0015638029873039521 -0.0001989491854544178 -0.00070227628287238236 6.6147988704104782e-05 -0.00034998705448972307 -0.00035905014732786451 2.351909213804399e-06 0.00040909125893192429 -0.001264823310586641 -4.7788725233617793e-05 0.00012611683303316649 -1.1206002307764428e-06 -0.00033451939784367627 -0.00082930532344737383 0
leaf_weight=2261 21671 18334 35097 37509 33054 6020 126775 1980 107359 144137 16695 4915 20302 1264
leaf_count=2261 21671 18334 35097 37509 33054 6020 126775 1980 107359 144137 16695 4915 20302 1264
internal_value=-2.70271e-06 -0.000286196 0.000138034 -0.000193293 5.99434e-06 0.000304204 0.000336142 -0.000310084 -0.000127787 8.22376e-05 -0.000243424 -0.000829612 -0.000744127 -0.000661232
internal_weight=577373 191944 385429 164466 215557 169872 161872 8000 144868 165808 49749 27478 25217 19598
internal_count=577373 191944 385429 164466 215557 169872 161872 8000 144868 165808 49749 27478 25217 19598
is_linear=0
shrinkage=0.01


Tree=71
num_leaves=15
num_cat=0
split_feature=2 3 3 3 1 2 3 3 3 9 2 1 2 8
split_gain=226.942 78.0837 75.6864 75.4108 50.4323 46.1349 25.9457 22.3918 19.7437 14.8814 13.8807 10.7375 6.37969 5.8094
threshold=-0.57207393646240223 1.2348897457122805 -0.61298078298568714 -0.41730317473411555 0.56968489289283764 1.4438790082931521 -2.0281132459640498 1.0783194899559023 -2.462729692459106 0.3339963853359223 -1.6190616488456724 -1.5246364474296568 -1.7893295884132383 0.0542061384767294
decision_type=2 2 2 2 2 2 2 2 2 2 2 2 2 2
left_child=3 2 8 6 -4 13 12 9 -2 -5 -8 -9 -1 -3
right_child=1 5 4 7 -6 -7 10 11 -10 -11 -12 -13 -14 -15
leaf_value=-0.0013941605991735636 -0.00087916254044943234 -0.00098584811056040425 0.00015514194986514243 -0.0001567961740841749 0.00054094669120289054 -0.002294315854101212 -0.00074794075437886677 -0.0014225067687373882 -0.00016665466518341949 0.00016526885766925611 -0.00032929761246893341 -0.00038964315228012277 -0.00076283103214685815 -0.00010187859517851266
leaf_weight=3677 4424 1020 308835 96803 38596 1664 12232 1626 36745 16089 34519 4980 12264 3899
leaf_count=3677 4424 1020 308835 96803 38596 1664 12232 1626 36745 16089 34519 4980 12264 3899
internal_value=-2.71176e-06 0.000131547 0.000150485 -0.000294851 0.000198863 -0.000928341 -0.000576295 -0.00014481 -0.000251935 -0.000108917 -0.000445811 -0.000707589 -0.000936317 -0.000355604
internal_weight=577373 395183 388600 182190 347431 6583 62692 119498 41169 112892 46751 6606 15941 4919
internal_count=577373 395183 388600 182190 347431 6583 62692 119498 41169 112892 46751 6606 15941 4919
is_linear=0
shrinkage=0.01


Tree=72
num_leaves=16
num_cat=0
split_feature=4 3 1 1 3 4 6 0 6 1 2 3 0 3 4
split_gain=223.036 91.1404 81.4466 37.424 34.3195 33.7828 27.6068 24.4491 21.1448 19.681 18.5699 17.9856 10.7097 7.70768 5.66812
threshold=-0.53420642018318165 -1.0550137758255003 0.35435530543327337 -0.0084134442731738073 0.74066853523254406 1.5270777344703677 0.071854323148727431 0.56831178069114696 0.17913687229156497 -0.31803913414478296 -1.2983934879302976 -0.049661997705698006 -1.2933660745620725 -1.506338834762573 -2.0033174753189082
decision_type=2 2 2 2 2 2 2 2 2 2 2 2 2 2 2
left_child=1 10 4 8 9 6 -4 -7 -3 -2 14 -5 -6 -12 -1
right_child=2 3 5 11 12 7 -8 -9 -10 -11 13 -13 -14 -15 -16
leaf_value=0 -0.00017608717577225191 -0.00044599059960985136 7.5270265294577311e-05 -0.00018045799747325121 -0.0010462621484898247 0 0.00037028177934460521 -0.0011910155723481458 0 0.00010964272837942202 -0.00061396635406667363 0.00011194971565231629 -0.00024041092507964818 -0.00021465292153217006 -0.00096882043631950137
leaf_weight=1028 29570 47312 42842 37902 1756 7263 147561 2111 14621 119918 17352 46336 34408 9655 17738
leaf_count=1028 29570 47312 42842 37902 1756 7263 147561 2111 14621 119918 17352 46336 34408 9655 17738
internal_value=-2.74271e-06 -0.000281424 0.000135596 -0.000157243 -1.41977e-05 0.000275674 0.0003051 -0.00029502 -0.000343613 5.16271e-05 -0.000671223 -1.73633e-05 -0.000290579 -0.00048119 -0.000926203
internal_weight=577373 191944 385429 146171 185652 199777 190403 9374 61933 149488 45773 84238 36164 27007 18766
internal_count=577373 191944 385429 146171 185652 199777 190403 9374 61933 149488 45773 84238 36164 27007 18766
is_linear=0
shrinkage=0.01


Tree=73
num_leaves=15
num_cat=0
split_feature=3 1 3 3 3 1 2 4 9 2 6 1 3 2
split_gain=218.872 137.261 47.886 43.8281 41.7316 43.4321 39.0355 32.9604 22.5574 16.7576 15.7586 8.76119 8.37643 1.41411
threshold=-0.61298078298568714 0.090692572295665755 -2.2965553998947139 1.3669795393943789 1.0783194899559023 0.56968489289283764 1.4705777168273928 -0.30099482834339136 0.11105367168784143 -1.6776536107063291 0.041451960802078254 -1.5246364474296568 -5.3401625156402579 -1.2983934879302976
decision_type=2 2 2 2 2 2 2 2 2 2 2 2 2 2
left_child=2 3 12 8 5 -3 -6 9 -2 -4 -9 -5 -1 -14
right_child=1 4 7 11 6 -7 -8 10 -10 -11 -12 -13 13 -15
leaf_value=-0.0015616267577137893 -0.00021807189204985013 0.00016462655841369174 -0.00088709753958227848 -0.0018016761560323206 -0.00015930235976286254 0.00051978941494779964 -0.0020065992707963358 -0.00044787698281780353 8.763336985916339e-05 -0.00037036309124506203 0.00018872949610851945 -0.0006673233501821792 -0.0009652337692103287 -0.00059012122229549851
leaf_weight=2384 101436 297985 8153 1436 7938 39654 1219 5032 30462 47239 14676 3854 7126 8779
leaf_count=2384 101436 297985 8153 1436 7938 39654 1219 5032 30462 47239 14676 3854 7126 8779
internal_value=-2.75168e-06 8.24713e-05 -0.000445785 -0.000184367 0.000188651 0.000207214 -0.000464226 -0.000328225 -0.000145929 -0.000452935 1.32734e-05 -0.0010661 -0.000908932 -0.000780503
internal_weight=577373 483984 93389 137188 346796 337639 9157 75100 131898 55392 19708 5290 18289 15905
internal_count=577373 483984 93389 137188 346796 337639 9157 75100 131898 55392 19708 5290 18289 15905
is_linear=0
shrinkage=0.01


Tree=74
num_leaves=15
num_cat=0
split_feature=2 3 3 3 1 2 2 3 6 3 9 1 3 8
split_gain=215.512 75.3306 71.9955 71.3826 46.5651 44.7925 24.7201 21.4968 21.3228 17.3096 14.2938 10.3223 7.4957 4.1876
threshold=-0.57207393646240223 1.2348897457122805 -0.69839921593666066 -0.41730317473411555 0.56968489289283764 1.3972815275192263 -1.6586256027221677 1.0783194899559023 0.13674540817737582 -2.462729692459106 0.3339963853359223 -1.5246364474296568 -3.60377025604248 0.087740603834390654
decision_type=2 2 2 2 2 2 2 2 2 2 2 2 2 2
left_child=3 2 9 6 -4 13 12 10 -8 -2 -5 -9 -1 -3
right_child=1 5 4 7 -6 -7 8 11 -10 -11 -12 -13 -14 -15
leaf_value=-0.001567664799108068 -0.00085940132592296178 -0.00077517551227210409 0.00014891985113592719 -0.00015316899577870618 0.00051710881256632646 -0.0021827406302428096 -0.00055120138693234974 -0.0013945657250482636 -2.7414999555963937e-05 -0.00018200723136297477 0.00016239711619450196 -0.000380229335791635 -0.00077301474728744843 -5.6496135514608604e-05
leaf_weight=2127 4424 1316 313203 96803 39155 1821 35171 1626 11040 31818 16089 4980 14354 3446
leaf_count=2127 4424 1316 313203 96803 39155 1821 35171 1626 11040 31818 16089 4980 14354 3446
internal_value=-2.77512e-06 0.00012805 0.00014666 -0.00028747 0.000190671 -0.00091294 -0.000561329 -0.000141428 -0.000431033 -0.000274446 -0.000106219 -0.000692928 -0.000905126 -0.000318652
internal_weight=577373 395183 388600 182190 352358 6583 62692 119498 46211 36242 112892 6606 16481 4762
internal_count=577373 395183 388600 182190 352358 6583 62692 119498 46211 36242 112892 6606 16481 4762
is_linear=0
shrinkage=0.01


Tree=75
num_leaves=15
num_cat=0
split_feature=4 3 1 2 3 4 6 0 6 0 3 3 6 4
split_gain=212.277 86.3616 78.1045 45.3713 39.0341 32.0333 29.7029 25.8842 23.4437 21.6607 13.7198 9.9886 6.23041 4.80961
threshold=-0.53420642018318165 -1.6522916555404661 0.39034630358219152 -1.6387761235237119 0.63436561822891246 1.5270777344703677 0.068732015788555159 0.56831178069114696 -0.034695355221629136 0.10843024030327798 1.0212584733963015 -5.3401625156402579 -1.2200593948364256 -1.7232012152671812
decision_type=2 2 2 2 2 2 2 2 2 2 2 2 2 2
left_child=1 11 4 13 9 6 -4 -7 -5 -2 -6 -1 -13 -3
right_child=2 3 5 8 10 7 -8 -9 -10 -11 -12 12 -14 -15
leaf_value=-0.0015109003424383803 -5.6937883350823641e-05 -0.00096464732224865041 5.8953713567248309e-05 -0.00033795409958379863 -0.00012879608330550277 0 0.00039506858922062855 -0.0012416918643109699 -4.500747585816768e-05 0.00018212642319217435 -0.00051658215251032947 -0.00030076498817037953 -0.0007958881756918387 -0.0005029241468402629
leaf_weight=2261 60771 4918 35097 37509 46770 6020 126775 1980 107359 95920 12096 4915 20302 14680
leaf_count=2261 60771 4918 35097 37509 46770 6020 126775 1980 107359 95920 12096 4915 20302 14680
internal_value=-2.80301e-06 -0.000274687 0.000132149 -0.000185864 4.78773e-06 0.000292391 0.000323589 -0.000306971 -0.000122597 8.81786e-05 -0.000213345 -0.000793917 -0.000710379 -0.000637467
internal_weight=577373 191944 385429 164466 215557 169872 161872 8000 144868 156691 58866 27478 25217 19598
internal_count=577373 191944 385429 164466 215557 169872 161872 8000 144868 156691 58866 27478 25217 19598
is_linear=0
shrinkage=0.01


Tree=76
num_leaves=15
num_cat=0
split_feature=2 3 3 3 1 2 2 6 3 4 2 6 8 1
split_gain=208.223 73.2338 73.4742 64.9703 47.2235 44.1071 38.7962 20.2736 18.5586 18.4084 6.0614 10.2802 5.51423 0.795328
threshold=-0.60262617468833912 1.2348897457122805 -0.61298078298568714 -2.0281132459640498 0.56968489289283764 1.3972815275192263 -1.6003720164299009 0.20159309357404712 -2.462729692459106 0.6071077585220338 -1.7893295884132383 0.25889272987842565 0.065184373408555998 -1.7503370642662046
decision_type=2 2 2 2 2 2 2 2 2 2 2 2 2 2
left_child=3 2 8 10 -4 12 9 -8 -2 -5 13 -12 -3 -1
right_child=1 5 4 6 -6 -7 7 -9 -10 -11 11 -13 -14 -15
leaf_value=-0.00072172976530034127 -0.00085104199133860818 -0.00090985022022947672 0.00014736372242593116 -0.00062243479905566923 0.00052014172082546367 -0.0021608512334867517 -0.00020957866954855999 9.810453204096457e-05 -0.00016822527764726887 0.0001227240492747661 -0.00082082219622691397 4.7093967074039431e-05 -6.1739744692456937e-05 -0.0016775192719959151
leaf_weight=1702 4551 1050 312426 28521 38678 1821 104298 25828 37494 3188 11024 1042 3775 1975
leaf_count=1702 4551 1050 312426 28521 38678 1821 104298 25828 37494 3188 11024 1042 3775 1975
internal_value=-2.81591e-06 0.000123396 0.000141623 -0.00028791 0.000189271 -0.000898307 -0.000225928 -0.000146917 -0.000250548 -0.00054095 -0.000901697 -0.000730019 -0.000314971 -0.00134675
internal_weight=577373 399795 393149 177578 351104 6646 161835 130126 42045 31709 15743 12066 4825 3677
internal_count=577373 399795 393149 177578 351104 6646 161835 130126 42045 31709 15743 12066 4825 3677
is_linear=0
shrinkage=0.01


Tree=77
num_leaves=16
num_cat=0
split_feature=4 3 1 3 1 4 6 0 0 6 3 3 3 2 4
split_gain=205.005 83.2305 75.7554 38.2607 34.6039 31.303 29.0877 25.3678 21.0967 20.3729 17.3426 17.2495 13.309 11.2855 0.650143
threshold=-0.53420642018318165 -1.0550137758255003 0.39034630358219152 0.63436561822891246 -0.0084134442731738073 1.5270777344703677 0.068732015788555159 0.56831178069114696 0.10843024030327798 0.17913687229156497 -3.60377025604248 -0.049661997705698006 1.0212584733963015 -1.2655140757560728 -1.5072475671768186
decision_type=2 2 2 2 2 2 2 2 2 2 2 2 2 2 2
left_child=1 10 3 8 9 6 -4 -7 -2 -3 14 -6 -5 -12 -1
right_child=2 4 5 12 11 7 -8 -9 -10 -11 13 -13 -14 -15 -16
leaf_value=-0.0012600086463616885 -5.6268317053614195e-05 -0.00043093868336100945 5.6543313361262181e-05 -0.00012822755947496071 -0.00017643325132149824 0 0.00038918046175318049 -0.0012300728371168205 0.00017963914267747429 0 -0.00076860781067308111 0.00010992610892189228 -0.00051042702580398919 -0.00038552164842290863 -0.00043399148387174855
leaf_weight=5226 60771 47312 35097 46770 37902 6020 126775 1980 95920 14621 15915 46336 12096 23420 1212
leaf_count=5226 60771 47312 35097 46770 37902 6020 126775 1980 95920 14621 15915 46336 12096 23420 1212
internal_value=-2.82676e-06 -0.000270019 0.000129788 4.3434e-06 -0.000151265 0.0002876 0.000318451 -0.000304785 8.6915e-05 -0.000330482 -0.000642589 -1.66624e-05 -0.000211612 -0.000548682 -0.0011524
internal_weight=577373 191944 385429 215557 146171 169872 161872 8000 156691 61933 45773 84238 58866 39335 6438
internal_count=577373 191944 385429 215557 146171 169872 161872 8000 156691 61933 45773 84238 58866 39335 6438
is_linear=0
shrinkage=0.01


Tree=78
num_leaves=15
num_cat=0
split_feature=3 1 3 3 3 1 2 4 6 2 6 1 3 2
split_gain=201.232 127.138 43.8354 41.4957 39.0631 40.2022 37.1175 30.5839 21.8685 15.3996 15.2208 8.57735 7.96925 1.34015
threshold=-0.61298078298568714 0.090692572295665755 -2.2965553998947139 1.3669795393943789 1.0783194899559023 0.56968489289283764 1.4705777168273928 -0.30099482834339136 0.18562854081392291 -1.6776536107063291 0.041451960802078254 -1.5246364474296568 -5.3401625156402579 -1.2983934879302976
decision_type=2 2 2 2 2 2 2 2 2 2 2 2 2 2
left_child=2 3 12 8 5 -3 -6 9 -2 -4 -9 -5 -1 -14
right_child=1 4 7 11 6 -7 -8 10 -10 -11 -12 -13 13 -15
leaf_value=-0.0015068415739318 -0.00021505911013714946 0.00015803883180263271 -0.00085209197696053192 -0.0017611210412131781 -0.00015249726764242783 0.00049985955034972181 -0.0019545085249388942 -0.00043935522462099796 7.8356894766339912e-05 -0.00035565389382400439 0.00018621403030674171 -0.00064285922824235944 -0.00092515514253194001 -0.00056061714739088684
leaf_weight=2384 99052 297985 8153 1436 7938 39654 1219 5032 32846 47239 14676 3854 7126 8779
leaf_count=2384 99052 297985 8153 1436 7938 39654 1219 5032 32846 47239 14676 3854 7126 8779
internal_value=-2.82976e-06 7.88724e-05 -0.000427648 -0.000177912 0.000181073 0.000199048 -0.000450408 -0.00031498 -0.000140469 -0.000435124 1.36334e-05 -0.00103595 -0.000871066 -0.000745822
internal_weight=577373 483984 93389 137188 346796 337639 9157 75100 131898 55392 19708 5290 18289 15905
internal_count=577373 483984 93389 137188 346796 337639 9157 75100 131898 55392 19708 5290 18289 15905
is_linear=0
shrinkage=0.01


Tree=79
num_leaves=15
num_cat=0
split_feature=4 3 1 2 3 4 6 0 6 0 3 3 6 4
split_gain=198.032 80.2509 73.2596 42.5992 37.34 30.5945 28.4555 24.8571 22.4761 20.5031 12.7959 9.44197 6.3882 4.70907
threshold=-0.53420642018318165 -1.6522916555404661 0.39034630358219152 -1.6387761235237119 0.63436561822891246 1.5270777344703677 0.068732015788555159 0.56831178069114696 0.13780760765075686 0.10843024030327798 1.0212584733963015 -5.3401625156402579 -1.2200593948364256 -1.7232012152671812
decision_type=2 2 2 2 2 2 2 2 2 2 2 2 2 2
left_child=1 11 4 13 9 6 -4 -7 -5 -2 -6 -1 -13 -3
right_child=2 3 5 8 10 7 -8 -9 -10 -11 -12 12 -14 -15
leaf_value=-0.0014641434720742844 -5.5428955055115408e-05 -0.00093992829500049477 5.4107788062904276e-05 -0.00020825980984339799 -0.00012732338356686071 0 0.00038313425370494261 -0.0012187213842341049 5.1473103590850667e-05 0.00017710788557512736 -0.00050241404981857967 -0.00027549344601991786 -0.00077022318988982511 -0.00048478104255611216
leaf_weight=2261 60771 4918 35097 95504 46770 6020 126775 1980 49364 95920 12096 4915 20302 14680
leaf_count=2261 60771 4918 35097 95504 46770 6020 126775 1980 49364 95920 12096 4915 20302 14680
internal_value=-2.85151e-06 -0.000265466 0.000127482 -0.000179783 4.10642e-06 0.000282673 0.000313184 -0.000302873 -0.000118428 8.56904e-05 -0.000209225 -0.000766079 -0.000684592 -0.000617441
internal_weight=577373 191944 385429 164466 215557 169872 161872 8000 144868 156691 58866 27478 25217 19598
internal_count=577373 191944 385429 164466 215557 169872 161872 8000 144868 156691 58866 27478 25217 19598
is_linear=0
shrinkage=0.01


Tree=80
num_leaves=15
num_cat=0
split_feature=2 3 3 3 1 2 2 3 6 2 3 3 3 8
split_gain=195.076 70.2574 65.7075 65.084 47.4664 42.7961 22.4661 21.0241 19.81 17.9299 11.7317 9.73443 7.07498 5.48956
threshold=-0.57207393646240223 1.2348897457122805 -1.0550137758255003 -0.41730317473411555 0.53977954387664806 1.4438790082931521 -1.6586256027221677 0.3833224773406983 0.13674540817737582 -1.6003720164299009 1.3669795393943789 -2.462729692459106 -3.60377025604248 0.0542061384767294
decision_type=2 2 2 2 2 2 2 2 2 2 2 2 2 2
left_child=3 2 11 6 -4 13 12 9 -8 -5 -9 -2 -1 -3
right_child=1 5 4 7 -6 -7 8 10 -10 -11 -12 -13 -14 -15
leaf_value=-0.0015065199837782375 -0.0008194398005760417 -0.00094113683120011673 0.00012291318106788477 -0.0003721454408200165 0.0004432375240152828 -0.0021991800393327391 -0.00052645434738849372 -0.00023491168704376048 -2.1216498886126723e-05 5.5366952701293145e-05 -0.00081999648875740187 -0.00025831491140406826 -0.0007351203624672921 -8.4480923055708641e-05
leaf_weight=2127 4424 1020 311528 11612 55125 1664 35171 47520 11040 56430 3936 17523 14354 3899
leaf_count=2127 4424 1020 311528 11612 55125 1664 35171 47520 11040 56430 3936 17523 14354 3899
internal_value=-2.85592e-06 0.000121595 0.000139584 -0.000273733 0.000171833 -0.000883642 -0.000535272 -0.000134186 -0.000410672 -1.55381e-05 -0.00028654 -0.000386834 -0.000863534 -0.000331017
internal_weight=577373 395183 388600 182190 366653 6583 62692 119498 46211 68042 51456 21947 16481 4919
internal_count=577373 395183 388600 182190 366653 6583 62692 119498 46211 68042 51456 21947 16481 4919
is_linear=0
shrinkage=0.01


Tree=81
num_leaves=15
num_cat=0
split_feature=3 1 3 2 1 3 3 4 9 6 2 1 3 2
split_gain=191.44 121.532 43.2304 43.6738 42.2729 41.5625 33.2404 29.0872 17.4672 14.7753 14.5388 9.08303 7.65546 1.16985
threshold=-0.61298078298568714 -0.01756293140351772 1.2348897457122805 1.3972815275192263 0.56968489289283764 -2.2965553998947139 1.3669795393943789 -0.30099482834339136 0.10930539295077325 0.041451960802078254 -1.6776536107063291 -1.5246364474296568 -4.2125575542449942 -1.846064507961273
decision_type=2 2 2 2 2 2 2 2 2 2 2 2 2 2
left_child=5 6 4 -4 -3 12 8 10 -2 -9 -7 -8 -1 -14
right_child=1 2 3 -5 -6 7 11 9 -10 -11 -12 -13 13 -15
leaf_value=-0.0012691754831323132 -0.00023818619135743206 0.00013924196999271819 -0.00011900999586991348 -0.0021584386070597353 0.00048583328382628015 -0.00083033960630050235 -0.001733490262760651 -0.00043336374363357337 6.8356052338846779e-05 0.00018300377078187186 -0.00034713510380921485 -0.00057483813351448521 -0.0011237245428382904 -0.00058314200515804395
leaf_weight=4580 84503 326512 4362 1308 40049 8153 1436 5032 22524 14676 47239 3290 1662 12047
leaf_count=4580 84503 326512 4362 1308 40049 8153 1436 5032 22524 14676 47239 3290 1662 12047
internal_value=-2.8824e-06 7.67984e-05 0.000163919 -0.000681065 0.000177899 -0.000417243 -0.000211374 -0.000307418 -0.000171802 1.28092e-05 -0.000424586 -0.00102358 -0.000849195 -0.000678274
internal_weight=577373 483984 372231 5670 366561 93389 111753 75100 107027 19708 55392 4726 18289 13709
internal_count=577373 483984 372231 5670 366561 93389 111753 75100 107027 19708 55392 4726 18289 13709
is_linear=0
shrinkage=0.01


Tree=82
num_leaves=15
num_cat=0
split_feature=4 3 1 2 3 4 6 0 6 3 1 3 6 4
split_gain=188.558 75.9059 70.0574 40.4245 31.1495 30.8095 25.4731 22.3168 21.7494 16.4233 11.7793 9.06006 6.43875 4.57105
threshold=-0.53420642018318165 -1.6522916555404661 0.35435530543327337 -1.6387761235237119 0.6842622458934785 1.5270777344703677 0.11999846622347833 0.56831178069114696 0.13780760765075686 -0.41730317473411555 0.26038728654384619 -5.3401625156402579 -1.0772026181221006 -1.7232012152671812
decision_type=2 2 2 2 2 2 2 2 2 2 2 2 2 2
left_child=1 11 4 13 9 6 -4 -7 -5 -2 -6 -1 -13 -3
right_child=2 3 5 8 10 7 -8 -9 -10 -11 -12 12 -14 -15
leaf_value=-0.0014306080817427401 -0.00021280743992051497 -0.00091976091635684602 0.0001401063513149225 -0.00020435231947840533 -0.00034127019966859846 0 0.00038053424771435703 -0.0011469330474267738 5.1112229187229776e-05 0.00010023593320282444 1.7643007823919176e-05 -0.00028201893062919364 -0.00075773466043091821 -0.00047144796998307807
leaf_weight=2261 18905 4918 78797 95504 33054 7263 111606 2111 49364 122530 11163 5435 19782 14680
leaf_count=2261 18905 4918 78797 95504 33054 7263 111606 2111 49364 122530 11163 5435 19782 14680
internal_value=-2.90391e-06 -0.000259167 0.000124265 -0.000175789 -1.45915e-05 0.00025419 0.000282336 -0.00029057 -0.000115973 5.67393e-05 -0.000246485 -0.000746115 -0.000666099 -0.000602206
internal_weight=577373 191944 385429 164466 185652 199777 190403 9374 144868 141435 44217 27478 25217 19598
internal_count=577373 191944 385429 164466 185652 199777 190403 9374 144868 141435 44217 27478 25217 19598
is_linear=0
shrinkage=0.01


Tree=83
num_leaves=15
num_cat=0
split_feature=2 3 3 3 1 2 2 6 4 3 8 2 6 1
split_gain=185.728 67.4508 65.9583 57.5333 42.7351 41.4708 34.6866 18.948 17.389 16.4937 6.92772 5.92796 9.71983 1.14648
threshold=-0.60262617468833912 1.2348897457122805 -0.61298078298568714 -2.0281132459640498 0.56968489289283764 1.4438790082931521 -1.6003720164299009 0.20159309357404712 0.6071077585220338 -2.462729692459106 0.051288917660713203 -1.7893295884132383 0.25889272987842565 -1.7503370642662046
decision_type=2 2 2 2 2 2 2 2 2 2 2 2 2 2
left_child=3 2 9 11 -4 10 8 -8 -5 -2 -3 13 -13 -1
right_child=1 5 4 6 -6 -7 7 -9 -10 -11 -12 12 -14 -15
leaf_value=-0.00066820887281470289 -0.00080448952647085761 -0.0010024026062467896 0.0001390435709619186 -0.00059112919358218937 0.00049378498341452249 -0.0021617136141455179 -0.00019954499034698512 9.7841069309847765e-05 0.00013236068633024796 -0.00015967288078981207 -6.356673810442893e-05 -0.00077139091134045715 7.0089278815782093e-05 -0.0016139218835058442
leaf_weight=1702 4551 1019 312426 28521 38678 1664 104298 25828 3188 37494 3963 11024 1042 1975
leaf_count=1702 4551 1019 312426 28521 38678 1664 104298 25828 3188 37494 3963 11024 1042 1975
internal_value=-2.9051e-06 0.000116274 0.000133787 -0.000272177 0.00017895 -0.000864153 -0.000213749 -0.000138924 -0.000511749 -0.000237681 -0.000325465 -0.000850044 -0.000682459 -0.00128481
internal_weight=577373 399795 393149 177578 351104 6646 161835 130126 31709 42045 4982 15743 12066 3677
internal_count=577373 399795 393149 177578 351104 6646 161835 130126 31709 42045 4982 15743 12066 3677
is_linear=0
shrinkage=0.01


Tree=84
num_leaves=15
num_cat=0
split_feature=2 3 3 3 1 2 2 3 6 2 4 3 3 8
split_gain=182.077 66.578 61.409 61.0368 41.5737 40.5744 20.9097 20.4848 18.8518 16.8939 16.2989 11.0746 6.8212 3.86581
threshold=-0.57207393646240223 1.2348897457122805 -0.61298078298568714 -0.41730317473411555 0.56968489289283764 1.3972815275192263 -1.6586256027221677 0.3833224773406983 0.14386958628892901 -1.6003720164299009 -0.35967406630516047 1.3669795393943789 -3.60377025604248 0.087740603834390654
decision_type=2 2 2 2 2 2 2 2 2 2 2 2 2 2
left_child=3 2 10 6 -4 13 12 9 -8 -5 -2 -9 -1 -3
right_child=1 5 4 7 -6 -7 8 11 -10 -11 -12 -13 -14 -15
leaf_value=-0.0014653857500177498 -0.00038358601006839571 -0.00073038732818291594 0.00013866740425374892 -0.00035863746753041063 0.00048918600098525231 -0.0020699645064686844 -0.00050669880735156568 -0.00022941453967617622 -5.454410040812473e-06 5.6449122544812833e-05 1.3260525699571499e-05 -0.00079875765021911117 -0.00070905779138992844 -4.1329049180505477e-05
leaf_weight=2127 25403 1316 308835 11612 38596 1821 35690 47520 10521 56430 15766 3936 14354 3446
leaf_count=2127 25403 1316 308835 11612 38596 1821 35690 47520 10521 56430 15766 3936 14354 3446
internal_value=-2.91454e-06 0.000117306 0.000134831 -0.000264621 0.000178441 -0.000861175 -0.000517927 -0.000129416 -0.000397404 -1.2302e-05 -0.000227447 -0.000279761 -0.000835057 -0.000293824
internal_weight=577373 395183 388600 182190 347431 6583 62692 119498 46211 68042 41169 51456 16481 4762
internal_count=577373 395183 388600 182190 347431 6583 62692 119498 46211 68042 41169 51456 16481 4762
is_linear=0
shrinkage=0.01


Tree=85
num_leaves=15
num_cat=0
split_feature=4 3 1 2 3 4 6 0 6 1 3 3 6 4
split_gain=179.203 72.0274 67.382 38.104 35.6406 29.0475 27.5101 23.7674 21.0078 19.405 11.7929 8.83562 6.48143 4.5079
threshold=-0.53420642018318165 -1.6522916555404661 0.39034630358219152 -1.6387761235237119 0.63436561822891246 1.5270777344703677 0.068732015788555159 0.56831178069114696 -0.034695355221629136 -0.72812247276306141 1.0212584733963015 -5.3401625156402579 -1.0772026181221006 -1.7232012152671812
decision_type=2 2 2 2 2 2 2 2 2 2 2 2 2 2
left_child=1 11 4 13 9 6 -4 -7 -5 -2 -6 -1 -13 -3
right_child=2 3 5 8 10 7 -8 -9 -10 -11 -12 12 -14 -15
leaf_value=-0.0014022961025064215 -0.0002542693856123114 -0.00089962588094076872 4.4980304998312745e-05 -0.00031722550591417798 -0.00012679208312618939 0 0.00036836716129735143 -0.0011958105039263226 -3.9834203791624796e-05 0.00011954531707518697 -0.00048766400046436906 -0.0002656695280441066 -0.00073958897298674164 -0.00045626185405357104
leaf_weight=2261 14913 4918 35097 37509 46770 6020 126775 1980 107359 141778 12096 5435 19782 14680
leaf_count=2261 14913 4918 35097 37509 46770 6020 126775 1980 107359 141778 12096 5435 19782 14680
internal_value=-2.92902e-06 -0.000252763 0.000121036 -0.0001715 2.68029e-06 0.000269867 0.000299627 -0.000300524 -0.000113373 8.24141e-05 -0.000205732 -0.000727168 -0.000648208 -0.000585588
internal_weight=577373 191944 385429 164466 215557 169872 161872 8000 144868 156691 58866 27478 25217 19598
internal_count=577373 191944 385429 164466 215557 169872 161872 8000 144868 156691 58866 27478 25217 19598
is_linear=0
shrinkage=0.01


Tree=86
num_leaves=15
num_cat=0
split_feature=3 1 3 2 1 3 3 4 9 6 2 1 3 1
split_gain=175.971 113.004 40.4253 41.5492 39.1304 38.2427 31.4646 26.9723 16.9361 14.2731 13.3428 9.02248 7.24971 1.71423
threshold=-0.61298078298568714 -0.01756293140351772 1.2348897457122805 1.3972815275192263 0.53977954387664806 -2.2965553998947139 1.3669795393943789 -0.30099482834339136 0.10930539295077325 0.041451960802078254 -1.6776536107063291 -1.5246364474296568 -4.2125575542449942 -0.54208210110664357
decision_type=2 2 2 2 2 2 2 2 2 2 2 2 2 2
left_child=5 6 4 -4 -3 12 8 10 -2 -9 -7 -8 -1 -14
right_child=1 2 3 -5 -6 7 11 9 -10 -11 -12 -13 13 -15
leaf_value=-0.0012234093893200518 -0.00023126123251520348 0.00012684020958488216 -0.00011042960254351557 -0.0021002771294602353 0.00042005040333628884 -0.00079702951554412192 -0.0016983120473690431 -0.0004249743806930513 7.0589678666196345e-05 0.00018073554918571422 -0.00033303357125985924 -0.00055067592577874179 -0.00091174914815684563 -0.00049962150218923671
leaf_weight=4580 84503 312302 4362 1308 54259 8153 1436 5032 22524 14676 47239 3290 4090 9619
leaf_count=4580 84503 312302 4362 1308 54259 8153 1436 5032 22524 14676 47239 3290 4090 9619
internal_value=-2.94108e-06 7.34382e-05 0.000157458 -0.000659454 0.000170992 -0.000400221 -0.000204414 -0.000294704 -0.000165858 1.33191e-05 -0.000407547 -0.000994782 -0.000814813 -0.000648299
internal_weight=577373 483984 372231 5670 366561 93389 111753 75100 107027 19708 55392 4726 18289 13709
internal_count=577373 483984 372231 5670 366561 93389 111753 75100 107027 19708 55392 4726 18289 13709
is_linear=0
shrinkage=0.01


Tree=87
num_leaves=15
num_cat=0
split_feature=2 3 3 3 1 2 3 2 6 2 3 3 3 8
split_gain=173.184 63.9895 58.6325 58.0051 42.6973 39.3016 19.9577 19.8475 18.1562 16.1922 10.4483 8.66482 6.60338 5.16144
threshold=-0.57207393646240223 1.2348897457122805 -1.0550137758255003 -0.41730317473411555 -0.098752886056900011 1.4438790082931521 0.3833224773406983 -1.6586256027221677 0.13674540817737582 -1.6003720164299009 1.3669795393943789 -2.462729692459106 -3.60377025604248 0.0542061384767294
decision_type=2 2 2 2 2 2 2 2 2 2 2 2 2 2
left_child=3 2 11 7 -4 13 9 12 -9 -5 -8 -2 -1 -3
right_child=1 5 4 6 -6 -7 10 8 -10 -11 -12 -13 -14 -15
leaf_value=-0.0014345162387239517 -0.00077499129696529669 -0.00090407666835750722 -0.00021772150290158034 -0.00034989704643743447 0.00019258466040941336 -0.0021062603475364341 -0.00022561096842046386 -0.00049831135844566451 -1.4199869792188448e-05 5.6526445741430264e-05 -0.00077970532627519122 -0.00024344342749589459 -0.00069036366036196741 -7.3710848194703544e-05
leaf_weight=2127 4424 1020 26793 11612 339860 1664 47520 35171 11040 56430 3936 17523 14354 3899
leaf_count=2127 4424 1020 26793 11612 339860 1664 47520 35171 11040 56430 3936 17523 14354 3899
internal_value=-2.96043e-06 0.000114279 0.000131469 -0.000258205 0.000161954 -0.000844933 -0.000126342 -0.000505168 -0.000387524 -1.07249e-05 -0.000274722 -0.000365653 -0.00081444 -0.00031356
internal_weight=577373 395183 388600 182190 366653 6583 119498 62692 46211 68042 51456 21947 16481 4919
internal_count=577373 395183 388600 182190 366653 6583 119498 62692 46211 68042 51456 21947 16481 4919
is_linear=0
shrinkage=0.01


Tree=88
num_leaves=15
num_cat=0
split_feature=4 3 1 2 3 4 6 0 6 0 3 3 6 8
split_gain=170.618 68.1055 64.5391 36.1481 34.683 28.2935 26.8871 23.2035 20.4993 18.867 11.2059 8.47814 6.53889 4.42178
threshold=-0.53420642018318165 -1.6522916555404661 0.39034630358219152 -1.6387761235237119 0.63436561822891246 1.5270777344703677 0.068732015788555159 0.56831178069114696 0.141913577914238 0.10843024030327798 1.0212584733963015 -5.3401625156402579 -1.0772026181221006 0.16960648447275165
decision_type=2 2 2 2 2 2 2 2 2 2 2 2 2 2
left_child=1 11 4 13 9 6 -4 -7 -5 -2 -6 -1 -13 -3
right_child=2 3 5 8 10 7 -8 -9 -10 -11 -12 12 -14 -15
leaf_value=-0.0013701750835640699 -5.4509279730427708e-05 -0.00061013707308020298 4.1256720388032924e-05 -0.00019455090526794439 -0.00012633122326785416 0 0.00036094263324398432 -0.0011837288157222339 5.5704960366157734e-05 0.00016850610891719055 -0.00047860071894051788 -0.00024928897513688591 -0.00072183913069190342 0
leaf_weight=2261 60771 18334 35097 97306 46770 6020 126775 1980 47562 95920 12096 5435 19782 1264
leaf_count=2261 60771 18334 35097 97306 46770 6020 126775 1980 47562 95920 12096 5435 19782 1264
internal_value=-2.99334e-06 -0.000246777 0.000117957 -0.00016771 2.10732e-06 0.000263613 0.000292999 -0.000299247 -0.000111047 8.07779e-05 -0.000203478 -0.000708163 -0.000630623 -0.000571109
internal_weight=577373 191944 385429 164466 215557 169872 161872 8000 144868 156691 58866 27478 25217 19598
internal_count=577373 191944 385429 164466 215557 169872 161872 8000 144868 156691 58866 27478 25217 19598
is_linear=0
shrinkage=0.01


Tree=89
num_leaves=15
num_cat=0
split_feature=3 1 3 3 3 4 1 4 6 6 2 1 3 1
split_gain=167.419 107.606 36.2573 36.2554 33.9547 35.3316 34.617 25.6609 20.5883 13.8542 12.6049 8.29045 6.93658 1.74143
threshold=-0.61298078298568714 0.090692572295665755 -2.2965553998947139 1.3669795393943789 1.0783194899559023 1.4228171706199648 0.56968489289283764 -0.30099482834339136 0.18562854081392291 0.041451960802078254 -1.6776536107063291 -1.5246364474296568 -4.2125575542449942 -0.54208210110664357
decision_type=2 2 2 2 2 2 2 2 2 2 2 2 2 2
left_child=2 3 12 8 6 -6 -3 10 -2 -9 -4 -5 -1 -14
right_child=1 4 7 11 5 -7 -8 9 -10 -11 -12 -13 13 -15
leaf_value=-0.0011947565978648927 -0.0002020152731336993 0.00014422305592063655 -0.00077686592708479474 -0.001671880726914795 -0.00011504879347849028 -0.0017967257800738953 0.00046159981049302901 -0.0004191210937156154 8.2732246324262345e-05 0.00017765230967097147 -0.00032505910495986506 -0.0005855074838118225 -0.00089226502605174837 -0.00048359754317627506
leaf_weight=4580 99052 297985 8153 1436 7777 1380 39654 5032 32846 14676 47239 3854 4090 9619
leaf_count=4580 99052 297985 8153 1436 7777 1380 39654 5032 32846 14676 47239 3854 4090 9619
internal_value=-2.99016e-06 7.15015e-05 -0.000390504 -0.000164682 0.00016555 -0.000422846 0.000182341 -0.000287646 -0.000129574 1.25535e-05 -0.000397713 -0.000967003 -0.000794375 -0.000630977
internal_weight=577373 483984 93389 137188 346796 9157 337639 75100 131898 19708 55392 5290 18289 13709
internal_count=577373 483984 93389 137188 346796 9157 337639 75100 131898 19708 55392 5290 18289 13709
is_linear=0
shrinkage=0.01


Tree=90
num_leaves=15
num_cat=0
split_feature=2 3 3 3 1 2 2 6 3 8 3 3 8 3
split_gain=164.863 61.4268 58.8867 51.2543 38.8502 38.5861 19.3221 19.4936 18.3054 15.4894 14.7594 9.74656 6.61659 6.38527
threshold=-0.60262617468833912 1.2348897457122805 -0.61298078298568714 -0.41730317473411555 0.56968489289283764 1.4438790082931521 -1.6586256027221677 0.13674540817737582 0.3833224773406983 -0.69422274827957142 -2.462729692459106 1.3669795393943789 0.051288917660713203 -3.60377025604248
decision_type=2 2 2 2 2 2 2 2 2 2 2 2 2 2
left_child=3 2 10 6 -4 12 13 -8 9 -5 -2 -10 -3 -1
right_child=1 5 4 8 -6 -7 7 -9 11 -11 -12 -13 -14 -15
leaf_value=-0.0014043842978214386 -0.00076163810713102012 -0.00096493818461772761 0.00013059832447731763 -0.00048201633112714528 0.00046892811701553801 -0.0020779409546099301 -0.00048764397558964933 0 -0.00022577084076381212 2.948611702641777e-05 -0.00015073958331768137 -0.00076678539632049863 -4.9684867351906525e-05 -0.00067238642122914843
leaf_weight=2127 4551 1019 312426 6332 38678 1664 34382 10718 45937 59843 37494 3885 3963 14354
leaf_count=2127 4551 1019 312426 6332 38678 1664 34382 10718 45937 59843 37494 3885 3963 14354
internal_value=-3.00735e-06 0.000109258 0.000125992 -0.000256722 0.000168684 -0.000826231 -0.000490647 -0.000372158 -0.000130182 -1.77491e-05 -0.000224891 -0.000274853 -0.000305499 -0.000794552
internal_weight=577373 399795 393149 177578 351104 6646 61581 45100 115997 66175 42045 49822 4982 16481
internal_count=577373 399795 393149 177578 351104 6646 61581 45100 115997 66175 42045 49822 4982 16481
is_linear=0
shrinkage=0.01


Tree=91
num_leaves=15
num_cat=0
split_feature=4 3 3 0 2 3 2 3 6 1 6 3 6 4
split_gain=162.47 64.4303 62.2314 39.8028 34.4677 31.7961 34.4521 26.5725 25.2268 20.5836 19.7365 8.12824 6.68879 4.36687
threshold=-0.53420642018318165 -1.6522916555404661 0.63436561822891246 0.27656099200248724 -1.6387761235237119 1.5428064465522768 0.95469406247138988 -0.1683462858200073 0.070266135036945357 0.26038728654384619 0.141913577914238 -5.3401625156402579 -0.1166810169816017 -1.7232012152671812
decision_type=2 2 2 2 2 2 2 2 2 2 2 2 2 2
left_child=1 11 3 8 13 9 -7 -5 -2 -4 -6 -1 -13 -3
right_child=2 4 5 7 10 6 -8 -9 -10 -11 -12 12 -14 -15
leaf_value=-0.0013387604150296693 -0.00014616151924285375 -0.00086529220505437402 -0.00025286593102177032 4.1544647509185226e-06 -0.00019055120698549186 -0.00026496154710671987 -0.0024162978387617623 0.0003434467511913046 0.00015186288388119884 5.5820149896511969e-05 5.4959798404771482e-05 -0.00042739502015237912 -0.00082260570412579577 -0.00043129806879844713
leaf_weight=2261 42561 4918 36020 29077 97306 2751 1022 139900 82486 51612 47562 14162 11055 14680
leaf_count=2261 42561 4918 36020 29077 97306 2751 1022 139900 82486 51612 47562 14162 11055 14680
internal_value=-3.02709e-06 -0.000240926 0.000114992 0.000186067 -0.000163975 -0.000111361 -0.000990339 0.000286319 4.8759e-05 -6.90711e-05 -0.000108604 -0.000689767 -0.000613632 -0.000557949
internal_weight=577373 191944 385429 294024 164466 91405 3773 168977 125047 87632 144868 27478 25217 19598
internal_count=577373 191944 385429 294024 164466 91405 3773 168977 125047 87632 144868 27478 25217 19598
is_linear=0
shrinkage=0.01


Tree=92
num_leaves=15
num_cat=0
split_feature=2 3 3 3 1 2 3 2 6 2 3 3 3 8
split_gain=159.424 59.9433 54.0365 53.3671 40.5913 37.5423 19.0032 18.2089 16.8855 15.2494 9.56231 7.87525 6.23176 4.99298
threshold=-0.57207393646240223 1.2348897457122805 -1.0550137758255003 -0.41730317473411555 0.53977954387664806 1.4438790082931521 0.3833224773406983 -1.6586256027221677 0.14386958628892901 -1.6003720164299009 1.3669795393943789 -2.462729692459106 -3.60377025604248 0.0542061384767294
decision_type=2 2 2 2 2 2 2 2 2 2 2 2 2 2
left_child=3 2 11 7 -4 13 9 12 -9 -5 -8 -2 -1 -3
right_child=1 5 4 6 -6 -7 10 8 -10 -11 -12 -13 -14 -15
leaf_value=-0.0013843503945035244 -0.00074246079496021996 -0.00087795821518530368 0.00011007705378226136 -0.00033780754918392395 0.00040640880816404093 -0.00205150110109973 -0.00021884579784697865 -0.00047521314127639997 -1.1586662091288907e-07 5.6683946060423685e-05 -0.0007504478870106533 -0.00023367109359902216 -0.00066074406107293415 -6.3234924973063866e-05
leaf_weight=2127 4424 1020 311528 11612 55125 1664 47520 35690 10521 56430 3936 17523 14354 3899
leaf_count=2127 4424 1020 311528 11612 55125 1664 47520 35690 10521 56430 3936 17523 14354 3899
internal_value=-3.03333e-06 0.000109438 0.000126091 -0.00024794 0.000155372 -0.000818857 -0.000121367 -0.000484871 -0.000371822 -8.50167e-06 -0.000266129 -0.00035104 -0.000781599 -0.000298947
internal_weight=577373 395183 388600 182190 366653 6583 119498 62692 46211 68042 51456 21947 16481 4919
internal_count=577373 395183 388600 182190 366653 6583 119498 62692 46211 68042 51456 21947 16481 4919
is_linear=0
shrinkage=0.01


Tree=93
num_leaves=15
num_cat=0
split_feature=4 3 3 0 2 3 2 3 6 1 8 3 6 4
split_gain=157.014 62.1288 60.7525 38.72 33.1785 30.7689 33.6938 25.9393 24.607 19.9784 19.3194 7.92376 6.6407 4.26739
threshold=-0.53420642018318165 -1.6522916555404661 0.63436561822891246 0.27656099200248724 -1.6387761235237119 1.5428064465522768 0.95469406247138988 -0.1683462858200073 0.070266135036945357 0.26038728654384619 -6.9081015586853018 -5.3401625156402579 -0.1166810169816017 -1.7232012152671812
decision_type=2 2 2 2 2 2 2 2 2 2 2 2 2 2
left_child=1 11 3 8 13 9 -7 -5 -2 -4 -6 -1 -13 -3
right_child=2 4 5 7 10 6 -8 -9 -10 -11 -12 12 -14 -15
leaf_value=-0.0013187758169147324 -0.00014474955670274798 -0.00085172728362051752 -0.00025009817120665527 3.2260958378751298e-06 -0.0013249969542671444 -0.00025769758739417007 -0.0023854894990615132 0.0003385091467524455 0.00014958611339775682 5.3955880352184246e-05 -9.4295053218670984e-05 -0.00041736366237133917 -0.00081017320881084825 -0.00042263418304437731
leaf_weight=2261 42561 4918 36020 29077 1117 2751 1022 139900 82486 51612 143751 14162 11055 14680
leaf_count=2261 42561 4918 36020 29077 1117 2751 1022 139900 82486 51612 143751 14162 11055 14680
internal_value=-3.05574e-06 -0.000236932 0.000112959 0.000183189 -0.000161338 -0.000110677 -0.000975468 0.000282069 4.7738e-05 -6.90294e-05 -0.000106977 -0.000677729 -0.000602458 -0.000547931
internal_weight=577373 191944 385429 294024 164466 91405 3773 168977 125047 87632 144868 27478 25217 19598
internal_count=577373 191944 385429 294024 164466 91405 3773 168977 125047 87632 144868 27478 25217 19598
is_linear=0
shrinkage=0.01


Tree=94
num_leaves=15
num_cat=0
split_feature=2 3 3 3 1 2 2 6 4 3 8 2 6 1
split_gain=154.24 57.8128 55.3465 48.3449 37.0782 36.5825 28.7556 17.246 16.1448 13.7012 6.39597 5.62519 8.9097 1.74291
threshold=-0.60262617468833912 1.2348897457122805 -0.61298078298568714 -2.0281132459640498 0.56968489289283764 1.4438790082931521 -1.6003720164299009 0.20159309357404712 0.6071077585220338 -2.462729692459106 0.051288917660713203 -1.7893295884132383 0.25889272987842565 -1.7503370642662046
decision_type=2 2 2 2 2 2 2 2 2 2 2 2 2 2
left_child=3 2 9 11 -4 10 8 -8 -5 -2 -3 13 -13 -1
right_child=1 5 4 6 -6 -7 7 -9 -10 -11 -12 12 -14 -15
leaf_value=-0.0005885051918381553 -0.00073602689991439905 -0.0009411652664783074 0.00012592842505438107 -0.00054317479753632182 0.0004564853187070639 -0.0020210071409604803 -0.00018438455785463347 9.9300972854683546e-05 0.00015354938548932899 -0.00014665096540297145 -4.2203967070796261e-05 -0.00070352617390174522 9.8752335670753582e-05 -0.0015259890638064358
leaf_weight=1702 4551 1019 312426 28521 38678 1664 104298 25828 3188 37494 3963 11024 1042 1975
leaf_count=1702 4551 1019 312426 28521 38678 1664 104298 25828 3188 37494 3963 11024 1042 1975
internal_value=-3.07272e-06 0.000105504 0.000121752 -0.000248487 0.000163151 -0.000801948 -0.000194794 -0.000126477 -0.000466335 -0.000218363 -0.000293897 -0.000778529 -0.000617457 -0.00119638
internal_weight=577373 399795 393149 177578 351104 6646 161835 130126 31709 42045 4982 15743 12066 3677
internal_count=577373 399795 393149 177578 351104 6646 161835 130126 31709 42045 4982 15743 12066 3677
is_linear=0
shrinkage=0.01


Tree=95
num_leaves=16
num_cat=0
split_feature=4 3 3 0 3 2 6 3 6 1 1 2 3 1 1
split_gain=151.623 60.1191 59.4706 37.6686 29.9038 32.8299 27.1282 25.251 23.976 19.433 15.9748 14.3376 12.3473 7.8423 6.75848
threshold=-0.53420642018318165 -1.0550137758255003 0.63436561822891246 0.27656099200248724 1.5428064465522768 0.95469406247138988 -0.034695355221629136 -0.1683462858200073 0.070266135036945357 0.26038728654384619 -0.026441983878612515 -1.2983934879302976 1.0783194899559023 0.41030405461788183 -2.0432429313659664
decision_type=2 2 2 2 2 2 2 2 2 2 2 2 2 2 2
left_child=1 11 3 8 9 -6 12 -5 -2 -4 -8 14 -3 -13 -1
right_child=2 6 4 7 5 -7 10 -9 -10 -11 -12 13 -14 -15 -16
leaf_value=-0.00031618181019283677 -0.00014318944054416064 -0.00031052046084674884 -0.00024780609135697086 2.7407421588473558e-06 -0.00025350497561959492 -0.0023551053319379013 -0.00022348816552959078 0.00033362598535274486 0.00014734016648385156 5.2005261576622607e-05 3.5231963398859625e-05 -0.00028280400308512054 -0.0012376440054586184 -0.00076541537009186707 -0.00088575524247499256
leaf_weight=4193 42561 37534 36020 29077 2751 1022 34737 139900 82486 51612 72396 22129 1504 4878 14573
leaf_count=4193 42561 37534 36020 29077 2751 1022 34737 139900 82486 51612 72396 22129 1504 4878 14573
internal_value=-3.07836e-06 -0.00023291 0.000110921 0.000180411 -0.000110333 -0.000963008 -0.000131696 0.000277941 4.67879e-05 -6.92349e-05 -4.70527e-05 -0.000549796 -0.000357463 -0.00038231 -0.000773713
internal_weight=577373 191944 385429 294024 91405 3773 146171 168977 125047 87632 107133 45773 39038 27007 18766
internal_count=577373 191944 385429 294024 91405 3773 146171 168977 125047 87632 107133 45773 39038 27007 18766
is_linear=0
shrinkage=0.01


Tree=96
num_leaves=15
num_cat=0
split_feature=2 3 3 3 1 2 4 3 2 6 8 3 4 9
split_gain=148.936 56.3474 50.7822 50.3603 39.8596 35.59 25.0457 18.5068 17.4648 20.3323 14.5624 9.16663 4.27142 3.56089
threshold=-0.57207393646240223 1.2348897457122805 -0.17910452187061307 -0.41730317473411555 0.46811886131763464 1.3972815275192263 -0.41665647923946375 0.3833224773406983 -1.846064507961273 0.14884141087532046 -0.69422274827957142 1.3669795393943789 -1.9204999208450315 0.067264266312122359
decision_type=2 2 2 2 2 2 2 2 2 2 2 2 2 2
left_child=3 2 6 8 -4 13 -2 10 12 -10 -5 -9 -1 -3
right_child=1 5 4 7 -6 -7 -8 11 9 -11 -12 -13 -14 -15
leaf_value=-0.00021387188548232218 -0.00027637768397999451 -0.00062321548815295186 0.00010829581158124832 -0.00045531139838748041 0.0003639998950338541 -0.0019265267943165262 6.654062112652975e-05 -0.00021320969747704288 -0.00049893517673008092 -1.2898779010805362e-05 3.918348954186319e-05 -0.00073411634515080826 -0.0010647963620079655 0
leaf_weight=1471 39869 1586 218127 6376 86727 1821 43877 47520 43256 11812 61666 3936 6153 3176
leaf_count=1471 39869 1586 218127 6376 86727 1821 43877 47520 43256 11812 61666 3936 6153 3176
internal_value=-3.08722e-06 0.00010561 0.00012177 -0.000239812 0.000181887 -0.000794305 -9.45997e-05 -0.0001168 -0.000469991 -0.000398724 -5.42191e-06 -0.000259615 -0.000935842 -0.000260835
internal_weight=577373 395183 388600 182190 304854 6583 83746 119498 62692 55068 68042 51456 7624 4762
internal_count=577373 395183 388600 182190 304854 6583 83746 119498 62692 55068 68042 51456 7624 4762
is_linear=0
shrinkage=0.01


Tree=97
num_leaves=16
num_cat=0
split_feature=3 1 3 2 1 3 3 4 6 9 2 1 2 1 0
split_gain=146.306 96.2972 33.8455 36.9578 34.1466 32.3942 27.2178 25.0539 16.9026 16.0262 11.62 9.02434 3.00789 22.6227 0.38329
threshold=-0.61298078298568714 -0.01756293140351772 1.2348897457122805 1.3972815275192263 0.56968489289283764 -2.9027111530303951 1.3669795393943789 -0.31621141731739039 0.041451960802078254 0.10930539295077325 -1.7651827335357664 -1.5246364474296568 -1.3162750601768491 0.10415173694491388 -0.21792905777692792
decision_type=2 2 2 2 2 2 2 2 2 2 2 2 2 2 2
left_child=5 6 4 -4 -3 12 9 10 -9 -2 -7 -8 14 -14 -1
right_child=1 2 3 -5 -6 7 11 8 -10 -11 -12 -13 13 -15 -16
leaf_value=-0.0012078637913353338 -0.00021760634525623088 0.00012170446536666842 -8.3675305885256659e-05 -0.001960595016945487 0.0004334254460932681 -0.00080209942647370956 -0.0016178412854190164 -0.00046535720477001725 0.00017814728306284627 7.609313098560747e-05 -0.00033493818401070219 -0.00049071274805256306 6.0914590684431191e-05 -0.001106038597321334 -0.00036193596821624342
leaf_weight=4508 84503 326512 4362 1308 40049 6765 1436 5320 15393 22524 54515 3290 2515 3351 1022
leaf_count=4508 84503 326512 4362 1308 40049 6765 1436 5320 15393 22524 54515 3290 2515 3351 1022
internal_value=-3.09563e-06 6.65177e-05 0.000144104 -0.000602778 0.000156525 -0.000365372 -0.00018992 -0.000290824 4.34123e-07 -0.000153905 -0.000392205 -0.000925574 -0.00087022 -0.000587234 -0.00110452
internal_weight=577373 483984 372231 5670 366561 93389 111753 81993 20713 107027 61280 4726 11396 5866 5530
internal_count=577373 483984 372231 5670 366561 93389 111753 81993 20713 107027 61280 4726 11396 5866 5530
is_linear=0
shrinkage=0.01


Tree=98
num_leaves=15
num_cat=0
split_feature=4 3 3 0 2 3 2 3 6 1 6 3 6 8
split_gain=143.929 57.8583 57.2121 36.2417 30.7613 28.4217 31.9658 24.3987 23.1822 18.606 18.6035 7.79441 6.84799 4.17164
threshold=-0.53420642018318165 0.63436561822891246 -1.6522916555404661 0.27656099200248724 -1.6387761235237119 1.5428064465522768 0.95469406247138988 -0.1683462858200073 0.070266135036945357 0.26038728654384619 0.141913577914238 -5.3401625156402579 -1.2200593948364256 0.16960648447275165
decision_type=2 2 2 2 2 2 2 2 2 2 2 2 2 2
left_child=2 3 11 8 13 9 -7 -5 -2 -3 -6 -1 -13 -4
right_child=1 5 4 7 10 6 -8 -9 -10 -11 -12 12 -14 -15
leaf_value=-0.0012824644423082355 -0.00014137526713801246 -0.00024483537419048149 -0.00056470740073613298 1.5626728359781256e-06 -0.00018163939929432226 -0.00024162165878530116 -0.0023149010559003614 0.0003268999026478219 0.00014429927682434987 4.8408192159500898e-05 5.6718851343568831e-05 -0.00017250090341046381 -0.00066118528141934042 0
leaf_weight=2261 42561 36020 18334 29077 97306 2751 1022 139900 82486 51612 47562 4915 20302 1264
leaf_count=2261 42561 36020 18334 29077 97306 2751 1022 139900 82486 51612 47562 4915 20302 1264
internal_value=-3.10893e-06 0.000107951 -0.000227041 0.0001765 -0.000154437 -0.000110274 -0.000941816 0.000272167 4.53997e-05 -7.01318e-05 -0.000102034 -0.000650123 -0.000575912 -0.000526748
internal_weight=577373 385429 191944 294024 164466 91405 3773 168977 125047 87632 144868 27478 25217 19598
internal_count=577373 385429 191944 294024 164466 91405 3773 168977 125047 87632 144868 27478 25217 19598
is_linear=0
shrinkage=0.01


Tree=99
num_leaves=15
num_cat=0
split_feature=2 3 3 3 1 2 4 3 2 6 4 3 8 4
split_gain=141.88 53.9266 48.3638 47.8532 38.2679 34.2727 23.814 18.0222 16.7201 19.5501 14.3373 8.67576 4.72947 4.26435
threshold=-0.57207393646240223 1.2348897457122805 -0.17910452187061307 -0.41730317473411555 0.46811886131763464 1.4438790082931521 -0.41665647923946375 0.3833224773406983 -1.846064507961273 0.14884141087532046 -1.7712023258209226 1.3669795393943789 0.0542061384767294 -1.9204999208450315
decision_type=2 2 2 2 2 2 2 2 2 2 2 2 2 2
left_child=3 2 6 8 -4 12 -2 10 13 -10 -5 -9 -3 -1
right_child=1 5 4 7 -6 -7 -8 11 9 -11 -12 -13 -14 -15
leaf_value=-0.00019911524064990485 -0.00026959567924604827 -0.00084010715799818765 0.00010534003867853207 -0.00090443143936308587 0.00035592141874002988 -0.0019554608439164268 6.4714976340323981e-05 -0.00020976794274364161 -0.00048696426281958917 -1.0174513717420932e-05 1.6140939408096489e-05 -0.00071756105832925009 -4.9439579921302655e-05 -0.0010426431724084128
leaf_weight=1471 39869 1020 218127 1533 86727 1664 43877 47520 43256 11812 66509 3936 3899 6153
leaf_count=1471 39869 1020 218127 1533 86727 1664 43877 47520 43256 11812 66509 3936 3899 6153
internal_value=-3.10568e-06 0.000102977 0.000118796 -0.000234163 0.000177469 -0.00077732 -9.23211e-05 -0.000114192 -0.00045857 -0.000388719 -4.25887e-06 -0.00025511 -0.000278879 -0.000914703
internal_weight=577373 395183 388600 182190 304854 6583 83746 119498 62692 55068 68042 51456 4919 7624
internal_count=577373 395183 388600 182190 304854 6583 83746 119498 62692 55068 68042 51456 4919 7624
is_linear=0
shrinkage=0.01


Tree=100
num_leaves=15
num_cat=0
split_feature=2 3 3 3 1 2 2 6 4 3 8 2 1 1
split_gain=139.141 52.7978 50.1229 44.3258 34.4526 33.7237 26.4293 16.2965 15.4373 12.8943 6.11306 5.41202 8.58518 1.86898
threshold=-0.60262617468833912 1.2348897457122805 -0.61298078298568714 -2.0281132459640498 0.56968489289283764 1.4438790082931521 -1.6003720164299009 0.20159309357404712 0.6071077585220338 -2.462729692459106 0.051288917660713203 -1.7893295884132383 0.13393108546733859 -1.7503370642662046
decision_type=2 2 2 2 2 2 2 2 2 2 2 2 2 2
left_child=3 2 9 11 -4 10 8 -8 -5 -2 -3 13 -13 -1
right_child=1 5 4 6 -6 -7 7 -9 -10 -11 -12 12 -14 -15
leaf_value=-0.00055305809760906909 -0.00071021713859618159 -0.00090875940020345488 0.00011904662825852313 -0.00052042888831154311 0.00043773873887417112 -0.0019380043916085855 -0.00017551972059902274 0.00010024023410891374 0.00016044690951809369 -0.00013832789924202006 -3.1489408554584453e-05 -0.0003830701030049448 -0.0010811353341397235 -0.001477760936084321
leaf_weight=1702 4551 1019 312426 28521 38678 1664 104298 25828 3188 37494 3963 9088 2978 1975
leaf_count=1702 4551 1019 312426 28521 38678 1664 104298 25828 3188 37494 3963 9088 2978 1975
internal_value=-3.11667e-06 9.99907e-05 0.000115539 -0.000236227 0.000154953 -0.000767062 -0.000184751 -0.000119181 -0.00044513 -0.000208033 -0.000277667 -0.000743891 -0.000586483 -0.00115193
internal_weight=577373 399795 393149 177578 351104 6646 161835 130126 31709 42045 4982 15743 12066 3677
internal_count=577373 399795 393149 177578 351104 6646 161835 130126 31709 42045 4982 15743 12066 3677
is_linear=0
shrinkage=0.01


Tree=101
num_leaves=15
num_cat=0
split_feature=3 1 6 1 3 9 4 3 9 3 3 6 1 8
split_gain=136.779 85.1763 41.7662 32.5096 33.7464 26.8192 26.6398 26.5324 19.0528 18.4795 13.0814 13.8205 7.36785 6.54163
threshold=-0.41730317473411555 -0.045528288930654519 0.041451960802078254 0.64819130301475536 1.2348897457122805 0.09228000789880754 -0.37392306327819819 1.2348897457122805 0.10930539295077325 -1.3242866992950437 -3.60377025604248 -0.45399881899356836 -1.5246364474296568 0.12191975116729738
decision_type=2 2 2 2 2 2 2 2 2 2 2 2 2 2
left_child=2 7 10 4 -3 -5 9 8 -2 -4 -1 -12 -9 -8
right_child=1 3 6 5 -6 -7 13 12 -10 -11 11 -13 -14 -15
leaf_value=-0.0009725001617421139 -0.00021502186939015291 0.00013835141816156423 -0.00064581148067411156 0.00098163091230948625 -0.00064950478165431416 0.00012153919792579993 0.00029681897811733134 -0.0014704308059068586 0.00012947938754546851 -0.00012994349038955458 -0.00018544883952554986 -0.00055172793101789116 -0.0004883237257035626 -1.1950030769084035e-05
leaf_weight=5799 74044 338591 10514 8260 5247 7501 11913 1616 19566 24202 17552 35645 3796 13127
leaf_count=5799 74044 338591 10514 8260 5247 7501 11913 1616 19566 24202 17552 35645 3796 13127
internal_value=-3.13087e-06 7.48625e-05 -0.000305643 0.000146679 0.000125377 0.000591477 -0.000114317 -0.000183694 -0.000140761 -0.00029471 -0.000495013 -0.000435769 -0.000859167 0.000128214
internal_weight=577373 458621 118752 359599 343838 15761 59756 99022 93610 34716 58996 53197 5412 25040
internal_count=577373 458621 118752 359599 343838 15761 59756 99022 93610 34716 58996 53197 5412 25040
is_linear=0
shrinkage=0.01


Tree=102
num_leaves=15
num_cat=0
split_feature=2 3 3 3 1 4 3 9 2 6 4 0 3 4
split_gain=134.548 51.4226 46.0431 45.6062 37.7637 33.4238 17.601 16.5775 16.1512 18.7594 13.9964 8.49172 7.42544 4.24702
threshold=-0.57207393646240223 1.2348897457122805 -1.0550137758255003 -0.41730317473411555 -0.098752886056900011 1.4228171706199648 0.3833224773406983 -0.57091763615608204 -1.846064507961273 0.14884141087532046 -1.7712023258209226 -1.2933660745620725 -4.2125575542449942 -1.9204999208450315
decision_type=2 2 2 2 2 2 2 2 2 2 2 2 2 2
left_child=3 2 12 8 -4 7 10 -3 13 -10 -5 -8 -2 -1
right_child=1 5 4 6 -6 -7 11 -9 9 -11 -12 -13 -14 -15
leaf_value=-0.00018618420432452702 -0.0011401421485211665 -0.0013299568962052437 -0.00021432576304973927 -0.00089199744412821679 0.00017152943945161474 -0.0021678979955646756 -0.00069465007783544241 0 -0.00047474068563955921 -7.4836192770093599e-06 1.779762231171215e-05 -0.0002041521811274379 -0.00026459489577588532 -0.0010225557282431022
leaf_weight=1471 1029 1105 26793 1533 339860 1205 4159 4273 43256 11812 66509 47297 20918 6153
leaf_count=1471 1029 1105 26793 1533 339860 1205 4159 4273 43256 11812 66509 47297 20918 6153
internal_value=-3.12605e-06 0.000100169 0.000115628 -0.000228142 0.000142687 -0.000759366 -0.000110972 -0.000341499 -0.000447237 -0.000378523 -2.32364e-06 -0.000250205 -0.000324602 -0.00089563
internal_weight=577373 395183 388600 182190 366653 6583 119498 5378 62692 55068 68042 51456 21947 7624
internal_count=577373 395183 388600 182190 366653 6583 119498 5378 62692 55068 68042 51456 21947 7624
is_linear=0
shrinkage=0.01


Tree=103
num_leaves=15
num_cat=0
split_feature=4 3 3 0 2 3 2 3 6 6 1 3 6 4
split_gain=132.594 55.9424 52.6941 34.4606 28.4755 26.3479 30.9745 23.2131 22.0922 17.6087 17.4391 7.58528 6.9633 4.08507
threshold=-0.53420642018318165 0.63436561822891246 -1.6522916555404661 0.27656099200248724 -1.6387761235237119 1.5428064465522768 0.95469406247138988 -0.1683462858200073 0.070266135036945357 0.141913577914238 0.26038728654384619 -5.3401625156402579 -0.1166810169816017 -1.7232012152671812
decision_type=2 2 2 2 2 2 2 2 2 2 2 2 2 2
left_child=2 3 11 8 13 10 -7 -5 -2 -6 -3 -1 -13 -4
right_child=1 5 4 7 9 6 -8 -9 -10 -11 -12 12 -14 -15
leaf_value=-0.0012458124340669664 -0.00013932774867001687 -0.00024145825474755975 -0.00080087746172710888 4.8351635299825683e-08 -0.00017535342254957801 -0.00022342949369451648 -0.0022627129185024144 0.00031750702859881984 0.00013955509926099903 5.6504675292748803e-05 4.222912792914819e-05 -0.00036655280897089068 -0.00075940749840103022 -0.00038521099696151972
leaf_weight=2261 42561 36020 4918 29077 97306 2751 1022 139900 82486 47562 51612 14162 11055 14680
leaf_count=2261 42561 36020 4918 29077 97306 2751 1022 139900 82486 47562 51612 14162 11055 14680
internal_value=-3.15801e-06 0.000103425 -0.000218105 0.000170841 -0.000148361 -0.000111151 -0.000912252 0.000264127 4.29668e-05 -9.78799e-05 -7.23841e-05 -0.000624233 -0.000551267 -0.000506659
internal_weight=577373 385429 191944 294024 164466 91405 3773 168977 125047 144868 87632 27478 25217 19598
internal_count=577373 385429 191944 294024 164466 91405 3773 168977 125047 144868 87632 27478 25217 19598
is_linear=0
shrinkage=0.01


Tree=104
num_leaves=15
num_cat=0
split_feature=2 3 3 3 1 4 2 9 6 4 3 2 1 1
split_gain=130.1 49.7657 46.7573 41.8086 33.1349 32.8083 24.9433 18.6605 15.5953 14.9319 12.1461 5.33367 8.4943 1.92388
threshold=-0.60262617468833912 1.2348897457122805 -0.61298078298568714 -2.0281132459640498 0.56968489289283764 1.4353970885276797 -1.6003720164299009 -0.57091763615608204 0.20159309357404712 0.6071077585220338 -2.462729692459106 -1.7893295884132383 0.13393108546733859 -1.7503370642662046
decision_type=2 2 2 2 2 2 2 2 2 2 2 2 2 2
left_child=3 2 10 11 -4 7 9 -3 -8 -5 -2 13 -13 -1
right_child=1 5 4 6 -6 -7 8 -9 -10 -11 -12 12 -14 -15
leaf_value=-0.00053195691725766033 -0.00068841621379529274 -0.001386360520004682 0.00011449220063432601 -0.00050570019448810735 0.00042703662997937709 -0.0021631693383454952 -0.00016993327349689458 0 9.9794200614504176e-05 0.00016356607203223659 -0.000132984479839265 -0.00036484039450707432 -0.001056328522408086 -0.0014477611737165213
leaf_weight=1702 4551 1113 312426 28521 38678 1173 104298 4360 25828 3188 37494 9088 2978 1975
leaf_count=1702 4551 1113 312426 28521 38678 1173 104298 4360 25828 3188 37494 9088 2978 1975
internal_value=-3.1612e-06 9.65282e-05 0.000111637 -0.000228581 0.000149715 -0.000745165 -0.000178544 -0.00034045 -0.000114791 -0.000431541 -0.000200814 -0.000721716 -0.000566252 -0.00112475
internal_weight=577373 399795 393149 177578 351104 6646 161835 5473 130126 31709 42045 15743 12066 3677
internal_count=577373 399795 393149 177578 351104 6646 161835 5473 130126 31709 42045 15743 12066 3677
is_linear=0
shrinkage=0.01


Tree=105
num_leaves=15
num_cat=0
split_feature=4 3 3 0 6 3 2 3 6 2 1 9 3 6
split_gain=128.093 54.7416 50.8022 33.5262 27.7929 25.5798 30.2111 22.5995 21.5342 17.1335 16.9635 12.2384 7.43773 6.8598
threshold=-0.53420642018318165 0.63436561822891246 -1.6522916555404661 0.27656099200248724 -0.034695355221629136 1.5428064465522768 0.95469406247138988 -0.1683462858200073 0.070266135036945357 -1.7651827335357664 0.26038728654384619 -1.2064695358276365 -5.3401625156402579 -0.1166810169816017
decision_type=2 2 2 2 2 2 2 2 2 2 2 2 2 2
left_child=2 3 12 8 11 10 -7 -5 -2 -6 -3 -4 -1 -14
right_child=1 5 4 7 9 6 -8 -9 -10 -11 -12 -13 13 -15
leaf_value=-0.001228511609841747 -0.00013783438280929019 -0.00023917692102901636 -0.00083570274898542285 0 -0.00060688374695034696 -0.00021902415839565766 -0.0022340100147241631 0.00031295290238339291 0.00013749658761034406 -3.1779821069875483e-05 4.054912939715876e-05 -0.00028555168256262149 -0.00035784586843944332 -0.00074732743699026352
leaf_weight=2261 42561 36020 4930 29077 5314 2751 1022 139900 82486 111535 51612 42687 14162 11055
leaf_count=2261 42561 36020 4930 29077 5314 2751 1022 139900 82486 111535 51612 42687 14162 11055
internal_value=-3.1753e-06 0.000101576 -0.000214448 0.00016827 -0.000145937 -0.000110675 -0.000900151 0.000260284 4.21176e-05 -6.06351e-05 -7.24344e-05 -0.000349951 -0.000613264 -0.000540998
internal_weight=577373 385429 191944 294024 164466 91405 3773 168977 125047 116849 87632 47617 27478 25217
internal_count=577373 385429 191944 294024 164466 91405 3773 168977 125047 116849 87632 47617 27478 25217
is_linear=0
shrinkage=0.01


Tree=106
num_leaves=16
num_cat=0
split_feature=3 1 6 1 3 9 3 4 9 3 3 6 1 8 2
split_gain=126.245 79.0102 38.8941 31.5208 31.4658 26.2939 25.362 25.1163 18.4525 17.1758 12.1337 13.9392 7.29137 6.43715 0.0247661
threshold=-0.41730317473411555 -0.045528288930654519 0.041451960802078254 0.64819130301475536 1.2348897457122805 0.09228000789880754 1.2348897457122805 -0.37392306327819819 0.10930539295077325 -1.3242866992950437 -3.60377025604248 -0.45399881899356836 -1.5246364474296568 0.12191975116729738 -1.7893295884132383
decision_type=2 2 2 2 2 2 2 2 2 2 2 2 2 2 2
left_child=2 6 10 4 -3 -5 8 9 -2 -4 14 -12 -8 -9 -1
right_child=1 3 7 5 -6 -7 12 13 -10 -11 11 -13 -14 -15 -16
leaf_value=-0.0014050358967272528 -0.00020836947751516963 0.00013247622715313576 -0.00062296732823915091 0.0009649704379371542 -0.0006281360261226178 0.00011363971407776809 -0.0014432195718102731 0.00029360492508712527 0.00013068349547218526 -0.00012507935133729782 -0.00016883877171627328 -0.00053540553945280174 -0.00047052797849350783 -1.2656715584749302e-05 -0.0007139570810230421
leaf_weight=1244 74044 338591 10514 8260 5247 7501 1616 11913 19566 24202 17552 35645 3796 13127 4555
leaf_count=1244 74044 338591 10514 8260 5247 7501 1616 11913 19566 24202 17552 35645 3796 13127 4555
internal_value=-3.18678e-06 7.17292e-05 -0.000293828 0.000140909 0.000119929 0.000578835 -0.000177261 -0.000109062 -0.000135242 -0.000284301 -0.000476596 -0.00041929 -0.00083769 0.000126298 -0.000937446
internal_weight=577373 458621 118752 359599 343838 15761 99022 59756 93610 34716 58996 53197 5412 25040 5799
internal_count=577373 458621 118752 359599 343838 15761 99022 59756 93610 34716 58996 53197 5412 25040 5799
is_linear=0
shrinkage=0.01


Tree=107
num_leaves=15
num_cat=0
split_feature=2 3 1 1 3 1 6 3 3 6 4 0 4 0
split_gain=124.23 59.0779 55.6172 30.437 22.7924 22.0224 18.0581 14.6827 10.3207 13.9083 8.45054 5.63537 4.37072 0.491471
threshold=-1.3330700397491453 -0.61298078298568714 0.34509138762950903 -2.4473106861114498 -0.33141814172267908 0.67243948578834545 0.13674540817737582 1.3669795393943789 -2.9027111530303951 -0.49440857768058771 -1.133231997489929 0.27997139096260076 -1.745578348636627 -0.24550456553697583
decision_type=2 2 2 2 2 2 2 2 2 2 2 2 2 2
left_child=4 6 3 -3 8 -4 11 12 13 -10 -8 -2 -6 -1
right_child=1 2 5 -5 7 -7 10 -9 9 -11 -12 -13 -14 -15
leaf_value=-0.0011181139547636492 -0.00040803975208179426 -0.0010320481464808058 0.00017978711033415665 -3.8164650153283164e-06 -0.00064603198910895309 0.00062108926803319581 -0.00036162620450014396 -0.00096206781941237057 -0.00012158751186720223 -0.00063107077230043277 0.00013708736510291764 -0.00013471717227457743 -0.00011658717147976477 -0.00031414890056980123
leaf_weight=4378 32791 2725 209464 214914 1684 12273 4084 2338 8855 20234 15353 13362 33871 1047
leaf_count=4378 32791 2725 209464 214914 1684 12273 4084 2338 8855 20234 15353 13362 33871 1047
internal_value=-3.18849e-06 5.20547e-05 9.41863e-05 -1.85445e-05 -0.000390291 0.000205652 -0.000226566 -0.000210829 -0.000579211 -0.000484696 1.94996e-05 -0.000334146 -0.00015073 -0.00101519
internal_weight=577373 504966 439376 217639 72407 221737 65590 37893 34514 29089 19437 46153 35555 5425
internal_count=577373 504966 439376 217639 72407 221737 65590 37893 34514 29089 19437 46153 35555 5425
is_linear=0
shrinkage=0.01


Tree=108
num_leaves=16
num_cat=0
split_feature=2 1 3 3 3 3 2 6 8 1 2 3 0 2 4
split_gain=121.917 48.446 41.4881 35.6632 30.2641 17.057 15.2012 17.577 13.5192 11.0179 13.6348 9.62904 8.06384 4.67046 4.38846
threshold=-0.57207393646240223 -0.12231518328189848 -0.41730317473411555 -1.0550137758255003 1.2348897457122805 0.3833224773406983 -1.846064507961273 0.14884141087532046 -0.69422274827957142 -0.85031554102897633 -0.29492662847042078 -2.462729692459106 -1.2933660745620725 0.81058412790298473 -1.9204999208450315
decision_type=2 2 2 2 2 2 2 2 2 2 2 2 2 2 2
left_child=2 9 6 11 -5 8 14 -8 -4 10 -2 -3 -7 -11 -1
right_child=1 3 5 4 -6 12 7 -9 -10 13 -12 -13 -14 -15 -16
leaf_value=-0.00015678336894009228 0 -0.00072849576651461188 -0.00043258626108612651 0.0001624984043856351 -0.00060224909452512667 -0.00067601201874098221 -0.00045274657639919494 -3.3991610643640477e-07 4.428897582551596e-05 -0.00012705658514816455 -0.0010605236471989065 -0.00015096299182821429 -0.00019755497599799712 -0.00067389432786213259 -0.00098822334736229245
leaf_weight=1471 2178 3871 6376 341516 4956 4159 43256 11812 61666 21186 3564 16120 47297 1792 6153
leaf_count=1471 2178 3871 6376 341516 4956 4159 43256 11812 61666 21186 3564 16120 47297 1792 6153
internal_value=-3.20133e-06 9.51091e-05 -0.000217411 0.00012653 0.000150641 -0.000105555 -0.000426426 -0.000359677 0 -0.000296998 -0.000694975 -0.000278808 -0.000242566 -0.000183779 -0.000861473
internal_weight=577373 395183 182190 366463 346472 119498 62692 55068 68042 28720 5742 19991 51456 22978 7624
internal_count=577373 395183 182190 366463 346472 119498 62692 55068 68042 28720 5742 19991 51456 22978 7624
is_linear=0
shrinkage=0.01


Tree=109
num_leaves=15
num_cat=0
split_feature=4 3 3 0 6 3 2 3 6 2 1 9 3 6
split_gain=120.215 53.1721 47.3588 32.0278 26.3292 24.3518 29.9803 21.7867 20.5955 16.2789 15.9986 11.8397 7.20861 6.81112
threshold=-0.53420642018318165 0.63436561822891246 -1.6522916555404661 0.27656099200248724 -0.034695355221629136 1.5428064465522768 0.95469406247138988 -0.1683462858200073 0.070266135036945357 -1.7651827335357664 0.26038728654384619 -1.2064695358276365 -5.3401625156402579 -1.0772026181221006
decision_type=2 2 2 2 2 2 2 2 2 2 2 2 2 2
left_child=2 3 12 8 11 10 -7 -5 -2 -6 -3 -4 -1 -14
right_child=1 5 4 7 9 6 -8 -9 -10 -11 -12 -13 13 -15
leaf_value=-0.0011977974012896432 -0.00013530203939358763 -0.0002354381982233196 -0.00081803658477052938 0 -0.00059109459469379639 -0.00020437758581940701 -0.002208859178998985 0.00030562425457234069 0.00013395043769129342 -3.0453919614066735e-05 3.60416134116713e-05 -0.00027689377186200303 -0.00014922424390246411 -0.0006118623262627949
leaf_weight=2261 42561 36020 4930 29077 5314 2751 1022 139900 82486 111535 51612 42687 5435 19782
leaf_count=2261 42561 36020 4930 29077 5314 2751 1022 139900 82486 111535 51612 42687 5435 19782
internal_value=-3.22724e-06 9.82412e-05 -0.00020791 0.000163981 -0.000141703 -0.000110939 -0.000881536 0.000253918 4.06411e-05 -5.86256e-05 -7.35516e-05 -0.000340291 -0.000593066 -0.000521978
internal_weight=577373 385429 191944 294024 164466 91405 3773 168977 125047 116849 87632 47617 27478 25217
internal_count=577373 385429 191944 294024 164466 91405 3773 168977 125047 116849 87632 47617 27478 25217
is_linear=0
shrinkage=0.01


Tree=110
num_leaves=15
num_cat=0
split_feature=2 3 1 1 3 1 6 3 3 6 4 0 8 0
split_gain=118.573 56.0647 53.1803 29.5898 21.7187 21.6662 17.2795 14.3161 10.0188 13.7904 8.20213 5.38997 4.29844 0.492012
threshold=-1.3330700397491453 -0.61298078298568714 0.34509138762950903 -2.4473106861114498 -0.33141814172267908 0.67243948578834545 0.13674540817737582 1.3669795393943789 -2.9027111530303951 -0.49440857768058771 -1.133231997489929 0.27997139096260076 -0.057550590485334389 -0.24550456553697583
decision_type=2 2 2 2 2 2 2 2 2 2 2 2 2 2
left_child=4 6 3 -3 8 -4 11 12 13 -10 -8 -2 -6 -1
right_child=1 2 5 -5 7 -7 10 -9 9 -11 -12 -13 -14 -15
leaf_value=-0.0010970152381611202 -0.00039823672689960794 -0.0010177522747821183 0.00017512151216119828 -3.9043955310872014e-06 -7.5940551014384585e-07 0.00061275504175005251 -0.00035540304270384752 -0.00094778510444796474 -0.0001117607625926148 -0.00061829294000640756 0.00013580015566073703 -0.000130470283054192 -0.00023822070905140169 -0.00030275643886453098
leaf_weight=4378 32791 2725 209464 214914 14632 12273 4084 2338 8855 20234 15353 13362 20923 1047
leaf_count=4378 32791 2725 209464 214914 14632 12273 4084 2338 8855 20234 15353 13362 20923 1047
internal_value=-3.23751e-06 5.07252e-05 9.17765e-05 -1.84394e-05 -0.000381431 0.000200776 -0.000220674 -0.00020604 -0.000565935 -0.000472744 1.98377e-05 -0.000325926 -0.000146642 -0.000995497
internal_weight=577373 504966 439376 217639 72407 221737 65590 37893 34514 29089 19437 46153 35555 5425
internal_count=577373 504966 439376 217639 72407 221737 65590 37893 34514 29089 19437 46153 35555 5425
is_linear=0
shrinkage=0.01


Tree=111
num_leaves=15
num_cat=0
split_feature=2 3 1 1 3 1 6 3 3 6 4 0 4 0
split_gain=116.345 54.9678 52.1422 29.0406 21.2867 21.2369 16.9391 14.048 9.83146 13.4992 8.0456 5.26993 4.29189 0.438877
threshold=-1.3330700397491453 -0.61298078298568714 0.34509138762950903 -2.4473106861114498 -0.33141814172267908 0.67243948578834545 0.13674540817737582 1.3669795393943789 -2.9027111530303951 -0.49440857768058771 -1.133231997489929 0.27997139096260076 -1.745578348636627 -0.24550456553697583
decision_type=2 2 2 2 2 2 2 2 2 2 2 2 2 2
left_child=4 6 3 -3 8 -4 11 12 13 -10 -8 -2 -6 -1
right_child=1 2 5 -5 7 -7 10 -9 9 -11 -12 -13 -14 -15
leaf_value=-0.0010865243322698065 -0.00039427849701234629 -0.0010082707018559624 0.0001733719548101843 -3.8653629053932298e-06 -0.00063534274350405889 0.0006067257926222967 -0.00035201489278659909 -0.00093905409443321725 -0.00011066780666634802 -0.00061217054063985145 0.00013445961328439982 -0.00012918483935991283 -0.00011142200714961582 -0.00030021440712757464
leaf_weight=4378 32791 2725 209464 214914 1684 12273 4084 2338 8855 20234 15353 13362 33871 1047
leaf_count=4378 32791 2725 209464 214914 1684 12273 4084 2338 8855 20234 15353 13362 33871 1047
internal_value=-3.24772e-06 5.02022e-05 9.08531e-05 -1.82735e-05 -0.000377873 0.000198784 -0.00021852 -0.000204147 -0.000560571 -0.000468134 1.95151e-05 -0.000322733 -0.000145245 -0.000986396
internal_weight=577373 504966 439376 217639 72407 221737 65590 37893 34514 29089 19437 46153 35555 5425
internal_count=577373 504966 439376 217639 72407 221737 65590 37893 34514 29089 19437 46153 35555 5425
is_linear=0
shrinkage=0.01


Tree=112
num_leaves=15
num_cat=0
split_feature=4 3 3 0 6 3 2 3 6 2 1 9 3 6
split_gain=114.441 52.0203 44.967 30.7454 25.359 23.712 29.7662 21.1807 19.9225 15.5559 15.2665 11.5753 6.98445 6.85787
threshold=-0.53420642018318165 0.63436561822891246 -1.6522916555404661 0.27656099200248724 -0.034695355221629136 1.5428064465522768 0.95469406247138988 -0.1683462858200073 0.070266135036945357 -1.7651827335357664 0.26038728654384619 -1.2064695358276365 -5.3401625156402579 -0.1166810169816017
decision_type=2 2 2 2 2 2 2 2 2 2 2 2 2 2
left_child=2 3 12 8 11 10 -7 -5 -2 -6 -3 -4 -1 -14
right_child=1 5 4 7 9 6 -8 -9 -10 -11 -12 -13 13 -15
leaf_value=-0.0011735790596500248 -0.00013312796641438293 -0.00023233441472697753 -0.00080563112057177675 0 -0.00057737681648636918 -0.00019746224685568615 -0.0021937265973730599 0.00029986539531184838 0.00013167242752324366 -2.9273207976605741e-05 3.2722691324391995e-05 -0.0002706036291837914 -0.00032718898519630075 -0.00071258327845083057
leaf_weight=2261 42561 36020 4930 29077 5314 2751 1022 139900 82486 111535 51612 42687 14162 11055
leaf_count=2261 42561 36020 4930 29077 5314 2751 1022 139900 82486 111535 51612 42687 14162 11055
internal_value=-3.25949e-06 9.57334e-05 -0.000202974 0.000160764 -0.000138418 -0.000111164 -0.000871746 0.000248887 3.98794e-05 -5.68522e-05 -7.42295e-05 -0.000333318 -0.000578343 -0.00050829
internal_weight=577373 385429 191944 294024 164466 91405 3773 168977 125047 116849 87632 47617 27478 25217
internal_count=577373 385429 191944 294024 164466 91405 3773 168977 125047 116849 87632 47617 27478 25217
is_linear=0
shrinkage=0.01


Tree=113
num_leaves=15
num_cat=0
split_feature=2 3 1 3 6 4 3 3 4 3 6 8 2 0
split_gain=112.708 53.0594 50.0586 25.7428 22.2388 20.9076 20.6509 13.7489 12.3433 9.54115 13.2845 4.26618 4.06254 0.412306
threshold=-1.3330700397491453 -0.51637020707130421 0.34509138762950903 0.88184291124343883 0.13674540817737582 1.5270777344703677 -0.33141814172267908 1.3669795393943789 -1.133231997489929 -2.9027111530303951 -0.49440857768058771 -0.057550590485334389 0.61016538739204418 -0.24550456553697583
decision_type=2 2 2 2 2 2 2 2 2 2 2 2 2 2
left_child=6 4 3 -3 12 -4 9 11 -6 13 -11 -8 -2 -1
right_child=1 2 5 -5 8 -7 7 -9 -10 10 -12 -13 -14 -15
leaf_value=-0.0010706464923704031 -0.00035811333318712765 2.1053838072902024e-05 0.00021991053380263886 -0.00033577308044228568 -0.00038594119247218131 -0.00026238459392396518 0 -0.00092782667801525362 0.00017904414612672864 -0.00010617661690436512 -0.00060356872742800224 -0.0002335401685143914 -0.00010692247224612804 -0.000293283372592411
leaf_weight=4378 41055 190318 208566 22355 4563 8856 14632 2338 18445 8855 20234 20923 10808 1047
leaf_count=4378 41055 190318 208566 22355 4563 8856 14632 2338 18445 8855 20234 20923 10808 1047
internal_value=-3.27089e-06 4.93314e-05 9.24284e-05 -1.57945e-05 -0.000195161 0.000199124 -0.000371999 -0.000200767 5.60169e-05 -0.000551993 -0.000460745 -0.000142441 -0.00031022 -0.000971937
internal_weight=577373 504966 430095 212673 74871 217422 72407 37893 23008 34514 29089 35555 51863 5425
internal_count=577373 504966 430095 212673 74871 217422 72407 37893 23008 34514 29089 35555 51863 5425
is_linear=0
shrinkage=0.01


Tree=114
num_leaves=15
num_cat=0
split_feature=4 3 3 0 6 3 2 3 6 3 1 9 3 6
split_gain=110.601 50.7188 43.4095 29.8924 24.6565 23.1158 29.3756 20.6323 19.4099 15.1838 14.6969 11.3521 6.80856 6.75647
threshold=-0.53420642018318165 0.63436561822891246 -1.6522916555404661 0.27656099200248724 -0.034695355221629136 1.5428064465522768 0.95469406247138988 -0.1683462858200073 0.070266135036945357 -0.17910452187061307 0.26038728654384619 -1.2064695358276365 -5.3401625156402579 -0.1166810169816017
decision_type=2 2 2 2 2 2 2 2 2 2 2 2 2 2
left_child=2 3 12 8 11 10 -7 -5 -2 -6 -3 -4 -1 -14
right_child=1 5 4 7 9 6 -8 -9 -10 -11 -12 -13 13 -15
leaf_value=-0.0011564834908172996 -0.00013171390937457983 -0.00022886683678306416 -0.00079611746334562374 0 -0.00019868379820256869 -0.00019147598903078805 -0.0021742211657697443 0.00029545511767657716 0.00012965255317714372 3.2962425519435945e-05 3.1116753326847901e-05 -0.00026620423772528545 -0.00031958115731784304 -0.00070176176824048931
leaf_weight=2261 42561 36020 4930 29077 45497 2751 1022 139900 82486 71352 51612 42687 14162 11055
leaf_count=2261 42561 36020 4930 29077 45497 2751 1022 139900 82486 71352 51612 42687 14162 11055
internal_value=-3.27998e-06 9.40317e-05 -0.00019962 0.000158249 -0.000136164 -0.000110248 -0.0008613 0.000245142 3.90287e-05 -5.57094e-05 -7.37469e-05 -0.000328352 -0.000568475 -0.000499199
internal_weight=577373 385429 191944 294024 164466 91405 3773 168977 125047 116849 87632 47617 27478 25217
internal_count=577373 385429 191944 294024 164466 91405 3773 168977 125047 116849 87632 47617 27478 25217
is_linear=0
shrinkage=0.01


Tree=115
num_leaves=15
num_cat=0
split_feature=2 3 1 1 1 3 6 3 3 6 4 0 8 0
split_gain=109.343 51.024 48.8041 28.3127 20.9253 19.9626 15.9105 13.4747 9.26258 13.0682 7.55132 5.05342 4.2237 0.386434
threshold=-1.3330700397491453 -0.61298078298568714 0.34509138762950903 -2.4473106861114498 0.67243948578834545 -0.33141814172267908 0.13674540817737582 1.3669795393943789 -2.9027111530303951 -0.49440857768058771 -1.133231997489929 0.27997139096260076 -0.057550590485334389 -0.24550456553697583
decision_type=2 2 2 2 2 2 2 2 2 2 2 2 2 2
left_child=5 6 3 -3 -4 8 11 12 13 -10 -8 -2 -7 -1
right_child=1 2 4 -5 -6 7 10 -9 9 -11 -12 -13 -14 -15
leaf_value=-0.0010550166379088006 -0.00038137058269860781 -0.00099535087055733639 0.00016690600273800243 -3.6111978120144982e-06 0.00059688060960221305 0 -0.00033934968416865214 -0.00091778384762736503 -0.00010178703929257514 -0.00059501648902000306 0.00013168746349681107 -0.00012175192758943412 -0.00023076026573151383 -0.00028648808090660032
leaf_weight=4378 32791 2725 209464 214914 12273 14632 4084 2338 8855 20234 15353 13362 20923 1047
leaf_count=4378 32791 2725 209464 214914 12273 14632 4084 2338 8855 20234 15353 13362 20923 1047
internal_value=-3.28276e-06 4.85231e-05 8.77001e-05 -1.78491e-05 0.000192122 -0.000366469 -0.000210346 -0.00019796 -0.000543509 -0.000453421 2.00826e-05 -0.000311371 -0.000140164 -0.00095771
internal_weight=577373 504966 439376 217639 221737 72407 65590 37893 34514 29089 19437 46153 35555 5425
internal_count=577373 504966 439376 217639 221737 72407 65590 37893 34514 29089 19437 46153 35555 5425
is_linear=0
shrinkage=0.01


Tree=116
num_leaves=15
num_cat=0
split_feature=2 3 1 3 6 4 3 3 4 3 6 4 6 0
split_gain=107.287 50.0755 47.4876 24.9304 21.2399 20.4513 19.5672 13.2228 11.813 9.0891 12.7921 4.20695 4.04385 0.337242
threshold=-1.3330700397491453 -0.51637020707130421 0.34509138762950903 0.88184291124343883 0.13674540817737582 1.5270777344703677 -0.33141814172267908 1.3669795393943789 -1.133231997489929 -2.9027111530303951 -0.49440857768058771 -1.745578348636627 0.12410454824566843 -0.24550456553697583
decision_type=2 2 2 2 2 2 2 2 2 2 2 2 2 2
left_child=6 4 3 -3 12 -4 9 11 -6 13 -11 -8 -2 -1
right_child=1 2 5 -5 8 -7 7 -9 -10 10 -12 -13 -14 -15
leaf_value=-0.0010449273840824238 -0.00027279367503103336 2.0760381609778981e-05 0.00021439271759057856 -0.00033038510845217003 -0.0003761487216293686 -0.00026262612768708548 -0.00062312952200896962 -0.0009093292269125872 0.00017634291473483615 -0.00010079165508732517 -0.00058912457958525805 -0.00010534734737889187 -0.0007261547571307547 -0.00028408270973395543
leaf_weight=4378 49277 190318 208566 22355 4563 8856 1684 2338 18445 8855 20234 33871 2586 1047
leaf_count=4378 49277 190318 208566 22355 4563 8856 1684 2338 18445 8855 20234 33871 2586 1047
internal_value=-3.29087e-06 4.80222e-05 8.98987e-05 -1.54863e-05 -0.000189471 0.00019382 -0.000363049 -0.000196129 5.58565e-05 -0.000538364 -0.000449003 -0.000138813 -0.000301943 -0.000948965
internal_weight=577373 504966 430095 212673 74871 217422 72407 37893 23008 34514 29089 35555 51863 5425
internal_count=577373 504966 430095 212673 74871 217422 72407 37893 23008 34514 29089 35555 51863 5425
is_linear=0
shrinkage=0.01


Tree=117
num_leaves=15
num_cat=0
split_feature=4 3 3 0 6 3 2 3 6 2 1 9 3 6
split_gain=105.357 49.4033 41.2709 28.7643 23.7891 22.4151 29.1357 19.991 18.7929 14.6742 13.9599 11.1102 6.59759 6.76914
threshold=-0.53420642018318165 0.63436561822891246 -1.6522916555404661 0.27656099200248724 -0.034695355221629136 1.5428064465522768 0.95469406247138988 -0.1683462858200073 0.070266135036945357 -1.7651827335357664 0.26038728654384619 -1.2064695358276365 -5.3401625156402579 -1.2200593948364256
decision_type=2 2 2 2 2 2 2 2 2 2 2 2 2 2
left_child=2 3 12 8 11 10 -7 -5 -2 -6 -3 -4 -1 -14
right_child=1 5 4 7 9 6 -8 -9 -10 -11 -12 -13 13 -15
leaf_value=-0.0011335238073468103 -0.00012990764403933539 -0.00022510135840688993 -0.00078448892339506252 0 -0.00055949409619486089 -0.00018317877228314362 -0.0021565067222446247 0.00028981479770863266 0.00012726202967758903 -2.7135497052437675e-05 2.8139565421172478e-05 -0.00026029803782985753 -9.6329125987991746e-05 -0.00056918784373307697
leaf_weight=2261 42561 36020 4930 29077 5314 2751 1022 139900 82486 111535 51612 42687 4915 20302
leaf_count=2261 42561 36020 4930 29077 5314 2751 1022 139900 82486 111535 51612 42687 4915 20302
internal_value=-3.3037e-06 9.16647e-05 -0.000194941 0.00015505 -0.000133026 -0.00010994 -0.000849688 0.000240291 3.80672e-05 -5.39692e-05 -7.39503e-05 -0.000321807 -0.000554658 -0.000486376
internal_weight=577373 385429 191944 294024 164466 91405 3773 168977 125047 116849 87632 47617 27478 25217
internal_count=577373 385429 191944 294024 164466 91405 3773 168977 125047 116849 87632 47617 27478 25217
is_linear=0
shrinkage=0.01


Tree=118
num_leaves=16
num_cat=0
split_feature=2 1 3 3 6 2 2 1 3 4 1 2 4 6 4
split_gain=103.935 48.4284 46.4451 45.4348 27.7965 19.0496 16.6296 13.3053 17.1943 10.1633 7.4613 5.78121 5.10079 11.1244 2.99549
threshold=-1.3330700397491453 -0.89520022273063649 -0.24470835179090497 0.63436561822891246 0.13674540817737582 -1.846064507961273 -1.1142182350158689 -2.0432429313659664 -0.33141814172267908 -1.6634913086891172 -2.4473106861114498 -1.1659294366836546 -1.6829031109809873 -0.58773475885391224 -1.5744727849960325
decision_type=2 2 2 2 2 2 2 2 2 2 2 2 2 2 2
left_child=5 6 4 -4 -3 12 11 9 -9 -7 -8 -2 13 -1 -14
right_child=1 2 3 -5 -6 7 10 8 -10 -11 -12 -13 14 -15 -16
leaf_value=-0.00036063308287027999 -0.0001622009958020508 -0.00023353374321930309 0.0001831462400655396 -6.6716921282236578e-05 0.00010168187205657608 0.0006348464996325338 -0.0012797924983007846 -0.0005484582608806124 -0.00015601596830007526 -0.00010654574951490357 -0.00049742586080575623 0.0005794540489634588 0 -0.0014039009153166443 -0.00054928061994398588
leaf_weight=2717 4596 70157 282619 96492 37027 2122 1891 22366 26332 8141 11038 1146 1330 3016 6383
leaf_count=2717 4596 70157 282619 96492 37027 2122 1891 22366 26332 8141 11038 1146 1330 3016 6383
internal_value=-3.31373e-06 4.71859e-05 6.68061e-05 0.000119022 -0.000115896 -0.000357413 -0.000448524 -0.000272654 -0.000341853 3.6836e-05 -0.000644841 0 -0.000704979 -0.000972006 -0.000461674
internal_weight=577373 504966 486295 379111 107184 72407 18671 58961 48698 10263 12929 5742 13446 5733 7713
internal_count=577373 504966 486295 379111 107184 72407 18671 58961 48698 10263 12929 5742 13446 5733 7713
is_linear=0
shrinkage=0.01


Tree=119
num_leaves=15
num_cat=0
split_feature=2 3 3 2 2 1 3 6 3 4 4 6 8 4
split_gain=102.245 44.1503 36.4663 36.0541 31.886 31.8328 23.0038 22.1213 18.6824 18.6588 4.99351 10.8798 4.53601 2.93437
threshold=-0.57207393646240223 1.2348897457122805 -0.17910452187061307 -1.846064507961273 1.4438790082931521 0.46811886131763464 -0.31917913258075709 0.13780760765075686 0.3833224773406983 -0.41665647923946375 -1.6829031109809873 -0.58773475885391224 0.0542061384767294 -1.5744727849960325
decision_type=2 2 2 2 2 2 2 2 2 2 2 2 2 2
left_child=3 2 9 10 12 -4 7 -5 -8 -2 11 -1 -3 -12
right_child=1 4 5 6 -6 -7 8 -9 -10 -11 13 -13 -14 -15
leaf_value=-0.00035727405495910349 -0.00023910568374661478 -0.00077045340368979366 8.6183326499038022e-05 -0.00042055219551154552 -0.0018433560348576029 0.00031476638092173178 4.952824568068244e-05 1.4119553784125134e-05 -0.00021227672246225019 5.6494741006302981e-05 0 -0.0013907350318725581 -9.2032639661814459e-06 -0.00054395473110127731
leaf_weight=2717 39869 1020 218127 46280 1664 86727 58989 14462 49013 43877 1330 3016 3899 6383
leaf_count=2717 39869 1020 218127 46280 1664 86727 58989 14462 49013 43877 1330 3016 3899 6383
internal_value=-3.31541e-06 8.66844e-05 0.000101047 -0.000199509 -0.00070967 0.000152032 -0.000157777 -0.000314073 -6.76073e-05 -8.20838e-05 -0.000698589 -0.000963218 -0.00023006 -0.000457244
internal_weight=577373 395183 388600 182190 6583 304854 168744 60742 108002 83746 13446 5733 4919 7713
internal_count=577373 395183 388600 182190 6583 304854 168744 60742 108002 83746 13446 5733 4919 7713
is_linear=0
shrinkage=0.01


Tree=120
num_leaves=14
num_cat=0
split_feature=2 1 3 3 6 3 2 2 1 1 2 6 0
split_gain=100.412 47.1933 44.5607 44.2499 26.9693 18.7793 16.3495 11.1929 13.023 7.30732 5.67823 5.01025 0.384591
threshold=-1.3330700397491453 -0.89520022273063649 -0.24470835179090497 0.63436561822891246 0.13674540817737582 -2.9027111530303951 -1.1142182350158689 -1.846064507961273 -1.2557137012481687 -2.4473106861114498 -1.1659294366836546 -0.58773475885391224 -0.24550456553697583
decision_type=2 2 2 2 2 2 2 2 2 2 2 2 2
left_child=5 6 4 -4 -3 12 10 11 -9 -8 -2 -7 -1
right_child=1 2 3 -5 -6 7 9 8 -10 -11 -12 -13 -14
leaf_value=-0.0010214290172806601 -0.00015914095872931154 -0.00022913982536490956 0.00018012935945389683 -6.6443048953374802e-05 0.00010102743028109304 -0.00019016387067650447 -0.0012665827780011516 0 -0.00033088222296872352 -0.00049151187838148054 0.00057586462265482509 -0.00073948191056332976 -0.00026875673191294777
leaf_weight=4378 4596 70157 282619 96492 37027 3693 1891 16296 38946 11038 1146 8047 1047
leaf_count=4378 4596 70157 282619 96492 37027 3693 1891 16296 38946 11038 1146 8047 1047
internal_value=-3.31151e-06 4.63188e-05 6.5692e-05 0.000116842 -0.000113244 -0.000351362 -0.000443016 -0.000299189 -0.000231977 -0.000637675 0 -0.000589516 -0.000926443
internal_weight=577373 504966 486295 379111 107184 72407 18671 66982 55242 12929 5742 11740 5425
internal_count=577373 504966 486295 379111 107184 72407 18671 66982 55242 12929 5742 11740 5425
is_linear=0
shrinkage=0.01


Tree=121
num_leaves=15
num_cat=0
split_feature=4 3 3 0 6 3 2 3 6 3 1 3 3 6
split_gain=99.0453 46.8451 39.0539 27.5466 24.1365 21.6855 28.4939 18.813 18.0218 13.5534 13.3911 10.3496 6.05655 9.09069
threshold=-0.53420642018318165 0.63436561822891246 -1.7302619218826292 0.27656099200248724 -0.034695355221629136 1.5428064465522768 0.95469406247138988 -0.1683462858200073 0.070266135036945357 -0.049661997705698006 0.26038728654384619 1.0783194899559023 -5.3401625156402579 -0.108120109885931
decision_type=2 2 2 2 2 2 2 2 2 2 2 2 2 2
left_child=2 3 12 8 11 10 -7 -5 -2 -6 -3 -4 -1 -14
right_child=1 5 4 7 9 6 -8 -9 -10 -11 -12 -13 13 -15
leaf_value=-0.0011108194217097191 -0.00012848523229881448 -0.0002201512982155626 -0.00028419430981245362 0 -0.00016702210191663527 -0.00017578049719387142 -0.002127182899802617 0.00028194687078392819 0.00012336594146925895 4.6133164722802124e-05 2.783043756385759e-05 -0.0011318195719646834 -0.00028231071369197973 -0.00072527919482308215
leaf_weight=2261 42561 36020 46955 29077 54737 2751 1022 139900 82486 62966 51612 1504 13649 9872
leaf_count=2261 42561 36020 46955 29077 54737 2751 1022 139900 82486 62966 51612 1504 13649 9872
internal_value=-3.31112e-06 8.87576e-05 -0.000189129 0.000150489 -0.000130988 -0.000107528 -0.000835174 0.000233904 3.59807e-05 -5.14121e-05 -7.20914e-05 -0.000319156 -0.000552246 -0.000481208
internal_weight=577373 385429 191944 294024 166162 91405 3773 168977 125047 117703 87632 48459 25782 23521
internal_count=577373 385429 191944 294024 166162 91405 3773 168977 125047 117703 87632 48459 25782 23521
is_linear=0
shrinkage=0.01


Tree=122
num_leaves=15
num_cat=0
split_feature=2 1 2 3 3 3 6 3 3 3 1 4 6 4
split_gain=97.4538 43.2394 34.5777 27.4865 30.2998 21.7902 21.342 18.1732 16.9332 9.63875 6.47847 4.89096 10.6584 2.8942
threshold=-0.57207393646240223 -0.14742351323366162 -1.846064507961273 -0.17910452187061307 0.63436561822891246 -0.31917913258075709 0.13780760765075686 0.3833224773406983 -2.462729692459106 1.3669795393943789 -0.66213485598564137 -1.6829031109809873 -0.58773475885391224 -1.5744727849960325
decision_type=2 2 2 2 2 2 2 2 2 2 2 2 2 2
left_child=2 9 11 8 -5 6 -4 -7 -3 10 -2 12 -1 -13
right_child=1 3 5 4 -6 7 -8 -9 -10 -11 -12 13 -14 -15
leaf_value=-0.00034576680312055293 -0.00049278134973093732 -0.00067744390952816981 -0.00041072678886396106 0.00021838902124349133 -1.2726722345065083e-05 4.9356696330519815e-05 1.605621499752632e-05 -0.00020884368370284272 -1.3834739842174575e-05 -0.0011176182729246257 -0.00012019495597039403 0 -0.0013678444239862012 -0.00053113164158135131
leaf_weight=2717 7555 3906 46280 215410 74780 58989 14462 49013 74308 1317 17907 1330 3016 6383
leaf_count=2717 7555 3906 46280 215410 74780 58989 14462 49013 74308 1317 17907 1330 3016 6383
internal_value=-3.31446e-06 8.45431e-05 -0.000194864 0.000113184 0.000158176 -0.000153966 -0.000306113 -6.61397e-05 -5.11692e-05 -0.000299986 -0.00024152 -0.00068369 -0.000945152 -0.000445096
internal_weight=577373 395183 182190 368404 290190 168744 60742 108002 78214 26779 25462 13446 5733 7713
internal_count=577373 395183 182190 368404 290190 168744 60742 108002 78214 26779 25462 13446 5733 7713
is_linear=0
shrinkage=0.01


Tree=123
num_leaves=14
num_cat=0
split_feature=2 1 3 3 6 3 2 2 1 6 6 2 0
split_gain=95.9314 45.4482 41.8502 43.1807 27.2567 18.1325 16.1213 10.637 12.7982 6.99195 4.86766 4.72995 0.383344
threshold=-1.3330700397491453 -0.94345262646675099 -0.17910452187061307 0.63436561822891246 0.13674540817737582 -2.9027111530303951 -1.1142182350158689 -1.846064507961273 -1.2557137012481687 -1.6038511395454405 -0.58773475885391224 -1.1659294366836546 -0.24550456553697583
decision_type=2 2 2 2 2 2 2 2 2 2 2 2 2
left_child=5 6 4 -4 -3 12 11 10 -9 -8 -7 -2 -1
right_child=1 2 3 -5 -6 7 9 8 -10 -11 -12 -13 -14
leaf_value=-0.0010024479766116657 -0.00014926928645063052 -0.00021097150795294672 0.00018124068726938105 -6.3260163228102991e-05 0.00010267912330126439 -0.00018181699479811325 -0.0014758940840472251 0 -0.00032459999401978045 -0.00052842235980430513 -0.00072317273746922968 0.00053974122989841817 -0.00025878051436657826
leaf_weight=4378 4332 76968 271653 96810 42101 3693 1089 16296 38946 10936 8047 1077 1047
leaf_count=4378 4332 76968 271653 96810 42101 3693 1089 16296 38946 10936 8047 1077 1047
internal_value=-3.32337e-06 4.51791e-05 6.35536e-05 0.000116459 -9.84063e-05 -0.000343527 -0.000452205 -0.000292199 -0.00022652 -0.000653328 -0.000575529 0 -0.000908783
internal_weight=577373 504966 487532 368463 119069 72407 17434 66982 55242 12025 11740 5409 5425
internal_count=577373 504966 487532 368463 119069 72407 17434 66982 55242 12025 11740 5409 5425
is_linear=0
shrinkage=0.01


Tree=124
num_leaves=16
num_cat=0
split_feature=4 3 3 1 3 2 3 6 1 6 3 1 2 1 1
split_gain=94.6334 44.4272 40.0507 26.6772 21.6988 25.7069 20.6649 19.9806 13.3856 12.7821 11.1235 10.8917 10.7532 8.42432 7.87289
threshold=-0.47569897770881647 0.63436561822891246 -1.0550137758255003 0.34294466674327856 1.5428064465522768 0.95469406247138988 1.0000000180025095e-35 -0.034695355221629136 0.65955427289009105 0.19684981554746631 0.54598301649093639 0.26038728654384619 -1.2983934879302976 0.42374047636985784 -2.0432429313659664
decision_type=2 2 2 2 2 2 2 2 2 2 2 2 2 2 2
left_child=2 3 12 9 11 -6 -5 10 -9 -2 -4 -3 14 -14 -1
right_child=1 4 7 6 5 -7 -8 8 -10 -11 -12 -13 13 -15 -16
leaf_value=-0.00017331650497821237 -2.0174093359233701e-05 -0.00020228684629119246 -0.00021303159583020836 5.8858847644362427e-05 -0.00019169396997631007 -0.0020713372916632521 0.00030907914554398705 -4.6692434473098733e-05 0.000734047850339689 0.00021228188573457749 -0.00071148214070969622 2.30360991674216e-05 -0.00019986693799623742 -0.00069782748546706437 -0.00074567845037041614
leaf_weight=4213 91548 35203 34658 49563 2683 1011 114168 112333 2019 31170 5647 51031 22971 4534 14621
leaf_count=4213 91548 35203 34658 49563 2683 1011 114168 112333 2019 31170 5647 51031 22971 4534 14621
internal_value=-3.32251e-06 8.98718e-05 -0.000178744 0.000151007 -0.000102548 -0.000837453 0.000234719 -9.95207e-05 -2.99042e-05 3.74913e-05 -0.000290974 -6.6888e-05 -0.000437293 -0.000293616 -0.00063132
internal_weight=577373 376377 200996 286449 89928 3694 163731 154657 114352 122718 40305 86234 46339 27505 18834
internal_count=577373 376377 200996 286449 89928 3694 163731 154657 114352 122718 40305 86234 46339 27505 18834
is_linear=0
shrinkage=0.01


Tree=125
num_leaves=14
num_cat=0
split_feature=2 1 3 3 6 3 2 2 1 6 6 2 0
split_gain=92.8124 44.3227 40.4824 41.5658 26.5264 17.5942 15.8381 10.4217 12.5265 6.86391 4.79497 4.6454 0.382968
threshold=-1.3330700397491453 -0.94345262646675099 -0.17910452187061307 0.63436561822891246 0.13674540817737582 -2.9027111530303951 -1.1142182350158689 -1.846064507961273 -1.2557137012481687 -1.6038511395454405 -0.45399881899356836 -1.1659294366836546 -0.24550456553697583
decision_type=2 2 2 2 2 2 2 2 2 2 2 2 2
left_child=5 6 4 -4 -3 12 11 10 -9 -8 -7 -2 -1
right_child=1 2 3 -5 -6 7 9 8 -10 -11 -12 -13 -14
leaf_value=-0.0009876113741824758 -0.00014659049560290465 -0.00020780571245672795 0.00017813081663620324 -6.172602500706502e-05 0.00010159008650833804 -0.00020820025380464326 -0.0014616440582567612 0 -0.00031934662919925327 -0.00052218578256164991 -0.00073026041836041613 0.00053620122670478237 -0.00025096197886677769
leaf_weight=4378 4332 76968 271653 96810 42101 4179 1089 16296 38946 10936 7561 1077 1047
leaf_count=4378 4332 76968 271653 96810 42101 4179 1089 16296 38946 10936 7561 1077 1047
internal_value=-3.32024e-06 4.43815e-05 6.25318e-05 0.000114569 -9.67442e-05 -0.000337952 -0.000446793 -0.000287331 -0.00022229 -0.000646145 -0.000567777 0 -0.000894975
internal_weight=577373 504966 487532 368463 119069 72407 17434 66982 55242 12025 11740 5409 5425
internal_count=577373 504966 487532 368463 119069 72407 17434 66982 55242 12025 11740 5409 5425
is_linear=0
shrinkage=0.01


Tree=126
num_leaves=16
num_cat=0
split_feature=4 3 3 1 3 2 9 6 0 1 3 4 2 1 1
split_gain=91.6908 42.9395 38.7472 26.0473 21.3252 25.2938 19.5208 19.4168 18.753 13.1212 10.9039 10.7191 10.3426 8.28589 7.70548
threshold=-0.47569897770881647 0.63436561822891246 -1.0550137758255003 0.56968489289283764 1.5428064465522768 0.95469406247138988 0.092859849333763136 -0.034695355221629136 0.27656099200248724 0.65955427289009105 0.54598301649093639 0.59454941749572765 -1.2983934879302976 0.42374047636985784 -2.0432429313659664
decision_type=2 2 2 2 2 2 2 2 2 2 2 2 2 2 2
left_child=2 3 12 8 11 -6 -5 10 -2 -9 -4 -3 14 -14 -1
right_child=1 4 7 6 5 -7 -8 9 -10 -11 -12 -13 13 -15 -16
leaf_value=-0.0001676274133611803 1.6023417420962127e-05 -0.00019501964857667419 -0.00020955948671342491 0.00068195901156570455 -0.00018825753511982269 -0.0020531747994877543 0.00016498763785919757 -4.602930150861029e-05 0.00019070389743547502 0.00072695004390646025 -0.00070315588586400608 2.7193898343384485e-05 -0.00019609398384521745 -0.00068991058772543132 -0.00073392535605249247
leaf_weight=4213 113783 36729 34658 15147 2683 1011 16749 112333 140770 2019 5647 49505 22971 4534 14621
leaf_count=4213 113783 36729 34658 15147 2683 1011 16749 112333 140770 2019 5647 49505 22971 4534 14621
internal_value=-3.31887e-06 8.84095e-05 -0.000175997 0.000148517 -0.000100738 -0.000829261 0.000419442 -9.80446e-05 0.000113482 -2.93903e-05 -0.000286784 -6.53702e-05 -0.000430327 -0.000289108 -0.000620849
internal_weight=577373 376377 200996 286449 89928 3694 31896 154657 254553 114352 40305 86234 46339 27505 18834
internal_count=577373 376377 200996 286449 89928 3694 31896 154657 254553 114352 40305 86234 46339 27505 18834
is_linear=0
shrinkage=0.01


Tree=127
num_leaves=15
num_cat=0
split_feature=2 1 2 6 1 4 3 6 3 3 3 4 6 4
split_gain=90.1522 41.2329 32.3798 25.9034 33.5719 23.0105 20.1033 21.5955 18.7839 9.22375 6.15759 4.78631 10.4346 2.87763
threshold=-0.57207393646240223 -0.14742351323366162 -1.846064507961273 0.13142308592796328 0.61307218670845043 -1.6251922249794004 -0.2694855779409408 0.13570460677146914 0.3833224773406983 1.3669795393943789 -0.38701373338699335 -1.6829031109809873 -0.58773475885391224 -1.5744727849960325
decision_type=2 2 2 2 2 2 2 2 2 2 2 2 2 2
left_child=2 9 11 5 -5 -3 7 -4 -8 10 -2 12 -1 -13
right_child=1 3 6 4 -6 -7 8 -9 -10 -11 -12 13 -14 -15
leaf_value=-0.00032681967849880879 -0.00059994069111300394 -0.0010110491495884471 -0.00039326241557714991 0.00015421286464096083 0.00068322418786649511 3.766689986862995e-05 6.2489497907031107e-05 2.1564551953089068e-05 -0.00020355193454786976 -0.0010950814843166746 -0.00015265948012883106 0 -0.0013351894482539184 -0.0005114108292256196
leaf_weight=2717 4116 1907 48166 169519 13060 183918 55851 15714 49013 1317 21346 1330 3016 6383
leaf_count=2717 4116 1907 48166 169519 13060 183918 55851 15714 49013 1317 21346 1330 3016 6383
internal_value=-3.30778e-06 8.11808e-05 -0.000187554 0.000109161 0.000193854 2.47541e-05 -0.000147932 -0.000288348 -6.01043e-05 -0.000294295 -0.00023687 -0.000660694 -0.000918136 -0.000425695
internal_weight=577373 395183 182190 368404 182579 185825 168744 63880 104864 26779 25462 13446 5733 7713
internal_count=577373 395183 182190 368404 182579 185825 168744 63880 104864 26779 25462 13446 5733 7713
is_linear=0
shrinkage=0.01


Tree=128
num_leaves=16
num_cat=0
split_feature=4 3 3 1 3 2 3 6 1 6 3 4 2 1 1
split_gain=88.6859 41.9595 37.5288 25.3526 20.8585 24.9375 19.9515 18.8115 12.7834 12.4292 10.6702 10.4725 9.97789 8.20608 7.56113
threshold=-0.47569897770881647 0.63436561822891246 -1.0550137758255003 0.34294466674327856 1.5428064465522768 0.95469406247138988 1.0000000180025095e-35 -0.034695355221629136 0.65955427289009105 0.19684981554746631 0.54598301649093639 0.59454941749572765 -1.2983934879302976 0.42374047636985784 -2.0432429313659664
decision_type=2 2 2 2 2 2 2 2 2 2 2 2 2 2 2
left_child=2 3 12 9 11 -6 -5 10 -9 -2 -4 -3 14 -14 -1
right_child=1 4 7 6 5 -7 -8 8 -10 -11 -12 -13 13 -15 -16
leaf_value=-0.00016185780458038122 -2.1219247904435557e-05 -0.00019319675436949989 -0.00020571921486984556 5.510840808305994e-05 -0.00018394760134533557 -0.0020357381471707296 0.00030098728366109175 -4.5229370884433303e-05 0.00071771431252182867 0.00020803327648472985 -0.00069408305202758554 2.6395037336957687e-05 -0.00019194800495190905 -0.00068309171012467796 -0.00072270883213147014
leaf_weight=4213 91548 36729 34658 49563 2683 1011 114168 112333 2019 31170 5647 49505 22971 4534 14621
leaf_count=4213 91548 36729 34658 49563 2683 1011 114168 112333 2019 31170 5647 49505 22971 4534 14621
internal_value=-3.30127e-06 8.69056e-05 -0.000173132 0.000146328 -0.00010006 -0.000820647 0.000227935 -9.63886e-05 -2.87833e-05 3.56268e-05 -0.000282169 -6.50508e-05 -0.00042345 -0.000284475 -0.000610778
internal_weight=577373 376377 200996 286449 89928 3694 163731 154657 114352 122718 40305 86234 46339 27505 18834
internal_count=577373 376377 200996 286449 89928 3694 163731 154657 114352 122718 40305 86234 46339 27505 18834
is_linear=0
shrinkage=0.01


Tree=129
num_leaves=14
num_cat=0
split_feature=2 1 3 3 6 3 2 2 1 6 9 2 0
split_gain=87.2843 42.6415 38.4493 39.1243 25.2099 16.7807 15.5501 9.90883 12.2356 6.72469 4.86036 4.55906 0.448259
threshold=-1.3330700397491453 -0.94345262646675099 -0.17910452187061307 0.63436561822891246 0.13674540817737582 -2.9027111530303951 -1.1142182350158689 -1.846064507961273 -1.2557137012481687 -1.6038511395454405 -2.0428720712661739 -1.1659294366836546 -0.24550456553697583
decision_type=2 2 2 2 2 2 2 2 2 2 2 2 2
left_child=5 6 4 -4 -3 12 11 10 -9 -8 -7 -2 -1
right_child=1 2 3 -5 -6 7 9 8 -10 -11 -12 -13 -14
leaf_value=-0.00096394565981341724 -0.00014151470264311668 -0.00020273342837173842 0.00017315199419705709 -5.9510203784864327e-05 9.8825478842980895e-05 -0.0012432072014294914 -0.0014436059632730366 3.5317253282393584e-06 -0.0003107675351596991 -0.00051352247455123759 -0.00043904354294195384 0.00053473436133243211 -0.0002343669051226787
leaf_weight=4378 4332 76968 271653 96810 42101 1118 1089 16296 38946 10936 10622 1077 1047
leaf_count=4378 4332 76968 271653 96810 42101 1118 1089 16296 38946 10936 10622 1077 1047
internal_value=-3.29883e-06 4.29499e-05 6.07602e-05 0.000111481 -9.4443e-05 -0.000327821 -0.000438805 -0.000278303 -0.000214766 -0.000636351 -0.000551916 0 -0.000872035
internal_weight=577373 504966 487532 368463 119069 72407 17434 66982 55242 12025 11740 5409 5425
internal_count=577373 504966 487532 368463 119069 72407 17434 66982 55242 12025 11740 5409 5425
is_linear=0
shrinkage=0.01


Tree=130
num_leaves=16
num_cat=0
split_feature=4 3 3 1 3 2 9 6 0 1 3 1 2 1 1
split_gain=85.9239 40.5566 36.2872 25.0018 20.5026 24.5335 19.1449 18.259 17.9583 12.533 10.4589 10.3714 9.58561 8.07101 7.42978
threshold=-0.47569897770881647 0.63436561822891246 -1.0550137758255003 0.56968489289283764 1.5428064465522768 0.95469406247138988 0.092859849333763136 -0.034695355221629136 0.27656099200248724 0.65955427289009105 0.54598301649093639 0.26038728654384619 -1.2983934879302976 0.42374047636985784 -2.0432429313659664
decision_type=2 2 2 2 2 2 2 2 2 2 2 2 2 2 2
left_child=2 3 12 8 11 -6 -5 10 -2 -9 -4 -3 14 -14 -1
right_child=1 4 7 6 5 -7 -8 9 -10 -11 -12 -13 13 -15 -16
leaf_value=-0.000155673086422787 1.4176223839167385e-05 -0.00019576341897960793 -0.00020227434707339686 0.00066919308840077292 -0.00018069564884186826 -0.0020178960248117333 0.00015744237230620622 -4.4644614196986261e-05 0.00018512872874751118 0.00071077122121675326 -0.00068586131432319861 2.4110128736761317e-05 -0.00018829416884453586 -0.00067534535650309315 -0.00071134316963289326
leaf_weight=4213 113783 35203 34658 15147 2683 1011 16749 112333 140770 2019 5647 51031 22971 4534 14621
leaf_count=4213 113783 35203 34658 15147 2683 1011 16749 112333 140770 2019 5647 51031 22971 4534 14621
internal_value=-3.29959e-06 8.54858e-05 -0.000170469 0.000143911 -9.83051e-05 -0.000812691 0.000409353 -9.49773e-05 0.000109571 -2.83434e-05 -0.000278018 -6.35795e-05 -0.000416637 -0.000280096 -0.000600494
internal_weight=577373 376377 200996 286449 89928 3694 31896 154657 254553 114352 40305 86234 46339 27505 18834
internal_count=577373 376377 200996 286449 89928 3694 31896 154657 254553 114352 40305 86234 46339 27505 18834
is_linear=0
shrinkage=0.01


Tree=131
num_leaves=16
num_cat=0
split_feature=1 3 3 6 1 2 4 2 3 4 0 4 4 4 0
split_gain=84.6679 55.1726 26.2712 25.4789 24.878 21.48 15.4052 14.283 11.1568 11.9091 7.36989 5.67006 8.28315 4.95999 1.59071
threshold=-0.045528288930654519 -0.17910452187061307 0.63436561822891246 0.13674540817737582 0.56968489289283764 -1.846064507961273 1.5270777344703677 -0.58672660589218129 1.2348897457122805 1.0526971817016604 0.38370937108993536 -1.6445639729499815 -1.9204999208450315 0.71614789962768566 -0.16730811446905133
decision_type=2 2 2 2 2 2 2 2 2 2 2 2 2 2 2
left_child=5 3 4 7 -3 11 -4 -2 9 -7 -5 12 -1 -10 -13
right_child=1 2 6 10 -6 8 -8 -9 13 -11 -12 14 -14 -15 -16
leaf_value=-0.00011442614869966893 -0.00045982098023279391 0.00014473036034918618 7.9366293985282162e-06 0.0001663925913257935 0.00046403009314471231 -0.0001880687004028158 -0.00060986474071986858 -0.00013979260667701659 -0.00088565199757668466 0.00011959082857409333 -0.00012125208827648067 -0.00045510811954395001 -0.0011134222628822546 0 -7.868815134766658e-06
leaf_weight=1678 21957 216022 78747 26660 28302 112895 4028 46415 3087 13197 12387 4406 4113 1347 2132
leaf_count=1678 21957 216022 78747 26660 28302 112895 4028 46415 3087 13197 12387 4406 4113 1347 2132
internal_value=-3.28839e-06 6.58039e-05 0.000130669 -0.000129732 0.000182885 -0.000214641 -2.1114e-05 -0.000246525 -0.00017421 -0.000154147 6.98934e-05 -0.000617101 -0.00087082 -0.000670331 -0.000343511
internal_weight=577373 434518 327099 107419 244324 142855 82775 68372 130526 126092 39047 12329 5791 4434 6538
internal_count=577373 434518 327099 107419 244324 142855 82775 68372 130526 126092 39047 12329 5791 4434 6538
is_linear=0
shrinkage=0.01


Tree=132
num_leaves=14
num_cat=0
split_feature=2 1 3 3 6 3 2 2 1 6 6 2 0
split_gain=83.2525 41.2352 36.5967 37.0899 24.1306 16.216 15.2775 9.5149 11.9988 6.61595 4.84722 4.47764 0.460789
threshold=-1.3330700397491453 -0.94345262646675099 -0.17910452187061307 0.63436561822891246 0.13674540817737582 -2.9027111530303951 -1.1142182350158689 -1.846064507961273 -1.2557137012481687 -1.6038511395454405 -0.45399881899356836 -1.1659294366836546 -0.24550456553697583
decision_type=2 2 2 2 2 2 2 2 2 2 2 2 2
left_child=5 6 4 -4 -3 12 11 10 -9 -8 -7 -2 -1
right_child=1 2 3 -5 -6 7 9 8 -10 -11 -12 -13 -14
leaf_value=-0.00094619740669966707 -0.00013727793618421204 -0.00019796777455606017 0.00016893599575686633 -5.7557450457755994e-05 9.702444921775132e-05 -0.00018325331612524358 -0.0014281880251301759 7.0168874322735237e-06 -0.00030426423670886399 -0.00050578767919120409 -0.00070122502605154957 0.000532688039672957 -0.0002241889476916531
leaf_weight=4378 4332 76968 271653 96810 42101 4179 1089 16296 38946 10936 7561 1077 1047
leaf_count=4378 4332 76968 271653 96810 42101 4179 1089 16296 38946 10936 7561 1077 1047
internal_value=-3.28379e-06 4.18759e-05 5.93965e-05 0.000108886 -9.19983e-05 -0.00032023 -0.000431852 -0.000271496 -0.000209137 -0.00062768 -0.000539755 0 -0.000855334
internal_weight=577373 504966 487532 368463 119069 72407 17434 66982 55242 12025 11740 5409 5425
internal_count=577373 504966 487532 368463 119069 72407 17434 66982 55242 12025 11740 5409 5425
is_linear=0
shrinkage=0.01


Tree=133
num_leaves=16
num_cat=0
split_feature=4 3 3 6 1 3 6 3 2 8 9 4 3 6 1
split_gain=82.0901 38.7174 34.7742 24.3228 30.6015 23.2222 22.1573 20.0482 24.1645 12.9218 10.8317 10.2169 8.14718 8.72796 2.33825
threshold=-0.47569897770881647 0.63436561822891246 -1.2702209949493406 0.070266135036945357 0.64819130301475536 -0.46549753844738001 -0.034695355221629136 1.5428064465522768 0.95469406247138988 -6.9081015586853018 -1.2064695358276365 0.59454941749572765 -4.2125575542449942 -0.45399881899356836 0.069833427667617812
decision_type=2 2 2 2 2 2 2 2 2 2 2 2 2 2 2
left_child=2 3 12 5 -5 -2 10 11 -9 -8 -4 -3 14 -14 -1
right_child=1 7 6 4 -6 -7 9 8 -10 -11 -12 -13 13 -15 -16
leaf_value=-0.00054032184378701679 -0.00044154440833979669 -0.00018833857729712335 -0.00077956535839261785 0.00016995757250074051 0.00076281535847769427 5.9025954972728376e-05 -0.0010486345414926616 -0.0001751118487024778 -0.0019982304162877245 -1.5621258133291026e-05 -0.00023139092061981274 2.8625268977770539e-05 -0.00010504698103951901 -0.00048139415869085679 -0.0013787734143645327
leaf_weight=3074 10471 36729 4306 197074 9179 69725 1034 2683 1011 117800 39519 49505 10552 23452 1259
leaf_count=3074 10471 36729 4306 197074 9179 69725 1034 2683 1011 117800 39519 49505 10552 23452 1259
internal_value=-3.2817e-06 8.34923e-05 -0.000166687 0.000140584 0.000198024 -4.78047e-06 -0.00010095 -9.60527e-05 -0.000802441 -2.80367e-05 -0.000293091 -6.16926e-05 -0.000438437 -0.000371752 -0.000878148
internal_weight=577373 376377 200996 286449 206253 80196 162659 89928 3694 118834 43825 86234 38337 34004 4333
internal_count=577373 376377 200996 286449 206253 80196 162659 89928 3694 118834 43825 86234 38337 34004 4333
is_linear=0
shrinkage=0.01


Tree=134
num_leaves=15
num_cat=0
split_feature=2 1 2 6 1 4 6 3 3 6 3 4 6 4
split_gain=81.051 38.6484 29.7417 24.1592 27.0627 22.1214 18.6429 19.9448 8.63371 7.42905 5.84306 4.53562 10.4018 2.90065
threshold=-0.57207393646240223 -0.14742351323366162 -1.846064507961273 0.14090479165315631 0.61307218670845043 -1.6251922249794004 0.20159309357404712 -0.2694855779409408 1.3669795393943789 0.22280573844909671 -0.38701373338699335 -1.6829031109809873 -0.58773475885391224 -1.5744727849960325
decision_type=2 2 2 2 2 2 2 2 2 2 2 2 2 2
left_child=2 8 11 5 -5 -3 7 -4 10 -8 -2 12 -1 -13
right_child=1 3 6 4 -6 -7 9 -9 -10 -11 -12 13 -14 -15
leaf_value=-0.00029680820099672926 -0.00058485734498474524 -0.00097261214227656204 -0.00034270008833491358 0.00015557699768015021 0.00065160217969936697 4.1173724571513351e-05 0.00044097903549950739 -9.0493766672506624e-05 -0.0010630016535813395 2.108572306827404e-06 -0.00014841440521549422 0 -0.0012954117583475141 -0.00048889171097221196
leaf_weight=2717 4116 1964 53637 153784 12045 200611 4473 82882 1317 27752 21346 1330 3016 6383
leaf_count=2717 4116 1964 53637 153784 12045 200611 4473 82882 1317 27752 21346 1330 3016 6383
internal_value=-3.29517e-06 7.67966e-05 -0.00017801 0.000103902 0.000193552 2.9409e-05 -0.00013998 -0.000191402 -0.000286688 7.15384e-05 -0.000230768 -0.000631582 -0.000881819 -0.000402722
internal_weight=577373 395183 182190 368404 165829 202575 168744 136519 26779 32225 25462 13446 5733 7713
internal_count=577373 395183 182190 368404 165829 202575 168744 136519 26779 32225 25462 13446 5733 7713
is_linear=0
shrinkage=0.01


Tree=135
num_leaves=14
num_cat=0
split_feature=2 1 3 3 6 3 2 2 1 1 9 2 0
split_gain=79.594 39.92 34.961 35.6195 22.9335 15.716 14.9846 9.04802 11.7986 6.56117 4.9057 4.39978 0.461718
threshold=-1.3330700397491453 -0.94345262646675099 -0.17910452187061307 0.63436561822891246 0.13674540817737582 -2.9027111530303951 -1.1142182350158689 -1.846064507961273 -1.2557137012481687 -2.4473106861114498 -2.0428720712661739 -1.1659294366836546 -0.24550456553697583
decision_type=2 2 2 2 2 2 2 2 2 2 2 2 2
left_child=5 6 4 -4 -3 12 11 10 -9 -8 -7 -2 -1
right_child=1 2 3 -5 -6 7 9 8 -10 -11 -12 -13 -14
leaf_value=-0.00092982704795465927 -0.00013370632749973649 -0.00019317143784508613 0.00016533618064486539 -5.659757691914327e-05 9.4348195561033823e-05 -0.0012137745956293899 -0.0012149331007831579 1.0122380662298267e-05 -0.00029859220610874501 -0.00046731774877526328 -0.00041519920719192003 0.0005301833097266323 -0.00021548579709489369
leaf_weight=4378 4332 76968 271653 96810 42101 1118 1891 16296 38946 10134 10622 1077 1047
leaf_count=4378 4332 76968 271653 96810 42101 1118 1891 16296 38946 10134 10622 1077 1047
internal_value=-3.28588e-06 4.08626e-05 5.81077e-05 0.000106484 -8.98442e-05 -0.000313196 -0.000425235 -0.000265172 -0.000204208 -0.000619197 -0.000527055 0 -0.000840082
internal_weight=577373 504966 487532 368463 119069 72407 17434 66982 55242 12025 11740 5409 5425
internal_count=577373 504966 487532 368463 119069 72407 17434 66982 55242 12025 11740 5409 5425
is_linear=0
shrinkage=0.01


Tree=136
num_leaves=15
num_cat=0
split_feature=4 3 3 1 6 3 2 9 0 8 9 4 3 6
split_gain=78.4397 37.363 33.2704 23.3579 21.2436 19.5888 23.8318 18.7658 17.0291 12.5705 10.565 9.98873 7.96577 10.0212
threshold=-0.47569897770881647 0.63436561822891246 -1.2702209949493406 0.56968489289283764 -0.034695355221629136 1.5428064465522768 0.95469406247138988 0.092859849333763136 0.27656099200248724 -6.9081015586853018 -1.2064695358276365 0.59454941749572765 -5.3401625156402579 -0.41742667555809015
decision_type=2 2 2 2 2 2 2 2 2 2 2 2 2 2
left_child=2 3 12 8 10 11 -7 -5 -2 -6 -4 -3 -1 -14
right_child=1 5 4 7 9 6 -8 -9 -10 -11 -12 -13 13 -15
leaf_value=-0.0010390843020579577 1.1482580073597144e-05 -0.00018607214603541604 -0.0007672486579135252 0.00065119475011079532 -0.0010338554312429742 -0.00017002680720731535 -0.0019803518253670043 0.00014509727926173335 0.00017795817163291942 -1.4989345109651351e-05 -0.00022585201215503687 2.8431165132502974e-05 -0.00012178990503104495 -0.00050137342441360078
leaf_weight=2262 113783 36729 4306 15147 1034 2683 1011 16749 140770 117800 39519 49505 12231 23844
leaf_count=2262 113783 36729 4306 15147 1034 2683 1011 16749 140770 117800 39519 49505 12231 23844
internal_value=-3.28536e-06 8.15293e-05 -0.000163023 0.00013762 -9.86888e-05 -9.48283e-05 -0.000793116 0.000394228 0.000104398 -2.72571e-05 -0.000286833 -6.08359e-05 -0.000428866 -0.000379573
internal_weight=577373 376377 200996 286449 162659 89928 3694 31896 254553 118834 43825 86234 38337 36075
internal_count=577373 376377 200996 286449 162659 89928 3694 31896 254553 118834 43825 86234 38337 36075
is_linear=0
shrinkage=0.01


Tree=137
num_leaves=15
num_cat=0
split_feature=1 3 1 9 6 2 3 2 2 4 1 3 0 6
split_gain=77.5123 50.8772 24.0534 27.4315 23.237 19.7717 17.9675 13.3833 11.8157 21.5073 11.8795 7.69816 7.34327 4.21006
threshold=-0.045528288930654519 -0.17910452187061307 0.46811886131763464 0.092859849333763136 0.13674540817737582 -1.7893295884132383 1.2348897457122805 -0.58672660589218129 -0.069855798035860048 1.0526971817016604 -0.85031554102897633 -3.60377025604248 0.38370937108993536 -1.2200593948364256
decision_type=2 2 2 2 2 2 2 2 2 2 2 2 2 2
left_child=5 4 6 -4 7 11 -3 -2 9 -7 -10 -1 -6 -13
right_child=1 2 3 -5 12 8 -8 -9 10 -11 -12 13 -14 -15
leaf_value=-0.0013065039884543413 -0.00044300455141093752 8.3463129078608611e-05 0.00047578161100379508 0.00011556628863226831 0.00016197613617500596 -0.00016515577575682846 -0.00054373686190322811 -0.00013301095750837012 -0.0010572982734042317 0.000308876594641709 -0.00027387900432292633 -4.5249979701148135e-05 -0.00012545751637753734 -0.0005288568733258478
leaf_weight=1313 21957 231468 36767 54477 26660 98979 4387 46415 2441 10149 14869 3270 12387 11834
leaf_count=1313 21957 231468 36767 54477 26660 98979 4387 46415 2441 10149 14869 3270 12387 11834
internal_value=-3.28376e-06 6.28091e-05 0.000125111 0.000263626 -0.000124926 -0.000205521 7.04989e-05 -0.000236481 -0.000160322 -0.000118757 -0.000406591 -0.000535477 6.55221e-05 -0.000439185
internal_weight=577373 434518 327099 91244 107419 142855 235855 68372 126438 109128 17310 16417 39047 15104
internal_count=577373 434518 327099 91244 107419 142855 235855 68372 126438 109128 17310 16417 39047 15104
is_linear=0
shrinkage=0.01


Tree=138
num_leaves=14
num_cat=0
split_feature=2 1 3 3 6 3 2 2 1 6 9 2 0
split_gain=76.1986 38.5208 33.1764 34.1538 21.9008 15.1202 14.6506 8.72077 10.8067 6.52003 5.93025 4.32299 0.448067
threshold=-1.3330700397491453 -0.94345262646675099 -0.17910452187061307 0.63436561822891246 0.13674540817737582 -2.9027111530303951 -1.1142182350158689 -1.8768151998519895 -1.2557137012481687 -1.6038511395454405 -0.89413523674011219 -1.1659294366836546 -0.24550456553697583
decision_type=2 2 2 2 2 2 2 2 2 2 2 2 2
left_child=5 6 4 -4 -3 12 11 10 -9 -8 -7 -2 -1
right_child=1 2 3 -5 -6 7 9 8 -10 -11 -12 -13 -14
leaf_value=-0.00091187659946821904 -0.00013007883059618883 -0.00018824087236054526 0.00016162358472481854 -5.5671228805224268e-05 9.2690968605796002e-05 -0.0011142972303592722 -0.0014016490360061569 0 -0.00029519201895769967 -0.00048916535789629405 -0.00037428118606260019 0.00052770907297840209 -0.00020691481621397484
leaf_weight=4378 4332 76968 271653 96810 42101 1745 1089 17292 39908 10936 8037 1077 1047
leaf_count=4378 4332 76968 271653 96810 42101 1745 1089 17292 39908 10936 8037 1077 1047
internal_value=-3.27681e-06 3.99121e-05 5.6859e-05 0.00010399 -8.72419e-05 -0.000306511 -0.000417926 -0.000259329 -0.000205087 -0.00060974 -0.000546009 0 -0.000823572
internal_weight=577373 504966 487532 368463 119069 72407 17434 66982 57200 12025 9782 5409 5425
internal_count=577373 504966 487532 368463 119069 72407 17434 66982 57200 12025 9782 5409 5425
is_linear=0
shrinkage=0.01


Tree=139
num_leaves=15
num_cat=0
split_feature=2 3 4 1 2 3 6 3 9 6 1 4 6 4
split_gain=75.0012 37.0259 30.3317 28.2699 27.6802 25.515 17.8632 18.3418 15.6973 7.22582 5.49509 4.42136 10.3813 2.86253
threshold=-0.57207393646240223 1.2348897457122805 1.4228171706199648 -0.12231518328189848 -1.846064507961273 -0.17910452187061307 0.20159309357404712 -0.2694855779409408 -0.57091763615608204 0.22280573844909671 -0.85031554102897633 -1.6829031109809873 -0.58773475885391224 -1.5744727849960325
decision_type=2 2 2 2 2 2 2 2 2 2 2 2 2 2
left_child=4 3 8 10 11 -5 7 -6 -3 -8 -2 12 -1 -13
right_child=1 2 -4 5 6 -7 9 -9 -10 -11 -12 13 -14 -15
leaf_value=-0.00027459645792192987 -0.0005242346188923814 -0.0012210148414775329 -0.0019912811760737616 -4.7722618225804393e-05 -0.000330145588605673 0.00015482564924256898 0.00043691804075713444 -8.8055252690520536e-05 0 3.7654864964165453e-06 -0.000136952667135827 0 -0.0012661683338959829 -0.00046978225680813614
leaf_weight=2717 5142 1105 1205 77768 53637 283739 4473 82882 4273 27752 21951 1330 3016 6383
leaf_count=2717 5142 1105 1205 77768 53637 283739 4473 82882 4273 27752 21951 1330 3016 6383
internal_value=-3.27884e-06 7.37523e-05 -0.000655419 8.69499e-05 -0.000171359 0.000110698 -0.000134618 -0.000184977 -0.000259583 7.23815e-05 -0.000221086 -0.000609064 -0.000855047 -0.000383961
internal_weight=577373 395183 6583 388600 182190 361507 168744 136519 5378 32225 27093 13446 5733 7713
internal_count=577373 395183 6583 388600 182190 361507 168744 136519 5378 32225 27093 13446 5733 7713
is_linear=0
shrinkage=0.01


Tree=140
num_leaves=15
num_cat=0
split_feature=4 3 3 6 1 3 6 3 2 8 9 4 3 6
split_gain=73.8272 36.0097 31.4967 22.7804 29.1459 21.7793 20.211 18.8034 23.3185 12.0643 10.2891 9.73524 7.7145 10.0143
threshold=-0.47569897770881647 0.63436561822891246 -1.2702209949493406 0.070266135036945357 0.64819130301475536 -0.46549753844738001 -0.034695355221629136 1.5428064465522768 0.95469406247138988 -6.9081015586853018 -1.2064695358276365 0.59454941749572765 -5.3401625156402579 -0.41742667555809015
decision_type=2 2 2 2 2 2 2 2 2 2 2 2 2 2
left_child=2 3 12 5 -5 -2 10 11 -9 -8 -4 -3 -1 -14
right_child=1 7 6 4 -6 -7 9 8 -10 -11 -12 -13 13 -15
leaf_value=-0.0010173449421854812 -0.00042952711993877557 -0.00018439555921019506 -0.00075308760784196583 0.00016225178730229679 0.00074085162137678493 5.5147746913438467e-05 -0.0010119554576557583 -0.00016198730889524962 -0.0019523498926751629 -1.3860854118969563e-05 -0.00021893212825010671 2.7303451943487655e-05 -0.00011139759283824105 -0.00048988673388949923
leaf_weight=2262 10471 36729 4306 197074 9179 69725 1034 2683 1011 117800 39519 49505 12231 23844
leaf_count=2262 10471 36729 4306 197074 9179 69725 1034 2683 1011 117800 39519 49505 12231 23844
internal_value=-3.28329e-06 7.89892e-05 -0.000158263 0.000134064 0.000189663 -6.55851e-06 -9.56257e-05 -9.41298e-05 -0.000778455 -2.59114e-05 -0.000279141 -6.0768e-05 -0.000416958 -0.000368398
internal_weight=577373 376377 200996 286449 206253 80196 162659 89928 3694 118834 43825 86234 38337 36075
internal_count=577373 376377 200996 286449 206253 80196 162659 89928 3694 118834 43825 86234 38337 36075
is_linear=0
shrinkage=0.01


Tree=141
num_leaves=15
num_cat=0
split_feature=2 1 6 3 1 3 2 2 1 1 9 2 0 4
split_gain=72.8325 37.1686 32.1232 29.4239 28.3064 14.637 14.3198 8.32246 10.6362 6.50708 5.84146 4.24882 0.441502 0.00132546
threshold=-1.3330700397491453 -0.94345262646675099 0.14090479165315631 -0.2694855779409408 0.61307218670845043 -2.9027111530303951 -1.1142182350158689 -1.8768151998519895 -1.2557137012481687 -2.4473106861114498 -0.89413523674011219 -1.1659294366836546 -0.24550456553697583 -1.8689820766448972
decision_type=2 2 2 2 2 2 2 2 2 2 2 2 2 2
left_child=5 6 3 -3 -4 12 11 10 -9 -8 -7 -2 13 -1
right_child=1 2 4 -5 -6 7 9 8 -10 -11 -12 -13 -14 -15
leaf_value=-0.00033441203437993539 -0.00012663744989169568 -0.00019203794184483082 0.00011930607993908641 4.4567501952109355e-05 0.00061470029660375949 -0.0010964334228512674 -0.0011909362280128413 0 -0.00028958430338991455 -0.00044999787861270304 -0.00036347772927597334 0.00052517037182391241 -0.00019884409442734056 -0.0010286028170855503
leaf_weight=1261 4332 69449 193290 212430 12363 1745 1891 17292 39908 10134 8037 1077 1047 3117
leaf_count=1261 4332 69449 193290 212430 12363 1745 1891 17292 39908 10134 8037 1077 1047 3117
internal_value=-3.28979e-06 3.89265e-05 5.558e-05 -1.31129e-05 0.000150627 -0.000299757 -0.000410786 -0.000253283 -0.000200165 -0.000600452 -0.000533613 0 -0.000808606 -0.000895686
internal_weight=577373 504966 487532 281879 205653 72407 17434 66982 57200 12025 9782 5409 5425 4378
internal_count=577373 504966 487532 281879 205653 72407 17434 66982 57200 12025 9782 5409 5425 4378
is_linear=0
shrinkage=0.01


Tree=142
num_leaves=15
num_cat=0
split_feature=1 3 1 9 6 2 3 2 2 4 1 3 0 6
split_gain=71.7087 47.0337 23.1283 26.8214 21.5159 18.3327 17.0449 12.7222 11.787 20.8177 11.1447 7.47513 7.25443 4.17019
threshold=-0.045528288930654519 -0.17910452187061307 0.46811886131763464 0.092859849333763136 0.13674540817737582 -1.7893295884132383 1.2348897457122805 -0.58672660589218129 -0.069855798035860048 1.0526971817016604 -0.85031554102897633 -3.60377025604248 0.38370937108993536 -1.2200593948364256
decision_type=2 2 2 2 2 2 2 2 2 2 2 2 2 2
left_child=5 4 6 -4 7 11 -3 -2 9 -7 -10 -1 -6 -13
right_child=1 2 3 -5 12 8 -8 -9 10 -11 -12 13 -14 -15
leaf_value=-0.001273842152399371 -0.00042892126517479843 7.9276408829361889e-05 0.00046571874644083888 0.00010960789218437732 0.00015886380969677613 -0.00015843872766334113 -0.00053161599079179923 -0.00012659194985889126 -0.0010317853351350379 0.00030801075933292255 -0.00027060283748453961 -3.1545653086429416e-05 -0.00012695948838043131 -0.00050964191243049023
leaf_weight=1313 21957 231468 36767 54477 26660 98979 4387 46415 2441 10149 14869 3270 12387 11834
leaf_count=1313 21957 231468 36767 54477 26660 98979 4387 46415 2441 10149 14869 3270 12387 11834
internal_value=-3.28578e-06 6.0271e-05 0.000120185 0.000255996 -0.000120199 -0.000197817 6.66255e-05 -0.000227567 -0.00015421 -0.000112745 -0.000399923 -0.000515726 6.29104e-05 -0.000420968
internal_weight=577373 434518 327099 91244 107419 142855 235855 68372 126438 109128 17310 16417 39047 15104
internal_count=577373 434518 327099 91244 107419 142855 235855 68372 126438 109128 17310 16417 39047 15104
is_linear=0
shrinkage=0.01


Tree=143
num_leaves=16
num_cat=0
split_feature=4 3 3 1 6 3 2 6 8 6 4 9 2 4 6
split_gain=70.5044 36.68 32.1775 23.7345 20.0237 18.2578 23.0364 16.7632 12.0752 12.0277 10.5483 9.88533 7.32997 10.6601 9.13422
threshold=-0.43148007988929743 0.64041540026664745 -1.2702209949493406 0.34294466674327856 -0.034695355221629136 1.5428064465522768 0.95469406247138988 0.071854323148727431 -6.9081015586853018 0.19684981554746631 0.34588174521923071 -1.2064695358276365 -1.8768151998519895 -1.8689820766448972 -0.33068352937698359
decision_type=2 2 2 2 2 2 2 2 2 2 2 2 2 2 2
left_child=2 3 12 9 11 10 -7 -5 -6 -2 -3 -4 13 -1 -14
right_child=1 5 4 7 8 6 -8 -9 -10 -11 -12 -13 14 -15 -16
leaf_value=-2.5970666954526679e-05 -3.0136507144510795e-05 -0.00023834392913365821 -0.00073254405059929484 1.6519416788872704e-05 -0.0010070893169145262 -0.00015724928857904313 -0.0019435192856323454 0.00026792185845532371 -1.0948482827326961e-05 0.00019768091424112212 4.6537625304587129e-06 -0.00021266703603768162 -0.0001225183085308977 -0.0012942963032636211 -0.00048237275794994441
leaf_weight=1400 89773 24557 4369 35771 1038 2645 1007 126457 123344 30640 58703 40450 13163 2165 21891
leaf_count=1400 89773 24557 4369 35771 1038 2645 1007 126457 123344 30640 58703 40450 13163 2165 21891
internal_value=-3.27843e-06 7.92249e-05 -0.000150885 0.000134752 -8.96766e-05 -9.89503e-05 -0.000777051 0.000213808 -2.24703e-05 2.64068e-05 -6.50199e-05 -0.000270817 -0.000412063 -0.000877175 -0.00035438
internal_weight=577373 369553 207820 282641 169201 86912 3652 162228 124382 120413 83260 44819 38619 3565 35054
internal_count=577373 369553 207820 282641 169201 86912 3652 162228 124382 120413 83260 44819 38619 3565 35054
is_linear=0
shrinkage=0.01


Tree=144
num_leaves=15
num_cat=0
split_feature=2 1 6 3 1 3 2 2 1 6 6 2 0 4
split_gain=69.6811 35.8743 30.7317 27.9083 27.4968 14.1677 13.9981 7.98082 11.3913 6.44941 4.80159 4.17627 0.43421 0.00075661
threshold=-1.3330700397491453 -0.94345262646675099 0.14090479165315631 -0.2694855779409408 0.61307218670845043 -2.9027111530303951 -1.1142182350158689 -1.846064507961273 -2.0432429313659664 -1.6038511395454405 -0.45399881899356836 -1.1659294366836546 -0.24550456553697583 -1.8689820766448972
decision_type=2 2 2 2 2 2 2 2 2 2 2 2 2 2
left_child=5 6 3 -3 -4 12 11 10 -9 -8 -7 -2 13 -1
right_child=1 2 4 -5 -6 7 9 8 -10 -11 -12 -13 -14 -15
leaf_value=-0.00032497930104732344 -0.00012326537960334358 -0.00018708107212916269 0.00011644575947864023 4.3343753485475682e-05 0.00060473258748598583 -0.00014535114580548858 -0.0013755981772224062 0.00010485455506929735 -0.0002574209266736875 -0.00047199973703238767 -0.00065221468607153392 0.00052260262832462534 -0.00019106175738357683 -0.0010109707418358067
leaf_weight=1261 4332 69449 193290 212430 12363 4179 1089 9721 45521 10936 7561 1077 1047 3117
leaf_count=1261 4332 69449 193290 212430 12363 4179 1089 9721 45521 10936 7561 1077 1047 3117
internal_value=-3.28987e-06 3.79952e-05 5.43629e-05 -1.28114e-05 0.00014733 -0.000293278 -0.0004038 -0.000247501 -0.000189915 -0.000591357 -0.000493998 0 -0.000794034 -0.000879901
internal_weight=577373 504966 487532 281879 205653 72407 17434 66982 55242 12025 11740 5409 5425 4378
internal_count=577373 504966 487532 281879 205653 72407 17434 66982 55242 12025 11740 5409 5425 4378
is_linear=0
shrinkage=0.01


Tree=145
num_leaves=14
num_cat=0
split_feature=3 3 1 2 8 3 0 8 4 6 1 1 2
split_gain=68.5743 49.629 40.1363 25.8749 19.3323 17.3664 17.09 15.4442 11.4634 12.1026 6.29754 6.20733 17.3813
threshold=-0.72196573019027699 1.2348897457122805 0.34055177867412573 1.4438790082931521 0.11369791254401208 -2.9027111530303951 0.26936380565166479 -0.1770612373948097 -0.19812913239002225 0.041451960802078254 0.14569914340972903 0.09754276275634767 -1.3162750601768491
decision_type=2 2 2 2 2 2 2 2 2 2 2 2 2
left_child=5 2 6 7 -4 11 -2 -3 10 -10 -7 12 -1
right_child=1 3 4 -5 -6 8 -8 -9 9 -11 -12 -13 -14
leaf_value=-0.00074316117471189328 -9.5539434184520756e-05 -0.0011358042074147282 0.00037976199005065279 -0.001723264174321589 0.00011359642213679403 -0.00037273996164801336 7.1144791580289132e-05 -0.00012197060057313698 -0.00043134649135842778 0.00020291165882235692 -0.000140000469983548 -0.00099670696145567482 0.00021089558977166838
leaf_weight=4977 154480 1907 32759 1664 195809 30876 100780 7677 3822 11262 24941 3938 2481
leaf_count=4977 154480 1907 32759 1664 195809 30876 100780 7677 3822 11262 24941 3938 2481
internal_value=-3.28242e-06 4.0831e-05 5.65849e-05 -0.000608496 0.000152917 -0.000270536 -2.89432e-05 -0.000363236 -0.000206919 2.55756e-05 -0.000273185 -0.000638695 -0.000402446
internal_weight=577373 495076 483828 11248 228568 82297 255260 9584 70901 15084 55817 11396 7458
internal_count=577373 495076 483828 11248 228568 82297 255260 9584 70901 15084 55817 11396 7458
is_linear=0
shrinkage=0.01


Tree=146
num_leaves=15
num_cat=0
split_feature=2 1 6 3 1 3 2 3 1 2 1 2 8 3
split_gain=67.4402 34.9613 30.9429 27.5608 26.606 13.8066 13.6866 11.8319 8.68809 11.3608 7.06326 4.91479 4.20927 4.04591
threshold=-1.3330700397491453 -0.89520022273063649 0.14090479165315631 -0.46549753844738001 0.61307218670845043 -0.33141814172267908 -1.1142182350158689 1.3669795393943789 -2.0432429313659664 -1.8156164884567259 -2.4473106861114498 -1.1659294366836546 -0.057550590485334389 -2.0281132459640498
decision_type=2 2 2 2 2 2 2 2 2 2 2 2 2 2
left_child=5 6 3 -3 -4 8 11 12 9 -1 -8 -2 -7 -10
right_child=1 2 4 -5 -6 7 10 -9 13 -11 -12 -13 -14 -15
leaf_value=-0.00048985916498512922 -0.00012693774270497348 -0.00021785238117164439 0.0001169485997058425 3.38132232615357e-05 0.00059747381002458414 2.4915404680679881e-05 -0.0011694314358169833 -0.00081829569829166247 -0.00076013312438586431 0.00025233741441189683 -0.00042120543388261399 0.00055473135225003474 -0.0001851166125962877 -0.00041326869816476813
leaf_weight=3801 4596 53460 192900 227572 12363 14632 1891 2338 7472 3747 11038 1146 20923 19494
leaf_count=3801 4596 53460 192900 227572 12363 14632 1891 2338 7472 3747 11038 1146 20923 19494
internal_value=-3.27654e-06 3.73336e-05 5.40614e-05 -1.34702e-05 0.000147417 -0.000288569 -0.000383706 -0.000147468 -0.00043598 -9.85997e-05 -0.000562022 0 -9.34323e-05 -0.000521632
internal_weight=577373 504966 486295 281032 205263 72407 18671 37893 34514 7548 12929 5742 35555 26966
internal_count=577373 504966 486295 281032 205263 72407 18671 37893 34514 7548 12929 5742 35555 26966
is_linear=0
shrinkage=0.01


Tree=147
num_leaves=16
num_cat=0
split_feature=4 3 3 1 0 9 3 2 6 2 6 4 3 4 6
split_gain=66.4564 35.7999 30.204 22.437 21.778 19.4106 17.5588 22.6185 16.1091 15.312 11.6402 10.3047 7.98252 7.41469 4.19278
threshold=-0.43148007988929743 0.64041540026664745 -0.23364397883415219 0.34294466674327856 -0.73403543233871449 -6.2126312255859366 1.5428064465522768 0.95469406247138988 0.071854323148727431 -1.6586256027221677 0.19684981554746631 0.34588174521923071 -1.506338834762573 -0.8754151165485381 0.52160185575485241
decision_type=2 2 2 2 2 2 2 2 2 2 2 2 2 2 2
left_child=2 3 9 10 13 -6 11 -8 -5 14 -2 -3 -11 -4 -1
right_child=1 6 4 8 5 -7 7 -9 -10 12 -12 -13 -14 -15 -16
leaf_value=-0.0006001976446536986 -2.9299605217565495e-05 -0.00023711364722380491 -0.00058927686785515993 1.5078961711538444e-05 -0.0012313862612227614 3.7874441489752082e-05 -0.00015023859523102535 -0.0019198244401580147 0.00026161062953069148 -0.00037112039769761205 0.00019478926288245247 2.9538279612018887e-06 -0.00014322198648016043 -1.123104722173889e-05 0
leaf_weight=15348 89773 24557 8362 35771 1015 95246 2645 1007 126457 24019 30640 58703 58749 3986 1095
leaf_count=15348 89773 24557 8362 35771 1015 95246 2645 1007 126457 24019 30640 58703 58749 3986 1095
internal_value=-3.26116e-06 7.68282e-05 -0.000146577 0.000131694 -2.91664e-05 1.98923e-05 -9.91929e-05 -0.000764449 0.000208568 -0.000272781 2.62918e-05 -6.58547e-05 -0.000212503 -0.000421773 -0.000557982
internal_weight=577373 369553 207820 282641 108609 96261 86912 3652 162228 99211 120413 83260 82768 12348 16443
internal_count=577373 369553 207820 282641 108609 96261 86912 3652 162228 99211 120413 83260 82768 12348 16443
is_linear=0
shrinkage=0.01


Tree=148
num_leaves=15
num_cat=0
split_feature=1 3 1 9 3 2 3 1 6 2 4 1 3 6
split_gain=65.4593 43.6973 21.769 26.1526 20.0549 16.8501 16.0371 15.9173 15.7926 11.8149 20.0163 10.5041 7.19606 4.16716
threshold=-0.045528288930654519 -0.17910452187061307 0.46811886131763464 0.092859849333763136 -2.462729692459106 -1.7893295884132383 1.2348897457122805 0.13393108546733859 0.13674540817737582 -0.069855798035860048 1.0526971817016604 -0.85031554102897633 -3.60377025604248 -1.2200593948364256
decision_type=2 2 2 2 2 2 2 2 2 2 2 2 2 2
left_child=5 4 6 -4 7 12 -3 -2 -6 10 -7 -11 -1 -14
right_child=1 2 3 -5 8 9 -8 -9 -10 11 -12 -13 13 -15
leaf_value=-0.00123652049846749 7.3114574020168182e-05 7.5521815879024535e-05 0.00045399151960329973 0.00010245445758578791 -0.00017526012959993495 -0.00015064875657851221 -0.00051698656373946536 -0.00088817112050658029 8.0798990116306808e-05 -0.001007739718910342 0.00030683057800130048 -0.00026667992169602243 -1.54462974212486e-05 -0.00048912447599636631
leaf_weight=1313 1911 231468 36767 54477 62226 98979 4387 5453 37829 2441 10149 14869 3270 11834
leaf_count=1313 1911 231468 36767 54477 62226 98979 4387 5453 37829 2441 10149 14869 3270 11834
internal_value=-3.25814e-06 5.74501e-05 0.000115213 0.000246977 -0.000116472 -0.000189133 6.3225e-05 -0.000616934 -7.64858e-05 -0.000147237 -0.00010579 -0.000392921 -0.000494107 -0.000401184
internal_weight=577373 434518 327099 91244 107419 142855 235855 7364 100055 126438 109128 17310 16417 15104
internal_count=577373 434518 327099 91244 107419 142855 235855 7364 100055 126438 109128 17310 16417 15104
is_linear=0
shrinkage=0.01


Tree=149
num_leaves=15
num_cat=0
split_feature=2 3 4 1 2 3 6 3 9 6 2 4 6 4
split_gain=64.5604 33.42 29.6132 25.404 24.3657 22.6917 16.4103 15.5776 15.4233 6.97376 5.07304 4.24717 10.464 2.85758
threshold=-0.57207393646240223 1.2348897457122805 1.386439383029938 -0.12231518328189848 -1.846064507961273 -0.041261265054345124 0.20159309357404712 -0.2694855779409408 -0.57091763615608204 0.22280573844909671 -0.39667777717113489 -1.6829031109809873 -0.58773475885391224 -1.5744727849960325
decision_type=2 2 2 2 2 2 2 2 2 2 2 2 2 2
left_child=4 3 8 10 11 -5 7 -6 -3 -8 -2 12 -1 -13
right_child=1 2 -4 5 6 -7 9 -9 -10 -11 -12 13 -14 -15
leaf_value=-0.00023430423510945446 1.2714345788821996e-05 -0.001176961521729913 -0.0018820720619136667 -2.3334990863007215e-05 -0.00030689866061161462 0.00015225894415801512 0.00043204234833851276 -8.3351861407270514e-05 3.0452028906771114e-05 6.0597636135996028e-06 -0.00028514412733913157 0 -0.0012178132454034281 -0.0004378279990831347
leaf_weight=2717 6100 1099 1309 99694 53637 261813 4473 82882 4175 27752 20993 1330 3016 6383
leaf_count=2717 6100 1099 1309 99694 53637 261813 4473 82882 4175 27752 20993 1330 3016 6383
internal_value=-3.24514e-06 6.81975e-05 -0.000624457 8.07609e-05 -0.000159211 0.000103296 -0.000124652 -0.000172965 -0.000218423 7.36566e-05 -0.000211152 -0.000570074 -0.000809026 -0.000351229
internal_weight=577373 395183 6583 388600 182190 361507 168744 136519 5274 32225 27093 13446 5733 7713
internal_count=577373 395183 6583 388600 182190 361507 168744 136519 5274 32225 27093 13446 5733 7713
is_linear=0
shrinkage=0.01


Tree=150
num_leaves=14
num_cat=0
split_feature=2 1 6 1 3 2 3 3 3 6 2 0 4
split_gain=63.3432 33.4791 28.4706 26.082 25.1106 13.4084 13.0934 7.59738 9.76651 6.3808 4.03333 0.541959 0.16399
threshold=-1.3330700397491453 -0.94345262646675099 0.14090479165315631 0.61307218670845043 -0.2694855779409408 -1.1142182350158689 -2.9027111530303951 1.5428064465522768 -0.2932667732238769 -1.6038511395454405 -1.1659294366836546 -0.24550456553697583 -1.8689820766448972
decision_type=2 2 2 2 2 2 2 2 2 2 2 2 2
left_child=6 5 4 -4 -3 10 11 8 -8 -7 -2 12 -1
right_child=1 2 3 -5 -6 9 7 -9 -10 -11 -12 -13 -14
leaf_value=-0.00029687693639620781 -0.00011663546767409967 -0.00017802480575099616 0.00011131430618614679 0.00058692099466192531 4.0524551123607458e-05 -0.0013512659426276408 -0.00034552237948484645 -0.00086255728363334881 -8.9228189464112917e-05 -0.00045608390633464658 0.00051726645620157993 -0.00016646009325419509 -0.00097754796153608778
leaf_weight=1261 4332 69449 193290 12363 212430 1089 30113 1905 34964 10936 1077 1047 3117
leaf_count=1261 4332 69449 193290 12363 212430 1089 30113 1905 34964 10936 1077 1047 3117
internal_value=-3.23865e-06 3.61077e-05 5.19326e-05 0.00014142 -1.27004e-05 -0.000390653 -0.000279738 -0.000235586 -0.000211582 -0.000574293 0 -0.000761571 -0.000846716
internal_weight=577373 504966 487532 205653 281879 17434 72407 66982 65077 12025 5409 5425 4378
internal_count=577373 504966 487532 205653 281879 17434 72407 66982 65077 12025 5409 5425 4378
is_linear=0
shrinkage=0.01


Tree=151
num_leaves=15
num_cat=0
split_feature=4 3 3 1 6 3 2 6 6 8 9 4 3 6
split_gain=62.5032 35.0216 28.3383 20.784 18.3968 16.8928 22.202 15.359 10.9447 10.8064 10.0976 9.68636 6.95842 10.3065
threshold=-0.43148007988929743 0.63436561822891246 -1.3242866992950437 0.34294466674327856 -0.034695355221629136 1.5428064465522768 0.95469406247138988 0.071854323148727431 0.19684981554746631 -6.9081015586853018 -1.2064695358276365 0.59454941749572765 -5.3401625156402579 -0.41742667555809015
decision_type=2 2 2 2 2 2 2 2 2 2 2 2 2 2
left_child=2 3 12 8 10 11 -7 -5 -2 -6 -4 -3 -1 -14
right_child=1 5 4 7 9 6 -8 -9 -10 -11 -12 -13 13 -15
leaf_value=-0.00096556512680496664 -2.654838866923763e-05 -0.00019109092522278558 -0.000718305906843283 1.4034098562283626e-05 -0.00095199687941256315 -0.00014183850652488728 -0.0018942899267014052 0.00025561539860192507 0.00019137142443752687 -1.089949285669381e-05 -0.00020021318695592692 2.1741605736708511e-05 -8.4345841224184963e-05 -0.00047235673044370531
leaf_weight=2263 89093 35620 4464 35560 1042 2645 1007 125684 30439 124313 41143 49505 11882 22713
leaf_count=2263 89093 35620 4464 35560 1042 2645 1007 125684 30439 124313 41143 49505 11882 22713
internal_value=-3.23599e-06 7.44239e-05 -0.000142234 0.000129451 -8.62756e-05 -9.72628e-05 -0.000750244 0.00020366 2.75018e-05 -2.18192e-05 -0.000258205 -6.5212e-05 -0.000394527 -0.000346089
internal_weight=577373 369553 207820 280776 170962 88777 3652 161244 119532 125355 45607 85125 36858 34595
internal_count=577373 369553 207820 280776 170962 88777 3652 161244 119532 125355 45607 85125 36858 34595
is_linear=0
shrinkage=0.01


Tree=152
num_leaves=15
num_cat=0
split_feature=2 3 4 1 2 3 6 3 9 6 2 4 4 4
split_gain=61.5129 32.3448 29.0231 24.533 23.5966 21.8706 15.8003 14.7534 14.349 6.81586 4.99318 4.14354 8.10917 3.86812
threshold=-0.57207393646240223 1.2348897457122805 1.4228171706199648 -0.12231518328189848 -1.846064507961273 -0.041261265054345124 0.20159309357404712 -0.2694855779409408 -0.57091763615608204 0.22280573844909671 -0.39667777717113489 -1.6445639729499815 -1.9204999208450315 -1.5582371950149534
decision_type=2 2 2 2 2 2 2 2 2 2 2 2 2 2
left_child=4 3 8 10 11 -5 7 -6 -3 -8 -2 12 -1 -13
right_child=1 2 -4 5 6 -7 9 -9 -10 -11 -12 13 -14 -15
leaf_value=-7.6770315678253637e-05 1.3991329265286728e-05 -0.0011499823516027796 -0.0019193624613120541 -2.3285321356367831e-05 -0.00029927172843274391 0.00014907848174878415 0.00042740081611063055 -8.1575475574897067e-05 5.9313132885850594e-06 6.1477233991511008e-06 -0.00028144076808628391 9.1250963677291851e-05 -0.0010087786638518917 -0.00042875163711416422
leaf_weight=1829 6100 1105 1205 99694 53637 261813 4473 82882 4273 27752 20993 1007 4409 6201
leaf_count=1829 6100 1105 1205 99694 53637 261813 4473 82882 4273 27752 20993 1007 4409 6201
internal_value=-3.24233e-06 6.64852e-05 -0.000614905 7.88529e-05 -0.00015549 0.000101006 -0.000121462 -0.000168882 -0.000228432 7.30635e-05 -0.000207981 -0.000559836 -0.000777451 -0.000328604
internal_weight=577373 395183 6583 388600 182190 361507 168744 136519 5378 32225 27093 13446 6238 7208
internal_count=577373 395183 6583 388600 182190 361507 168744 136519 5378 32225 27093 13446 6238 7208
is_linear=0
shrinkage=0.01


Tree=153
num_leaves=14
num_cat=0
split_feature=2 1 6 1 3 2 3 3 3 1 2 0 4
split_gain=60.5436 32.3975 27.3006 25.5017 23.9659 13.1464 12.6865 7.4844 9.73045 6.35948 3.96622 0.53496 0.166361
threshold=-1.3330700397491453 -0.94345262646675099 0.14090479165315631 0.61307218670845043 -0.46549753844738001 -1.1142182350158689 -2.9027111530303951 1.3669795393943789 -0.2932667732238769 -2.4473106861114498 -1.1659294366836546 -0.24550456553697583 -1.8689820766448972
decision_type=2 2 2 2 2 2 2 2 2 2 2 2 2
left_child=6 5 4 -4 -3 10 11 8 -8 -7 -2 12 -1
right_child=1 2 3 -5 -6 9 7 -9 -10 -11 -12 -13 -14
leaf_value=-0.00028787216277519583 -0.00011340433009268244 -0.00020278145439258716 0.00010865300984444689 0.00057893738368277941 3.1505482757887232e-05 -0.0011457691450777235 -0.00033725745266175908 -0.00079415694943148858 -8.1088888799806316e-05 -0.00041891404677329872 0.00051473087587590005 -0.00015918947211462995 -0.00096113663145361273
leaf_weight=1261 4332 53636 193290 12363 228243 1891 30113 2338 34531 10134 1077 1047 3117
leaf_count=1261 4332 53636 193290 12363 228243 1891 30113 2338 34531 10134 1077 1047 3117
internal_value=-3.23268e-06 3.52265e-05 5.07999e-05 0.000138431 -1.24778e-05 -0.000384569 -0.000273559 -0.000230049 -0.000204176 -0.000566451 0 -0.000747943 -0.000831951
internal_weight=577373 504966 487532 205653 281879 17434 72407 66982 64644 12025 5409 5425 4378
internal_count=577373 504966 487532 205653 281879 17434 72407 66982 64644 12025 5409 5425 4378
is_linear=0
shrinkage=0.01


Tree=154
num_leaves=15
num_cat=0
split_feature=4 3 3 1 6 3 2 6 6 8 9 4 3 6
split_gain=59.6613 34.3026 27.0764 19.9818 17.6335 16.2817 21.7396 14.894 10.6243 10.4425 9.84611 9.48543 6.79721 10.2784
threshold=-0.43148007988929743 0.63436561822891246 -1.3242866992950437 0.34294466674327856 -0.034695355221629136 1.5428064465522768 0.95469406247138988 0.071854323148727431 0.19684981554746631 -6.9081015586853018 -1.2064695358276365 0.59454941749572765 -5.3401625156402579 -0.41742667555809015
decision_type=2 2 2 2 2 2 2 2 2 2 2 2 2 2
left_child=2 3 12 8 10 11 -7 -5 -2 -6 -4 -3 -1 -14
right_child=1 5 4 7 9 6 -8 -9 -10 -11 -12 -13 13 -15
leaf_value=-0.00094984218010934498 -2.6123685268361824e-05 -0.00019029018437703 -0.00070694501416603548 1.3067101163174827e-05 -0.0009355279825453088 -0.00013618475110835791 -0.0018703686564778038 0.00025102995425225859 0.00018856516545778497 -1.0404355104718499e-05 -0.00019532428334514067 2.023971216220469e-05 -7.6861620668343891e-05 -0.00046369031390485155
leaf_weight=2263 89093 35620 4464 35560 1042 2645 1007 125684 30439 124313 41143 49505 11882 22713
leaf_count=2263 89093 35620 4464 35560 1042 2645 1007 125684 30439 124313 41143 49505 11882 22713
internal_value=-3.22897e-06 7.26365e-05 -0.000139037 0.000127102 -8.43054e-05 -9.72741e-05 -0.000738572 0.000199871 2.71004e-05 -2.11653e-05 -0.000252636 -6.57507e-05 -0.000385683 -0.000337784
internal_weight=577373 369553 207820 280776 170962 88777 3652 161244 119532 125355 45607 85125 36858 34595
internal_count=577373 369553 207820 280776 170962 88777 3652 161244 119532 125355 45607 85125 36858 34595
is_linear=0
shrinkage=0.01


Tree=155
num_leaves=14
num_cat=0
split_feature=2 1 6 1 3 2 3 3 3 6 2 0 4
split_gain=58.7944 31.6046 26.3691 24.9392 23.2463 12.9117 12.3628 7.3457 9.07868 6.27874 3.89964 0.514321 0.158644
threshold=-1.3330700397491453 -0.94345262646675099 0.14090479165315631 0.61307218670845043 -0.2694855779409408 -1.1142182350158689 -2.9027111530303951 1.5428064465522768 -0.2932667732238769 -1.6038511395454405 -1.1659294366836546 -0.24550456553697583 -1.8689820766448972
decision_type=2 2 2 2 2 2 2 2 2 2 2 2 2
left_child=6 5 4 -4 -3 10 11 8 -8 -7 -2 12 -1
right_child=1 2 3 -5 -6 9 7 -9 -10 -11 -12 -13 -14
leaf_value=-0.00028170083190627939 -0.00011126484459836122 -0.00017122156794575807 0.00010670992905966088 0.00057180383119445133 3.9050735872415636e-05 -0.0013292069719071861 -0.00033219433716350465 -0.00084274569177621812 -8.4792115239440126e-05 -0.00044319995940459301 0.00051131169571334855 -0.00015488602077990245 -0.00094876939880933215
leaf_weight=1261 4332 69449 193290 12363 212430 1089 30113 1905 34964 10936 1077 1047 3117
leaf_count=1261 4332 69449 193290 12363 212430 1089 30113 1905 34964 10936 1077 1047 3117
internal_value=-3.23509e-06 3.46593e-05 5.00456e-05 0.000136169 -1.21315e-05 -0.000379955 -0.000269632 -0.000226629 -0.000203003 -0.000560231 0 -0.000738093 -0.000821021
internal_weight=577373 504966 487532 205653 281879 17434 72407 66982 65077 12025 5409 5425 4378
internal_count=577373 504966 487532 205653 281879 17434 72407 66982 65077 12025 5409 5425 4378
is_linear=0
shrinkage=0.01


Tree=156
num_leaves=16
num_cat=0
split_feature=4 3 3 0 1 9 4 3 6 2 4 6 4 3 6
split_gain=57.7731 33.6418 26.2004 20.4642 19.8939 18.0068 16.1718 17.6154 14.6671 13.7441 13.1733 10.6855 7.15965 7.06771 4.06095
threshold=-0.43148007988929743 0.64041540026664745 -0.23364397883415219 -0.73403543233871449 0.34294466674327856 -6.2126312255859366 1.5633385777473452 1.114936411380768 0.071854323148727431 -1.6586256027221677 0.59454941749572765 0.19684981554746631 -0.8754151165485381 -1.506338834762573 0.52160185575485241
decision_type=2 2 2 2 2 2 2 2 2 2 2 2 2 2 2
left_child=2 4 9 12 11 -5 10 -8 -6 14 -3 -2 -4 -11 -1
right_child=1 6 3 5 8 -7 7 -9 -10 13 -12 -13 -14 -15 -16
leaf_value=-0.00056656527419924891 -2.7924742791178807e-05 -0.00021063223171627885 -0.00057235574102133715 -0.0011847584786357304 1.2187578953369121e-05 3.7507662402451987e-05 -0.00017342731268356882 -0.0017283638008157428 0.0002476288285101226 -0.0003466092082236066 4.0153867811884134e-05 0.00018672944530948753 -4.6060849308473226e-06 -0.00013171568884154608 0
leaf_weight=15348 89773 36112 8362 1015 35771 95246 2703 1065 126457 24019 47032 30640 3986 58749 1095
leaf_count=15348 89773 36112 8362 1015 35771 95246 2703 1065 126457 24019 47032 30640 3986 58749 1095
internal_value=-3.23207e-06 7.14175e-05 -0.000136879 -2.73812e-05 0.000124623 2.01167e-05 -9.9203e-05 -0.000728286 0.000197025 -0.000254441 -6.66146e-05 2.52565e-05 -0.000408016 -0.000197173 -0.000524858
internal_weight=577373 369553 207820 108609 282641 96261 86912 3768 162228 99211 83144 120413 12348 82768 16443
internal_count=577373 369553 207820 108609 282641 96261 86912 3768 162228 99211 83144 120413 12348 82768 16443
is_linear=0
shrinkage=0.01


Tree=157
num_leaves=16
num_cat=0
split_feature=2 9 4 6 8 1 1 4 2 1 3 4 4 6 4
split_gain=56.8463 30.8456 23.0439 22.8837 24.656 15.484 14.7769 13.9532 12.1077 11.2724 11.3469 11.2818 4.00069 10.5131 2.81614
threshold=-1.3330700397491453 0.05945349112153054 -1.6445639729499815 0.141913577914238 0.39649604260921484 0.46138636767864233 -0.29872517287731165 0.63130506873130809 -1.846064507961273 -2.0432429313659664 -0.33141814172267908 -1.6634913086891172 -1.6829031109809873 -0.58773475885391224 -1.5744727849960325
decision_type=2 2 2 2 2 2 2 2 2 2 2 2 2 2 2
left_child=8 2 6 4 -3 -4 -2 -5 12 11 -11 -10 13 -1 -14
right_child=1 3 5 7 -6 -7 -8 -9 9 10 -12 -13 14 -15 -16
leaf_value=-0.00020446233010867931 0 5.30691420719348e-05 -0.00010582250246873154 8.6512573521505773e-05 -0.00027021149765004841 0.00025564288463613918 -0.0010918844025065088 0.00027848498308976054 0.00071218833254295681 -0.00042917067292855244 -0.00010881153960763345 -6.2871827164201718e-05 0 -0.0011816895968459491 -0.00041716855510990302
leaf_weight=2717 1973 184577 112765 93255 26788 12790 3538 69280 2122 22366 26332 8141 1330 3016 6383
leaf_count=2717 1973 184577 112765 93255 26788 12790 3538 69280 2122 22366 26332 8141 1330 3016 6383
internal_value=-3.22763e-06 3.40278e-05 -9.71919e-05 8.05872e-05 1.09351e-05 -6.70624e-05 -0.000722211 0.000169811 -0.000265179 -0.000196791 -0.00026119 8.88165e-05 -0.000543126 -0.000774773 -0.000330439
internal_weight=577373 504966 131066 373900 211365 125555 5511 162535 72407 58961 48698 10263 13446 5733 7713
internal_count=577373 504966 131066 373900 211365 125555 5511 162535 72407 58961 48698 10263 13446 5733 7713
is_linear=0
shrinkage=0.01


Tree=158
num_leaves=14
num_cat=0
split_feature=3 3 1 2 8 3 0 8 6 4 6 1 1
split_gain=56.113 43.8053 33.2377 24.0823 19.2334 15.6154 15.3744 14.4814 10.1248 14.5747 9.82208 3.91386 1.10639
threshold=-0.72196573019027699 1.2348897457122805 0.34055177867412573 1.4438790082931521 0.11369791254401208 -4.2125575542449942 0.26936380565166479 -0.1770612373948097 0.041451960802078254 -0.37392306327819819 -0.45399881899356836 0.15127339959144595 -0.21636705845594403
decision_type=2 2 2 2 2 2 2 2 2 2 2 2 2
left_child=5 2 6 7 -4 11 -2 -3 10 -10 -7 12 -1
right_child=1 3 4 -5 -6 8 -8 -9 9 -11 -12 -13 -14
leaf_value=-0.00062350348966174623 -8.9492732324753725e-05 -0.0010831933284768907 0.00036509156974725128 -0.0016483039815421829 0.00010000608425281351 -9.6627116076263979e-05 6.8597146808295847e-05 -0.00010268516028184208 -0.00023180908757778972 0.00017900706539793963 -0.0004343763139908935 -0.001422522523693097 0
leaf_weight=2436 154480 1907 32759 1664 195809 15583 100780 7677 22818 13170 26146 1114 1030
leaf_count=2436 154480 1907 32759 1664 195809 15583 100780 7677 22818 13170 26146 1114 1030
internal_value=-3.21283e-06 3.66579e-05 5.14833e-05 -0.000573338 0.000139159 -0.000244996 -2.6289e-05 -0.00033638 -0.000206779 -7.57836e-05 -0.000314082 -0.000815861 -0.000499351
internal_weight=577373 495076 483828 11248 228568 82297 255260 9584 77717 35988 41729 4580 3466
internal_count=577373 495076 483828 11248 228568 82297 255260 9584 77717 35988 41729 4580 3466
is_linear=0
shrinkage=0.01


Tree=159
num_leaves=16
num_cat=0
split_feature=1 3 1 3 3 1 2 6 9 2 4 1 4 4 0
split_gain=55.2639 38.1122 20.3522 23.5695 18.1406 15.6701 14.6788 13.6654 13.5441 11.2235 19.0967 9.67745 4.99922 8.52159 1.66087
threshold=-0.045528288930654519 -0.17910452187061307 0.67243948578834545 1.2348897457122805 -2.462729692459106 0.13393108546733859 -1.846064507961273 0.13674540817737582 0.092859849333763136 -0.069855798035860048 1.0526971817016604 -0.85031554102897633 -1.6445639729499815 -1.9204999208450315 -0.16730811446905133
decision_type=2 2 2 2 2 2 2 2 2 2 2 2 2 2 2
left_child=6 4 3 -3 5 -2 12 -6 -4 10 -8 -11 13 -1 -14
right_child=1 2 8 -5 7 -7 9 -9 -10 11 -12 -13 14 -15 -16
leaf_value=-6.8082042654363304e-06 9.8381338194411907e-05 0.00010289841896659148 0.0008556428961931016 -0.00055229950129939709 -0.00016364719061776745 -0.00085614552383822052 -0.00014386129026111799 7.4344636586583338e-05 9.571139703439083e-05 -0.00097198111361734764 0.00029793079387777874 -0.00025832033496810369 -0.00036267441054771237 -0.00097985411579682683 0
leaf_weight=1678 1911 310937 5862 5305 62226 5453 102847 37829 4995 2441 10369 14869 4406 4113 2132
leaf_count=1678 1911 310937 5862 5305 62226 5453 102847 37829 4995 2441 10369 14869 4406 4113 2132
internal_value=-3.21517e-06 5.25364e-05 0.000106506 9.09332e-05 -0.000109838 -0.000585948 -0.000174028 -7.1703e-05 0.000532163 -0.000140257 -0.000101182 -0.000380333 -0.000507642 -0.000740927 -0.000255469
internal_weight=577373 434518 327099 316242 107419 7364 142855 100055 10857 130526 113216 17310 12329 5791 6538
internal_count=577373 434518 327099 316242 107419 7364 142855 100055 10857 130526 113216 17310 12329 5791 6538
is_linear=0
shrinkage=0.01


Tree=160
num_leaves=15
num_cat=0
split_feature=2 3 4 1 2 3 6 9 3 6 2 4 6 4
split_gain=54.5858 29.8191 28.3503 22.6206 21.4253 20.0715 14.7942 14.103 12.8447 6.59581 4.8755 3.83252 10.3262 2.78859
threshold=-0.57207393646240223 1.2348897457122805 1.386439383029938 -0.12231518328189848 -1.846064507961273 -0.041261265054345124 0.20159309357404712 -0.57091763615608204 -0.2694855779409408 0.22280573844909671 -0.39667777717113489 -1.6829031109809873 -0.58773475885391224 -1.5744727849960325
decision_type=2 2 2 2 2 2 2 2 2 2 2 2 2 2
left_child=4 3 7 10 11 -5 8 -3 -6 -8 -2 12 -1 -13
right_child=1 2 -4 5 6 -7 9 -9 -10 -11 -12 13 -14 -15
leaf_value=-0.0001947131720924687 1.8333038591062799e-05 -0.0011134667380350326 -0.0018206939966503638 -2.3360339283603738e-05 -0.00028187620783776558 0.00014171015241562027 0.00042281988919008333 4.1207275391955463e-05 -7.8348431372580278e-05 8.0194730210282717e-06 -0.00027374716271619948 0 -0.0011621145316920644 -0.00040951071143872984
leaf_weight=2717 6100 1099 1309 99694 53637 261813 4473 4175 82882 27752 20993 1330 3016 6383
leaf_count=2717 6100 1099 1309 99694 53637 261813 4473 4175 82882 27752 20993 1330 3016 6383
internal_value=-3.20042e-06 6.24629e-05 -0.000591706 7.43578e-05 -0.000146638 9.56474e-05 -0.000114149 -0.000194759 -0.000160071 7.40169e-05 -0.000201005 -0.000532064 -0.000759369 -0.000322912
internal_weight=577373 395183 6583 388600 182190 361507 168744 5274 136519 32225 27093 13446 5733 7713
internal_count=577373 395183 6583 388600 182190 361507 168744 5274 136519 32225 27093 13446 5733 7713
is_linear=0
shrinkage=0.01


Tree=161
num_leaves=14
num_cat=0
split_feature=2 1 6 1 3 2 3 3 3 1 2 0 4
split_gain=53.6665 29.9356 24.4183 24.0119 21.122 12.5894 11.7951 7.14009 8.62317 6.2807 3.8414 0.572935 0.235183
threshold=-1.3330700397491453 -0.94345262646675099 0.14090479165315631 0.61307218670845043 -0.41730317473411555 -1.1142182350158689 -2.9027111530303951 1.3669795393943789 -0.2932667732238769 -2.4473106861114498 -1.1659294366836546 -0.24550456553697583 -1.8689820766448972
decision_type=2 2 2 2 2 2 2 2 2 2 2 2 2
left_child=6 5 4 -4 -3 10 11 8 -8 -7 -2 12 -1
right_child=1 2 3 -5 -6 9 7 -9 -10 -11 -12 -13 -14
leaf_value=-0.00026352836047015537 -0.00010571644421934421 -0.00018367808567232202 0.000101941188258929 0.00055828381211669986 3.1091279417930299e-05 -0.0011220156665914961 -0.00031574224075548623 -0.00076581437378579417 -7.4133614391904082e-05 -0.00040263635353172896 0.00051102984180005184 -0.00013845831068395469 -0.00092408517013633108
leaf_weight=1261 4332 57131 193290 12363 224748 1891 30113 2338 34531 10134 1077 1047 3117
leaf_count=1261 4332 57131 193290 12363 224748 1891 30113 2338 34531 10134 1077 1047 3117
internal_value=-3.19273e-06 3.29957e-05 4.79808e-05 0.000130862 -1.18283e-05 -0.000370506 -0.000257721 -0.000215675 -0.000190393 -0.000548628 0 -0.000715176 -0.000797336
internal_weight=577373 504966 487532 205653 281879 17434 72407 66982 64644 12025 5409 5425 4378
internal_count=577373 504966 487532 205653 281879 17434 72407 66982 64644 12025 5409 5425 4378
is_linear=0
shrinkage=0.01


Tree=162
num_leaves=15
num_cat=0
split_feature=4 3 3 1 9 6 4 3 0 4 1 9 3 6
split_gain=52.8432 32.7449 23.9891 18.2346 17.4632 16.2042 15.6375 16.9014 13.6884 12.3497 10.11 9.44411 6.54525 10.309
threshold=-0.43148007988929743 0.63436561822891246 -1.3242866992950437 0.56968489289283764 0.092859849333763136 -0.034695355221629136 1.5633385777473452 1.114936411380768 0.27656099200248724 0.59454941749572765 0.7324180305004121 -1.2064695358276365 -5.3401625156402579 -0.41742667555809015
decision_type=2 2 2 2 2 2 2 2 2 2 2 2 2 2
left_child=2 3 12 8 -5 11 9 -8 -2 -3 -7 -4 -1 -14
right_child=1 6 5 4 -6 10 7 -9 -10 -11 -12 -13 13 -15
leaf_value=-0.00091499049944092814 6.8653515965626075e-06 -0.00020402971471770323 -0.0006853659029559386 0.00059895989454762991 0.00010879731102433692 -2.9720640469412501e-05 -0.00017653007200040739 -0.0016963054170655346 0.00015789767323800768 3.6054067602239091e-05 0.00083446749931544932 -0.00018460828705085556 -5.6464337974752433e-05 -0.00044194424324529153
leaf_weight=2263 110965 36915 4464 14917 16539 124197 2767 1065 138355 48030 1158 41143 11882 22713
leaf_count=2263 110965 36915 4464 14917 16539 124197 2767 1065 138355 48030 1158 41143 11882 22713
internal_value=-3.18883e-06 6.81889e-05 -0.00013102 0.000121421 0.000349875 -7.94146e-05 -9.78148e-05 -0.000711704 9.15385e-05 -6.61657e-05 -1.8828e-05 -0.000240767 -0.000363271 -0.000316381
internal_weight=577373 369553 207820 280776 31456 170962 88777 3832 249320 84945 125355 45607 36858 34595
internal_count=577373 369553 207820 280776 31456 170962 88777 3832 249320 84945 125355 45607 36858 34595
is_linear=0
shrinkage=0.01


Tree=163
num_leaves=14
num_cat=0
split_feature=2 1 6 1 3 2 3 3 3 6 2 0 4
split_gain=52.1058 29.2095 23.7734 23.2902 20.4793 12.3708 11.4992 7.01335 8.0358 6.19538 3.77833 0.552149 0.22521
threshold=-1.3330700397491453 -0.94345262646675099 0.14090479165315631 0.61307218670845043 -0.2694855779409408 -1.1142182350158689 -2.9027111530303951 1.5428064465522768 -0.2932667732238769 -1.6038511395454405 -1.1659294366836546 -0.24550456553697583 -1.8689820766448972
decision_type=2 2 2 2 2 2 2 2 2 2 2 2 2
left_child=6 5 4 -4 -3 10 11 8 -8 -7 -2 12 -1
right_child=1 2 3 -5 -6 9 7 -9 -10 -11 -12 -13 -14
leaf_value=-0.00025778660482027701 -0.00010361113440474933 -0.0001610684908110004 0.00010056516612932408 0.00055007846854486845 3.6272768625674251e-05 -0.001303560957764156 -0.00031094285286022941 -0.0008134810214385506 -7.7703370206635595e-05 -0.0004269082285028921 0.00050771694132086757 -0.00013446819521718283 -0.00091222776884272326
leaf_weight=1261 4332 69449 193290 12363 212430 1089 30113 1905 34964 10936 1077 1047 3117
leaf_count=1261 4332 69449 193290 12363 212430 1089 30113 1905 34964 10936 1077 1047 3117
internal_value=-3.17303e-06 3.24801e-05 4.72871e-05 0.000129068 -1.17186e-05 -0.000366085 -0.000253977 -0.000212413 -0.000189316 -0.000542686 0 -0.000705808 -0.000786913
internal_weight=577373 504966 487532 205653 281879 17434 72407 66982 65077 12025 5409 5425 4378
internal_count=577373 504966 487532 205653 281879 17434 72407 66982 65077 12025 5409 5425 4378
is_linear=0
shrinkage=0.01


Tree=164
num_leaves=14
num_cat=0
split_feature=2 3 4 1 2 3 1 6 3 6 2 9 6
split_gain=51.2008 29.0286 27.614 21.6909 20.55 19.4628 15.0952 14.2353 11.8931 6.42147 4.80769 3.76319 6.38251
threshold=-0.57207393646240223 1.2348897457122805 1.386439383029938 -0.12231518328189848 -1.846064507961273 -2.462729692459106 0.44819304347038275 0.20159309357404712 -0.2694855779409408 0.22280573844909671 -0.39667777717113489 -2.0428720712661739 -0.58773475885391224
decision_type=2 2 2 2 2 2 2 2 2 2 2 2 2
left_child=4 3 6 10 11 -5 -3 8 -6 -9 -2 -1 -13
right_child=1 2 -4 5 7 -7 -8 9 -10 -11 -12 12 -14
leaf_value=-0.0010709776518486604 2.0317815097084909e-05 -0.00048243058062906414 -0.0017982705643911573 -0.0005877103296710953 -0.00027260943814038985 0.00010126526557151835 0.00074693946628468378 0.00041858495949842803 -7.6539736382431669e-05 9.0328047802629124e-06 -0.00026976317001983665 -3.0995975831988752e-05 -0.00058044429206988016
leaf_weight=1487 6100 4268 1309 3871 53637 357636 1006 4473 82882 27752 20993 3968 7991
leaf_count=1487 6100 4268 1309 3871 53637 357636 1006 4473 82882 27752 20993 3968 7991
internal_value=-3.17007e-06 6.04134e-05 -0.000585033 7.21572e-05 -0.000142099 9.30139e-05 -0.000192673 -0.000110256 -0.000155323 7.42801e-05 -0.000197453 -0.000519592 -0.000418094
internal_weight=577373 395183 6583 388600 182190 361507 5274 168744 136519 32225 27093 13446 11959
internal_count=577373 395183 6583 388600 182190 361507 5274 168744 136519 32225 27093 13446 11959
is_linear=0
shrinkage=0.01


Tree=165
num_leaves=16
num_cat=0
split_feature=4 3 0 1 9 4 3 3 9 0 4 2 9 1 8
split_gain=50.5173 31.9835 23.2006 17.6077 17.1055 15.2345 16.3196 15.2074 17.1201 13.2323 12.1 12.0227 7.6192 6.30254 6.08612
threshold=-0.43148007988929743 0.63436561822891246 -0.21792905777692792 0.56968489289283764 0.092859849333763136 1.5633385777473452 1.114936411380768 -0.23364397883415219 -6.2126312255859366 0.27656099200248724 0.59454941749572765 -1.8768151998519895 1.0000000180025095e-35 -1.182372987270355 -0.14634704589843747
decision_type=2 2 2 2 2 2 2 2 2 2 2 2 2 2 2
left_child=2 3 11 9 -5 10 -7 14 -9 -2 -3 13 -13 -1 -4
right_child=1 5 7 4 -6 6 -8 8 -10 -11 -12 12 -14 -15 -16
leaf_value=-0.00041732092018324335 6.5723029193935754e-06 -0.00020261391139388336 0.00016467189352968269 0.00059023996758066229 0.00010511661554176686 -0.00017581466832736138 -0.0016718445001059606 -0.0011413746969146776 4.9970117124350174e-05 0.00015509598275370023 3.4978082717559361e-05 -0.00015818216472440993 -0.00043132525445172633 -0.0012708686515238057 -0.00020992619006058482
leaf_weight=4731 110965 36915 3972 14917 16539 2767 1065 1015 82768 138355 48030 45534 15312 1685 52803
leaf_count=4731 110965 36915 3972 14917 16539 2767 1065 1015 82768 138355 48030 45534 15312 1685 52803
internal_value=-3.16217e-06 6.6619e-05 -0.000128156 0.000119235 0.000343764 -9.74358e-05 -0.000703503 -5.31448e-05 3.04722e-05 8.98523e-05 -6.6158e-05 -0.00028132 -0.000231383 -0.000703355 -0.000179723
internal_weight=577373 369553 207820 280776 31456 88777 3832 140558 83783 249320 84945 67262 60846 6416 56775
internal_count=577373 369553 207820 280776 31456 88777 3832 140558 83783 249320 84945 67262 60846 6416 56775
is_linear=0
shrinkage=0.01


Tree=166
num_leaves=14
num_cat=0
split_feature=2 1 6 1 8 2 3 3 1 1 2 0 4
split_gain=49.7673 28.2748 23.0206 22.6103 19.764 12.1231 11.2141 6.87259 8.41563 6.19187 3.71817 0.513772 0.243282
threshold=-1.3330700397491453 -0.94345262646675099 0.14090479165315631 0.61307218670845043 0.39649604260921484 -1.1142182350158689 -2.9027111530303951 1.3669795393943789 -1.182372987270355 -2.4473106861114498 -1.1659294366836546 -0.24550456553697583 -1.8689820766448972
decision_type=2 2 2 2 2 2 2 2 2 2 2 2 2
left_child=6 5 4 -4 -3 10 11 8 -8 -7 -2 12 -1
right_child=1 2 3 -5 -6 9 7 -9 -10 -11 -12 -13 -14
leaf_value=-0.00024910309422449407 -0.00010077720342154347 1.4494077402341828e-05 9.863861789755639e-05 0.00054159406410245919 -0.00027128700754826561 -0.0011032517134552241 -1.874847142769366e-05 -0.0007466967871482791 -0.00026716617420691186 -0.00039068367840123321 0.00050509563919150225 -0.00013047865958273436 -0.00089825646321705906
leaf_weight=1261 4332 255421 193290 12363 26458 1891 22958 2338 41686 10134 1077 1047 3117
leaf_count=1261 4332 255421 193290 12363 26458 1891 22958 2338 41686 10134 1077 1047 3117
internal_value=-3.14984e-06 3.1686e-05 4.62604e-05 0.000126739 -1.17945e-05 -0.000360437 -0.000248268 -0.000207196 -0.000182356 -0.000535315 0 -0.000694429 -0.000774018
internal_weight=577373 504966 487532 205653 281879 17434 72407 66982 64644 12025 5409 5425 4378
internal_count=577373 504966 487532 205653 281879 17434 72407 66982 64644 12025 5409 5425 4378
is_linear=0
shrinkage=0.01


Tree=167
num_leaves=14
num_cat=0
split_feature=3 3 1 2 9 3 0 8 6 4 6 1 1
split_gain=49.4214 39.9874 29.754 23.3177 22.004 14.612 14.3816 13.9548 9.05589 13.5332 9.87183 4.12315 1.09359
threshold=-0.72196573019027699 1.2348897457122805 0.39034630358219152 1.4438790082931521 0.11568467691540719 -4.2125575542449942 0.28330180048942571 -0.1770612373948097 0.041451960802078254 -0.37392306327819819 -0.45399881899356836 0.15127339959144595 -0.21636705845594403
decision_type=2 2 2 2 2 2 2 2 2 2 2 2 2
left_child=5 2 6 7 -4 11 -2 -3 10 -10 -7 12 -1
right_child=1 3 4 -5 -6 8 -8 -9 9 -11 -12 -13 -14
leaf_value=-0.00058758729427447597 -7.1195622299795148e-05 -0.0010472992256259008 0.00026126858483650837 -0.0016049952597786772 3.8592897321088641e-05 -7.7674782443340807e-05 6.8418980836033576e-05 -8.6458082949255312e-05 -0.0002194361546877978 0.00017649091864211988 -0.0004146482676635679 -0.0013892176976015285 0
leaf_weight=2436 175006 1907 89598 1664 92716 15583 126508 7677 22818 13170 26146 1114 1030
leaf_count=2436 175006 1907 89598 1664 92716 15583 126508 7677 22818 13170 26146 1114 1030
internal_value=-3.14611e-06 3.425e-05 4.84324e-05 -0.000548515 0.000149289 -0.000230073 -1.19473e-05 -0.000315586 -0.000193046 -6.88432e-05 -0.000294552 -0.000782169 -0.000467359
internal_weight=577373 495076 483828 11248 182314 82297 301514 9584 77717 35988 41729 4580 3466
internal_count=577373 495076 483828 11248 182314 82297 301514 9584 77717 35988 41729 4580 3466
is_linear=0
shrinkage=0.01


Tree=168
num_leaves=14
num_cat=0
split_feature=3 3 1 2 9 3 0 8 2 6 4 1 1
split_gain=48.4884 39.3031 29.1666 22.8794 21.5612 14.393 14.0963 13.6942 8.98194 10.3609 5.65012 4.02779 1.24005
threshold=-0.72196573019027699 1.2348897457122805 0.39034630358219152 1.4438790082931521 0.11568467691540719 -4.2125575542449942 0.28330180048942571 -0.1770612373948097 -1.846064507961273 0.13674540817737582 -1.9204999208450315 0.069833427667617812 -0.94345262646675099
decision_type=2 2 2 2 2 2 2 2 2 2 2 2 2
left_child=5 2 6 7 -4 11 -2 -3 10 -10 -7 12 -1
right_child=1 3 4 -5 -6 8 -8 -9 9 -11 -12 -13 -14
leaf_value=-0.0006800729597136524 -7.0484477270948184e-05 -0.0010378203531028814 0.00025866170472640607 -0.0015906673818431964 3.8207789800849709e-05 0 6.7735873052197039e-05 -8.5615462719704485e-05 -0.00022931413088993216 3.2246173757516048e-05 -0.00073125155295089659 -0.0012972323479884678 -8.9242226299797285e-05
leaf_weight=1400 175006 1907 89598 1664 92716 1060 126508 7677 52711 19389 4557 1374 1806
leaf_count=1400 175006 1907 89598 1664 92716 1060 126508 7677 52711 19389 4557 1374 1806
internal_value=-3.1485e-06 3.38896e-05 4.79534e-05 -0.000543858 0.00014781 -0.000227926 -1.18212e-05 -0.000312866 -0.000191155 -0.000156315 -0.00058323 -0.000775937 -0.000430751
internal_weight=577373 495076 483828 11248 182314 82297 301514 9584 77717 72100 5617 4580 3206
internal_count=577373 495076 483828 11248 182314 82297 301514 9584 77717 72100 5617 4580 3206
is_linear=0
shrinkage=0.01


Tree=169
num_leaves=16
num_cat=0
split_feature=4 3 0 6 1 3 4 3 3 4 4 2 9 1 8
split_gain=47.7865 31.0743 22.0865 16.8313 23.7947 15.157 14.828 15.7079 14.4867 16.4407 11.8363 11.61 7.54311 6.20852 6.04244
threshold=-0.43148007988929743 0.63436561822891246 -0.21792905777692792 0.070266135036945357 0.64819130301475536 -0.46549753844738001 1.5633385777473452 1.114936411380768 -0.23364397883415219 -1.745578348636627 0.59454941749572765 -1.8768151998519895 1.0000000180025095e-35 -1.182372987270355 -0.14634704589843747
decision_type=2 2 2 2 2 2 2 2 2 2 2 2 2 2 2
left_child=2 3 11 5 -5 -2 10 -8 14 -10 -3 13 -13 -1 -4
right_child=1 6 8 4 -6 -7 7 -9 9 -11 -12 12 -14 -15 -16
leaf_value=-0.0004056221764648318 -0.00036648311084996215 -0.00020104230783187343 0.00016841073686426437 0.00013953941055716579 0.00066614964791668872 4.5624410597489137e-05 -0.00017533615845293849 -0.0016460384381649716 -0.00077431648747433265 5.6402082475491219e-05 3.3891411245659086e-05 -0.00015229897583054718 -0.00042374405802822566 -0.0012510266725335362 -0.00020520645275769631
leaf_weight=4731 10042 36915 3972 193435 9059 68240 2767 1065 2235 81548 48030 45534 15312 1685 52803
leaf_count=4731 10042 36915 3972 193435 9059 68240 2767 1065 2235 81548 48030 45534 15312 1685 52803
internal_value=-3.14813e-06 6.47109e-05 -0.000124725 0.000116582 0.000164719 -5.49152e-06 -9.69865e-05 -0.000695055 -5.14973e-05 3.00691e-05 -6.60885e-05 -0.000274179 -0.000225049 -0.000688983 -0.000175058
internal_weight=577373 369553 207820 280776 202494 78282 88777 3832 140558 83783 84945 67262 60846 6416 56775
internal_count=577373 369553 207820 280776 202494 78282 88777 3832 140558 83783 84945 67262 60846 6416 56775
is_linear=0
shrinkage=0.01


Tree=170
num_leaves=13
num_cat=0
split_feature=2 1 6 1 3 3 6 4 4 2 0 4
split_gain=47.1958 27.317 23.0277 22.4281 19.6699 10.7683 6.80645 8.29622 8.01566 0.935498 0.494176 0.283791
threshold=-1.3330700397491453 -2.4473106861114498 0.14090479165315631 0.61307218670845043 -0.17910452187061307 -2.9027111530303951 -2.3247932195663448 -1.5744727849960325 -1.0880835056304929 -1.1142182350158689 -0.24550456553697583 -1.8689820766448972
decision_type=2 2 2 2 2 2 2 2 2 2 2 2
left_child=5 9 4 -4 -3 10 7 -7 -8 -2 11 -1
right_child=1 2 3 -5 -6 6 8 -9 -10 -11 -12 -13
leaf_value=-0.00023693700696480021 -0.00029414459004894729 -0.00015187939093359574 8.9761824180082956e-05 0.00053026724886735734 3.0600091202187301e-05 0.00059051192389907926 -0.00033057094637729779 -0.00021767116962489018 -8.9306977116250313e-05 -0.0010893841515264475 -0.00012324706156855358 -0.00088055798744765686
leaf_weight=1261 1285 81434 197557 12363 210436 2155 35387 2146 27294 1891 1047 3117
leaf_count=1261 1285 81434 197557 12363 210436 2155 35387 2146 27294 1891 1047 3117
internal_value=-3.14258e-06 3.07721e-05 3.71715e-05 0.000117137 -1.96975e-05 -0.000241851 -0.000201534 0.000151077 -0.000229313 -0.000863361 -0.000679229 -0.000757312
internal_weight=577373 504966 501790 209920 291870 72407 66982 4301 62681 3176 5425 4378
internal_count=577373 504966 501790 209920 291870 72407 66982 4301 62681 3176 5425 4378
is_linear=0
shrinkage=0.01


Tree=171
num_leaves=14
num_cat=0
split_feature=2 1 4 4 2 3 6 9 3 6 8 9 6
split_gain=46.3683 26.868 21.4153 20.817 18.986 17.6293 13.5802 11.5236 6.53474 6.23287 5.76197 3.74829 6.32978
threshold=-0.57207393646240223 -0.14742351323366162 1.5270777344703677 0.26756148040294653 -1.846064507961273 1.046056926250458 0.20159309357404712 0.48125684261322027 1.3669795393943789 0.22280573844909671 -0.93719005584716786 -2.0428720712661739 -0.58773475885391224
decision_type=2 2 2 2 2 2 2 2 2 2 2 2 2
left_child=4 8 3 -3 11 -4 7 -6 10 -8 -2 -1 -13
right_child=1 2 5 -5 6 -7 9 -9 -10 -11 -12 12 -14
leaf_value=-0.0010435357691789687 0.00039731004330750895 9.9760962296744473e-06 -0.00016859800538697049 0.00016525913253920131 -0.00016960500992252743 -0.0014574540090669227 0.00041498974386744192 0.00025851371716667488 -0.00092478008241901914 1.1066205573001361e-05 -0.00023443991564684672 -1.4835979340145734e-05 -0.00055885442786986564
leaf_weight=1487 1133 160669 12675 194007 130446 1053 4473 6073 1317 27752 24329 3968 7991
leaf_count=1487 1133 160669 12675 194007 130446 1053 4473 6073 1317 27752 24329 3968 7991
internal_value=-3.13253e-06 5.73585e-05 8.00383e-05 9.55244e-05 -0.000135357 -0.000301327 -0.000104697 -0.000148747 -0.000245519 7.55149e-05 -0.000195657 -0.000498304 -0.000398011
internal_weight=577373 395183 368404 354676 182190 13728 168744 136519 26779 32225 25462 13446 11959
internal_count=577373 395183 368404 354676 182190 13728 168744 136519 26779 32225 25462 13446 11959
is_linear=0
shrinkage=0.01


Tree=172
num_leaves=14
num_cat=0
split_feature=3 3 1 2 9 3 6 8 2 6 4 1 1
split_gain=45.8559 37.8635 27.6054 22.2382 21.0981 14.0365 13.647 13.3402 8.48074 9.80333 5.52455 4.0781 1.07275
threshold=-0.72196573019027699 1.2348897457122805 0.39034630358219152 1.4438790082931521 0.11568467691540719 -4.2125575542449942 0.20669130980968478 -0.1770612373948097 -1.846064507961273 0.13674540817737582 -1.9204999208450315 0.15127339959144595 -0.21636705845594403
decision_type=2 2 2 2 2 2 2 2 2 2 2 2 2
left_child=5 2 6 7 -4 11 -2 -3 10 -10 -7 12 -1
right_child=1 3 4 -5 -6 8 -8 -9 9 -11 -12 -13 -14
leaf_value=-0.00056925335367971944 -4.5605366908328984e-05 -0.0010214975481701719 0.00025348695865228606 -0.0015663413810651139 3.5436424473950981e-05 0 0.0001223065752857084 -8.1642673580900612e-05 -0.00022245900131603684 3.1763567756117633e-05 -0.0007133209858621129 -0.0013632574199615231 0
leaf_weight=2436 241446 1907 89598 1664 92716 1060 60068 7677 52711 19389 4557 1114 1030
leaf_count=2436 241446 1907 89598 1664 92716 1060 60068 7677 52711 19389 4557 1114 1030
internal_value=-3.11615e-06 3.28928e-05 4.6704e-05 -0.000534159 0.000143853 -0.000221715 -1.1432e-05 -0.000306152 -0.000185386 -0.000151429 -0.000566687 -0.000762777 -0.000451378
internal_weight=577373 495076 483828 11248 182314 82297 301514 9584 77717 72100 5617 4580 3466
internal_count=577373 495076 483828 11248 182314 82297 301514 9584 77717 72100 5617 4580 3466
is_linear=0
shrinkage=0.01


Tree=173
num_leaves=13
num_cat=0
split_feature=2 1 6 1 8 3 6 4 4 2 0 4
split_gain=45.1237 26.6883 22.1197 21.8845 19.0014 10.4572 6.69557 8.1882 7.7749 0.885475 0.477706 0.28478
threshold=-1.3330700397491453 -2.4473106861114498 0.14090479165315631 0.61307218670845043 0.39649604260921484 -2.9027111530303951 -2.3247932195663448 -1.5744727849960325 -1.0880835056304929 -1.1142182350158689 -0.24550456553697583 -1.8689820766448972
decision_type=2 2 2 2 2 2 2 2 2 2 2 2
left_child=5 9 4 -4 -3 10 7 -7 -8 -2 11 -1
right_child=1 2 3 -5 -6 6 8 -9 -10 -11 -12 -13
leaf_value=-0.00022919936846571348 -0.00029006494858391544 5.5347802068318307e-06 8.7693266311890443e-05 0.0005228401593895299 -0.00027332769033107363 0.00058937173843929538 -0.00032406829028944483 -0.00021276757076822494 -8.6372046963582511e-05 -0.0010767465637471672 -0.00011784576494045072 -0.00086627443988656174
leaf_weight=1261 1285 265280 197557 12363 26590 2155 35387 2146 27294 1891 1047 3117
leaf_count=1261 1285 265280 197557 12363 26590 2155 35387 2146 27294 1891 1047 3117
internal_value=-3.11417e-06 3.00398e-05 3.63699e-05 0.000114746 -1.93552e-05 -0.00023653 -0.000196757 0.000153037 -0.00022435 -0.000853739 -0.000667599 -0.000744494
internal_weight=577373 504966 501790 209920 291870 72407 66982 4301 62681 3176 5425 4378
internal_count=577373 504966 501790 209920 291870 72407 66982 4301 62681 3176 5425 4378
is_linear=0
shrinkage=0.01


Tree=174
num_leaves=15
num_cat=0
split_feature=3 3 1 2 9 3 9 8 6 2 6 1 1 3
split_gain=44.7925 38.4543 26.6446 21.8555 17.517 16.4131 16.0052 13.0706 11.3264 12.3946 10.4572 5.50309 13.278 3.23971
threshold=-0.41730317473411555 1.2348897457122805 0.39034630358219152 1.4438790082931521 0.074721019715070738 -2.2965553998947139 0.11320309713482858 -0.1770612373948097 0.13674540817737582 -1.7651827335357664 0.12410454824566843 0.14001757651567462 -0.18681664019823072 -4.2125575542449942
decision_type=2 2 2 2 2 2 2 2 2 2 2 2 2 2
left_child=5 2 4 7 -2 11 -4 -3 10 -10 -7 12 -1 -13
right_child=1 3 6 -5 -6 8 -8 -9 9 -11 -12 13 -14 -15
leaf_value=-0.00051385027237748151 -9.1874072974327354e-05 -0.0010112115249417211 0.00025533493712693136 -0.0015527518994880385 6.790515384877467e-05 -0.00016170039339263062 5.8000547137108508e-05 -8.0536668395423281e-05 -0.00073638714942889007 8.4422013355161255e-05 -0.00073828217745238193 -0.0013045658038047306 0.00016695264403914674 -0.00050360482161518967
leaf_weight=8280 124942 1907 82417 1664 151398 65542 88616 7677 1739 29796 3386 1154 3649 5206
leaf_count=8280 124942 1907 82417 1664 151398 65542 88616 7677 1739 29796 3386 1154 3649 5206
internal_value=-3.10474e-06 4.13757e-05 5.64006e-05 -0.000529292 -3.62703e-06 -0.00017635 0.000154447 -0.000303047 -0.00012292 2.85006e-05 -0.000194971 -0.000454525 -0.000289789 -0.000714767
internal_weight=577373 458621 447373 11248 276340 118752 171033 9584 100463 31535 68928 18289 11929 6360
internal_count=577373 458621 447373 11248 276340 118752 171033 9584 100463 31535 68928 18289 11929 6360
is_linear=0
shrinkage=0.01


Tree=175
num_leaves=16
num_cat=0
split_feature=4 3 0 0 4 3 3 4 4 2 3 6 9 1 8
split_gain=43.951 30.1707 20.6352 16.02 14.2009 14.9674 13.6126 15.5731 11.5024 10.928 10.6006 10.4167 7.53419 6.17425 6.02366
threshold=-0.43148007988929743 0.63436561822891246 -0.21792905777692792 0.27656099200248724 1.5633385777473452 1.114936411380768 -0.23364397883415219 -1.745578348636627 0.59454941749572765 -1.8768151998519895 -0.1683462858200073 0.070266135036945357 1.0000000180025095e-35 -1.182372987270355 -0.14634704589843747
decision_type=2 2 2 2 2 2 2 2 2 2 2 2 2 2 2
left_child=2 3 9 11 8 -6 14 -8 -3 13 -5 -2 -11 -1 -4
right_child=1 4 6 10 5 -7 7 -9 -10 12 -12 -13 -14 -15 -16
leaf_value=-0.0003863452871286194 -0.0001064765606428153 -0.00020006617702027912 0.00017482355504731689 0 -0.00017331018869471104 -0.0016123027879148427 -0.00075251206667956106 5.5815654951435012e-05 3.1417936651877994e-05 -0.00014388414419940721 0.00021374707007097742 9.0792465325636727e-05 -0.00041451685707862159 -0.001223991718702296 -0.00019887051820739469
leaf_weight=4731 39883 36915 3972 27222 2767 1065 2235 81548 48030 45534 135397 78274 15312 1685 52803
leaf_count=4731 39883 36915 3972 27222 2767 1065 2235 81548 48030 45534 135397 78274 15312 1685 52803
internal_value=-3.10854e-06 6.19554e-05 -0.000119717 0.000113078 -9.73728e-05 -0.00068298 -4.88847e-05 3.01305e-05 -6.70641e-05 -0.000264188 0.000177591 2.24486e-05 -0.0002164 -0.000666912 -0.000168695
internal_weight=577373 369553 207820 280776 88777 3832 140558 83783 84945 67262 162619 118157 60846 6416 56775
internal_count=577373 369553 207820 280776 88777 3832 140558 83783 84945 67262 162619 118157 60846 6416 56775
is_linear=0
shrinkage=0.01


Tree=176
num_leaves=14
num_cat=0
split_feature=3 3 1 2 9 3 6 8 6 4 6 1 1
split_gain=43.2512 36.1595 26.0403 21.2998 20.2545 13.5117 13.2211 12.7926 8.11372 12.5828 9.86485 4.02997 1.22752
threshold=-0.72196573019027699 1.2348897457122805 0.39034630358219152 1.4438790082931521 0.11568467691540719 -4.2125575542449942 0.20669130980968478 -0.1770612373948097 0.041451960802078254 -0.37392306327819819 -0.45399881899356836 0.069833427667617812 -0.94345262646675099
decision_type=2 2 2 2 2 2 2 2 2 2 2 2 2
left_child=5 2 6 7 -4 11 -2 -3 10 -10 -7 12 -1
right_child=1 3 4 -5 -6 8 -8 -9 9 -11 -12 -13 -14
leaf_value=-0.00064857179462669595 -4.4734322737068585e-05 -0.00099914889316405015 0.00024712943219695082 -0.0015329371155174689 3.3453492102633165e-05 -5.9993887092047171e-05 0.00012053617175828572 -7.8244925778563366e-05 -0.00020734256789698948 0.00017452973440752634 -0.00039541749084558527 -0.0012615168496009006 -7.1856747011135035e-05
leaf_weight=1400 241446 1907 89598 1664 92716 15583 60068 7677 22818 13170 26146 1374 1806
leaf_count=1400 241446 1907 89598 1664 92716 15583 60068 7677 22818 13170 26146 1374 1806
internal_value=-3.10857e-06 3.18525e-05 4.53583e-05 -0.000522269 0.000139716 -0.000215416 -1.1088e-05 -0.000298604 -0.000179726 -6.18754e-05 -0.000275813 -0.000746336 -0.000405713
internal_weight=577373 495076 483828 11248 182314 82297 301514 9584 77717 35988 41729 4580 3206
internal_count=577373 495076 483828 11248 182314 82297 301514 9584 77717 35988 41729 4580 3206
is_linear=0
shrinkage=0.01


Tree=177
num_leaves=13
num_cat=0
split_feature=2 1 6 1 8 3 6 4 4 2 4 2
split_gain=42.8248 26.0147 21.0127 21.269 18.8072 10.0233 6.58836 8.09377 7.43315 0.839414 0.479169 1.98987
threshold=-1.3330700397491453 -2.4473106861114498 0.14090479165315631 0.61307218670845043 0.39649604260921484 -2.9027111530303951 -2.3247932195663448 -1.5744727849960325 -1.0880835056304929 -1.1142182350158689 -1.9204999208450315 -1.7893295884132383
decision_type=2 2 2 2 2 2 2 2 2 2 2 2
left_child=5 9 4 -4 -3 10 7 -7 -8 -2 -1 -12
right_child=1 2 3 -5 -6 6 8 -9 -10 -11 11 -13
leaf_value=-9.9396177726334702e-05 -0.00028537826010524624 5.8943957048373839e-06 8.5144215633910057e-05 0.00051413426782499782 -0.00027154729480779446 0.00058911147893598258 -0.00031644733231392597 -0.00020755801313852089 -8.3798688289281974e-05 -0.0010633457728349604 -0.001112235884037591 -0.00039592167628926068
leaf_weight=1007 1285 265280 197557 12363 26590 2155 35387 2146 27294 1891 1537 2881
leaf_count=1007 1285 265280 197557 12363 26590 2155 35387 2146 27294 1891 1537 2881
internal_value=-3.11116e-06 2.91781e-05 3.5433e-05 0.000111826 -1.8865e-05 -0.000230511 -0.000191494 0.000155616 -0.000218911 -0.000843378 -0.000652757 -0.00072581
internal_weight=577373 504966 501790 209920 291870 72407 66982 4301 62681 3176 5425 4418
internal_count=577373 504966 501790 209920 291870 72407 66982 4301 62681 3176 5425 4418
is_linear=0
shrinkage=0.01


Tree=178
num_leaves=15
num_cat=0
split_feature=3 3 1 2 9 3 9 8 6 6 4 1 1 3
split_gain=42.3035 36.7212 25.1794 20.9326 16.8926 15.7167 15.2745 12.534 10.8596 12.532 8.84957 5.49092 12.9304 3.06579
threshold=-0.41730317473411555 1.2348897457122805 0.39034630358219152 1.4438790082931521 0.074721019715070738 -2.2965553998947139 0.11320309713482858 -0.1770612373948097 0.045442411676049239 -0.45399881899356836 -0.37392306327819819 0.14001757651567462 -0.18681664019823072 -4.2125575542449942
decision_type=2 2 2 2 2 2 2 2 2 2 2 2 2 2
left_child=5 2 4 7 -2 11 -4 -3 9 -7 -10 12 -1 -13
right_child=1 3 6 -5 -6 8 -8 -9 10 -11 -12 13 -14 -15
leaf_value=-0.00050126518621757639 -9.0200913296202049e-05 -0.00098909081961707883 0.00024868370920897077 -0.0015196350554444991 6.6703762850061171e-05 9.124557089929813e-06 5.5843976157298332e-05 -7.717748326919831e-05 -0.0001333417239178253 -0.00033904842479680802 0.00012158163662008847 -0.0012811074169432441 0.00017061370652826893 -0.00049490285653969299
leaf_weight=8280 124942 1907 82417 1664 151398 13521 88616 7677 30991 32387 23564 1154 3649 5206
leaf_count=8280 124942 1907 82417 1664 151398 13521 88616 7677 30991 32387 23564 1154 3649 5206
internal_value=-3.10305e-06 4.01138e-05 5.48058e-05 -0.000517518 -3.52848e-06 -0.000171475 0.000150119 -0.000295579 -0.000119142 -0.000232571 -1.95379e-05 -0.000443729 -0.000279828 -0.000702754
internal_weight=577373 458621 447373 11248 276340 118752 171033 9584 100463 45908 54555 18289 11929 6360
internal_count=577373 458621 447373 11248 276340 118752 171033 9584 100463 45908 54555 18289 11929 6360
is_linear=0
shrinkage=0.01


Tree=179
num_leaves=15
num_cat=0
split_feature=1 3 3 3 2 8 6 2 2 4 6 6 3 1
split_gain=41.7117 39.1284 17.6461 17.3207 16.2437 16.0435 12.1083 10.173 7.65034 5.92913 11.2769 3.30004 1.26671 1.43857
threshold=0.14569914340972903 -2.462729692459106 -0.041261265054345124 0.63436561822891246 -1.846064507961273 0.35385434329509741 0.17657703161239627 0.069303836673498168 1.0806494951248171 -1.6829031109809873 -0.58773475885391224 -0.071781009435653673 -4.2125575542449942 0.36972695589065557
decision_type=2 2 2 2 2 2 2 2 2 2 2 2 2 2
left_child=4 12 5 -4 9 -3 8 -8 -6 10 -1 -11 -2 -14
right_child=1 2 3 -5 6 -7 7 -9 -10 11 -12 -13 13 -15
leaf_value=-0.00015123849237077812 -0.0012673357941388164 7.8359287146983054e-06 0.00016475219758338907 -1.5591271441331814e-05 -0.00012951310991876326 -0.00036682731450211539 0.00011420209853859777 -0.00026744740189359054 -0.00075549350764905754 -0.00042668539809306285 -0.0011558011202377001 0 -0.00024173911911925164 -0.00084969100667512982
leaf_weight=2699 1135 93998 193177 70761 140074 12676 38391 8151 1937 3725 2863 3622 2604 1560
leaf_count=2699 1135 93998 193177 70761 140074 12676 38391 8151 1937 3725 2863 3622 2604 1560
internal_value=-3.0954e-06 5.87661e-05 7.16476e-05 0.00011567 -0.000119459 -3.54168e-05 -9.4346e-05 4.22258e-05 -0.000140508 -0.00046398 -0.00072521 -0.00022574 -0.000775629 -0.000543834
internal_weight=577373 375911 370612 263938 201462 106674 188553 46542 142011 12909 5562 7347 5299 4164
internal_count=577373 375911 370612 263938 201462 106674 188553 46542 142011 12909 5562 7347 5299 4164
is_linear=0
shrinkage=0.01


Tree=180
num_leaves=15
num_cat=0
split_feature=2 1 4 4 2 3 6 9 3 2 6 0 9 6
split_gain=41.1919 25.0572 20.8445 19.2864 17.1259 16.3312 12.4211 11.0874 6.09737 8.17402 6.07796 3.78816 3.75087 6.22952
threshold=-0.57207393646240223 -0.14742351323366162 1.5270777344703677 0.26756148040294653 -1.846064507961273 1.046056926250458 0.20159309357404712 0.48125684261322027 0.92382070422172557 0.041660279035568244 0.22280573844909671 0.26232177019119268 -2.0428720712661739 -0.58773475885391224
decision_type=2 2 2 2 2 2 2 2 2 2 2 2 2 2
left_child=4 8 3 -3 12 -4 7 -6 9 -2 -8 -10 -1 -14
right_child=1 2 5 -5 6 -7 10 -9 11 -11 -12 -13 13 -15
leaf_value=-0.0010113968746219091 -7.1518124816580545e-06 8.7111742485214668e-06 -0.00017177847057697364 0.00015821419242055928 -0.00016122203202413577 -0.0014156037450879359 0.00040879385916140458 0.00025884563859544574 -0.00089519244830787894 -0.00040831117615534678 9.9380867429344283e-06 -3.9822795032597962e-05 0 -0.00053225754180022964
leaf_weight=1487 14736 160669 12675 194007 130446 1053 4473 6073 2150 8528 27752 1365 3968 7991
leaf_count=1487 14736 160669 12675 194007 130446 1053 4473 6073 2150 8528 27752 1365 3968 7991
internal_value=-3.10768e-06 5.38862e-05 7.58056e-05 9.10957e-05 -0.000127751 -0.000300503 -9.85604e-05 -0.000140721 -0.000238578 -0.000164957 7.36494e-05 -0.000636884 -0.000472622 -0.000373647
internal_weight=577373 395183 368404 354676 182190 13728 168744 136519 26779 23264 32225 3515 13446 11959
internal_count=577373 395183 368404 354676 182190 13728 168744 136519 26779 23264 32225 3515 13446 11959
is_linear=0
shrinkage=0.01


Tree=181
num_leaves=14
num_cat=0
split_feature=3 3 1 2 9 3 9 8 6 6 4 1 1
split_gain=40.5938 35.6258 24.0425 20.4561 16.2893 15.1515 14.9462 12.2506 9.96839 14.9612 11.9382 7.08761 14.5765
threshold=-0.41730317473411555 1.2348897457122805 0.39034630358219152 1.4438790082931521 0.074721019715070738 -2.9027111530303951 0.11320309713482858 -0.1770612373948097 0.041451960802078254 -0.45399881899356836 -0.37392306327819819 0.09754276275634767 -0.54208210110664357
decision_type=2 2 2 2 2 2 2 2 2 2 2 2 2
left_child=5 2 4 7 -2 11 -4 -3 9 -7 -10 12 -1
right_child=1 3 6 -5 -6 8 -8 -9 10 -11 -12 -13 -14
leaf_value=-0.00068294579945973172 -8.8408835413837281e-05 -0.00097590051440780219 0.00024432261576868419 -0.0015007712427889449 6.5670710135258187e-05 1.0661542012936779e-05 5.3573971589510096e-05 -7.4259956218325598e-05 -0.00016017697909028315 -0.00034986127696037226 0.00012837917141033311 -0.00088030273397205557 0.00015137843691459527
leaf_weight=4054 124942 1907 82417 1664 151398 15738 88616 7677 33147 34036 24435 3938 3404
leaf_count=4054 124942 1907 82417 1664 151398 15738 88616 7677 33147 34036 24435 3938 3404
internal_value=-3.10332e-06 3.92238e-05 5.37014e-05 -0.000510011 -3.28383e-06 -0.000168043 0.000146838 -0.000290389 -0.000128182 -0.000232279 -3.4246e-05 -0.000517625 -0.000282017
internal_weight=577373 458621 447373 11248 276340 118752 171033 9584 107356 49774 57582 11396 7458
internal_count=577373 458621 447373 11248 276340 118752 171033 9584 107356 49774 57582 11396 7458
is_linear=0
shrinkage=0.01


Tree=182
num_leaves=13
num_cat=0
split_feature=2 1 6 1 8 3 1 3 0 2 4 2
split_gain=40.0061 25.243 19.9231 20.6334 18.6531 9.53297 6.47384 9.91607 8.00115 0.797322 0.535393 1.94368
threshold=-1.3330700397491453 -2.4473106861114498 0.14090479165315631 0.61307218670845043 0.39649604260921484 -2.9027111530303951 -1.182372987270355 -1.4400699138641355 -0.60725948214530934 -1.1142182350158689 -1.9204999208450315 -1.7893295884132383
decision_type=2 2 2 2 2 2 2 2 2 2 2 2
left_child=5 9 4 -4 -3 10 7 -7 -8 -2 -1 -12
right_child=1 2 3 -5 -6 6 8 -9 -10 -11 11 -13
leaf_value=-8.5926130684069499e-05 -0.00027953155741514168 6.0725460678096087e-06 8.2372906386469233e-05 0.00050490454544497166 -0.00027023405908313324 0.00042535632726540184 -0.00052841773944314755 -0.00013416135614578237 -0.00017649028232270342 -0.0010481844857720747 -0.0010879785971979841 -0.00038220348716378713
leaf_weight=1007 1285 265280 197557 12363 26590 3453 9266 20673 33590 1891 1537 2881
leaf_count=1007 1285 265280 197557 12363 26590 3453 9266 20673 33590 1891 1537 2881
internal_value=-3.0898e-06 2.81069e-05 3.42746e-05 0.000108666 -1.85826e-05 -0.000222888 -0.000184754 -4.30208e-05 -0.000259328 -0.000831415 -0.000634862 -0.000707533
internal_weight=577373 504966 501790 209920 291870 72407 66982 24126 42856 3176 5425 4418
internal_count=577373 504966 501790 209920 291870 72407 66982 24126 42856 3176 5425 4418
is_linear=0
shrinkage=0.01


Tree=183
num_leaves=14
num_cat=0
split_feature=3 3 1 9 2 0 3 8 2 6 4 1 1
split_gain=39.5876 33.7942 23.8668 22.8419 20.1061 14.6464 12.6222 12.0049 7.61406 8.6492 5.35034 3.87239 1.14725
threshold=-0.72196573019027699 1.2348897457122805 0.53977954387664806 0.09228000789880754 1.4438790082931521 0.27656099200248724 -4.2125575542449942 -0.2517580091953277 -1.846064507961273 0.13674540817737582 -1.9204999208450315 0.069833427667617812 -0.94345262646675099
decision_type=2 2 2 2 2 2 2 2 2 2 2 2 2
left_child=6 2 5 -4 7 -2 11 -3 10 -10 -8 12 -1
right_child=1 4 3 -5 -6 -7 8 -9 9 -11 -12 -13 -14
leaf_value=-0.00061967178998820606 -4.2811649588540531e-05 -0.0010111600089309624 0.0004675107730897543 5.0213101389922257e-05 -0.0014877438890875633 7.3883079557493443e-05 0 -8.4490403016457364e-05 -0.0002060846899336762 3.2338469328949545e-05 -0.00067829387508423669 -0.0012232980197556999 -6.1248114169424396e-05
leaf_weight=1400 204846 1708 24376 30886 1664 223720 1060 7876 52711 19389 4557 1374 1806
leaf_count=1400 204846 1708 24376 30886 1664 223720 1060 7876 52711 19389 4557 1374 1806
internal_value=-3.08306e-06 3.03492e-05 4.3419e-05 0.000238911 -0.00050531 1.76449e-05 -0.000206212 -0.000287371 -0.00017162 -0.00013929 -0.000533167 -0.000719625 -0.000385889
internal_weight=577373 495076 483828 55262 11248 428566 82297 9584 77717 72100 5617 4580 3206
internal_count=577373 495076 483828 55262 11248 428566 82297 9584 77717 72100 5617 4580 3206
is_linear=0
shrinkage=0.01


Tree=184
num_leaves=15
num_cat=0
split_feature=3 3 1 2 9 3 9 8 6 2 6 1 1 3
split_gain=38.9717 34.3701 23.1197 19.7258 15.7476 14.5979 14.394 11.7882 10.068 11.6624 10.5991 5.32828 12.4455 2.78603
threshold=-0.41730317473411555 1.2348897457122805 0.39034630358219152 1.4438790082931521 0.074721019715070738 -2.2965553998947139 0.11320309713482858 -0.1770612373948097 0.13674540817737582 -1.7651827335357664 0.12410454824566843 0.14001757651567462 -0.18681664019823072 -4.2125575542449942
decision_type=2 2 2 2 2 2 2 2 2 2 2 2 2 2
left_child=5 2 4 7 -2 11 -4 -3 10 -10 -7 12 -1 -13
right_child=1 3 6 -5 -6 8 -8 -9 9 -11 -12 13 -14 -15
leaf_value=-0.00048371892119620548 -8.6963539717479693e-05 -0.00095753098473149096 0.00023962263519762114 -0.0014744627088869927 6.4530616924713972e-05 -0.00014880341045225585 5.2368855818069546e-05 -7.2387320202573654e-05 -0.00071323210980325953 8.2734477300473665e-05 -0.00072745027103283358 -0.0012407816128005335 0.00017552286684295628 -0.00047950905707781381
leaf_weight=8280 124942 1907 82417 1664 151398 65542 88616 7677 1739 29796 3386 1154 3649 5206
leaf_count=8280 124942 1907 82417 1664 151398 65542 88616 7677 1739 29796 3386 1154 3649 5206
internal_value=-3.0805e-06 3.83851e-05 5.26127e-05 -0.000501058 -3.25479e-06 -0.000164698 0.000143945 -0.000284926 -0.000114168 2.83204e-05 -0.000182144 -0.000427205 -0.000266003 -0.000681745
internal_weight=577373 458621 447373 11248 276340 118752 171033 9584 100463 31535 68928 18289 11929 6360
internal_count=577373 458621 447373 11248 276340 118752 171033 9584 100463 31535 68928 18289 11929 6360
is_linear=0
shrinkage=0.01


Tree=185
num_leaves=15
num_cat=0
split_feature=2 1 4 4 2 3 6 9 6 3 2 0 9 6
split_gain=38.3969 24.0193 20.3841 18.3965 16.22 15.5853 11.9509 10.7224 5.91999 5.80593 8.026 3.78266 3.68189 6.1452
threshold=-0.57207393646240223 -0.14742351323366162 1.5270777344703677 0.26756148040294653 -1.846064507961273 1.046056926250458 0.20159309357404712 0.48125684261322027 0.22280573844909671 0.92382070422172557 0.041660279035568244 0.26232177019119268 -2.0428720712661739 -0.58773475885391224
decision_type=2 2 2 2 2 2 2 2 2 2 2 2 2 2
left_child=4 9 3 -3 12 -4 7 -6 -8 10 -2 -11 -1 -14
right_child=1 2 5 -5 6 -7 8 -9 -10 11 -12 -13 13 -15
leaf_value=-0.00099122114896897954 -5.7920419349092556e-06 8.0415480746251634e-06 -0.00017242683224547858 0.00015407935357527583 -0.00015655348795250254 -0.0013893861166727026 0.00040480093020453918 0.00025649339032207837 1.0889378747579894e-05 -0.00088054603929680958 -0.0004033008771157831 -3.0599608074891536e-05 0 -0.00051845526205504099
leaf_weight=1487 14736 160669 12675 194007 130446 1053 4473 6073 27752 2150 8528 1365 3968 7991
leaf_count=1487 14736 160669 12675 194007 130446 1053 4473 6073 27752 2150 8528 1365 3968 7991
internal_value=-3.08352e-06 5.19302e-05 7.34013e-05 8.85293e-05 -0.000123435 -0.000298743 -9.49906e-05 -0.000136368 7.38941e-05 -0.000234393 -0.000162228 -0.000623734 -0.000459124 -0.000361298
internal_weight=577373 395183 368404 354676 182190 13728 168744 136519 32225 26779 23264 3515 13446 11959
internal_count=577373 395183 368404 354676 182190 13728 168744 136519 32225 26779 23264 3515 13446 11959
is_linear=0
shrinkage=0.01


Tree=186
num_leaves=15
num_cat=0
split_feature=3 3 1 2 9 3 9 8 6 6 4 1 1 3
split_gain=37.9139 33.5194 22.3479 19.3032 15.286 14.2608 14.1202 11.5571 9.89595 12.1624 8.23271 5.2894 12.1804 2.72831
threshold=-0.41730317473411555 1.2348897457122805 0.39034630358219152 1.4438790082931521 0.074721019715070738 -2.2965553998947139 0.11320309713482858 -0.32365813851356501 0.045442411676049239 -0.45399881899356836 -0.37392306327819819 0.14001757651567462 -0.18681664019823072 -4.2125575542449942
decision_type=2 2 2 2 2 2 2 2 2 2 2 2 2 2
left_child=5 2 4 7 -2 11 -4 -3 9 -7 -10 12 -1 -13
right_child=1 3 6 -5 -6 8 -8 -9 10 -11 -12 13 -14 -15
leaf_value=-0.00047703874965939256 -8.5528044089523778e-05 -0.0010267566675856859 0.0002364227002612388 -0.0014580008624380859 6.3731315759569862e-05 1.7339506686203426e-05 5.095037025892441e-05 -8.9383673684751683e-05 -0.00012720327639469128 -0.00032584013680341022 0.00011871916324411018 -0.0012297022271585999 0.00017494243361884825 -0.00047449291044703582
leaf_weight=8280 124942 1566 82417 1664 151398 13521 88616 8018 30991 32387 23564 1154 3649 5206
leaf_count=8280 124942 1566 82417 1664 151398 13521 88616 8018 30991 32387 23564 1154 3649 5206
internal_value=-3.07847e-06 3.78156e-05 5.18712e-05 -0.000494892 -3.04336e-06 -0.000162491 0.000141665 -0.000280847 -0.00011252 -0.000220791 -1.72834e-05 -0.000421984 -0.000261517 -0.000675324
internal_weight=577373 458621 447373 11248 276340 118752 171033 9584 100463 45908 54555 18289 11929 6360
internal_count=577373 458621 447373 11248 276340 118752 171033 9584 100463 45908 54555 18289 11929 6360
is_linear=0
shrinkage=0.01


Tree=187
num_leaves=13
num_cat=0
split_feature=2 1 6 1 8 3 1 3 0 2 4 2
split_gain=37.3573 24.4864 18.9048 19.8717 18.5623 9.03423 6.52527 9.85567 7.71855 0.753621 0.573571 1.89795
threshold=-1.3330700397491453 -2.4473106861114498 0.14090479165315631 0.61307218670845043 0.39649604260921484 -2.9027111530303951 -1.182372987270355 -1.4400699138641355 -0.60725948214530934 -1.1142182350158689 -1.9204999208450315 -1.7893295884132383
decision_type=2 2 2 2 2 2 2 2 2 2 2 2
left_child=5 9 4 -4 -3 10 7 -7 -8 -2 -1 -12
right_child=1 2 3 -5 -6 6 8 -9 -10 -11 11 -13
leaf_value=-7.3510009741704601e-05 -0.00027382013466607417 6.2634391397506675e-06 7.9793313387366906e-05 0.00049448692373487942 -0.00026937433483529666 0.00043111885108625787 -0.00051732292670709915 -0.00012739264521907976 -0.00017148950003558288 -0.0010329803054638868 -0.0010630625325322653 -0.00036808860524244972
leaf_weight=1007 1285 265280 197557 12363 26590 3453 9266 20673 33590 1891 1537 2881
leaf_count=1007 1285 265280 197557 12363 26590 3453 9266 20673 33590 1891 1537 2881
internal_value=-3.07065e-06 2.70636e-05 3.31445e-05 0.000105615 -1.83303e-05 -0.000215477 -0.000178259 -3.63475e-05 -0.000252964 -0.000819486 -0.000616773 -0.000688744
internal_weight=577373 504966 501790 209920 291870 72407 66982 24126 42856 3176 5425 4418
internal_count=577373 504966 501790 209920 291870 72407 66982 24126 42856 3176 5425 4418
is_linear=0
shrinkage=0.01


Tree=188
num_leaves=13
num_cat=0
split_feature=3 3 1 2 9 3 9 8 6 6 4 6
split_gain=36.9855 32.8909 21.7619 18.9714 14.9185 13.8964 13.7344 11.3267 11.1321 13.0296 10.4297 3.87337
threshold=-0.41730317473411555 1.2348897457122805 0.39034630358219152 1.4438790082931521 0.074721019715070738 -4.2125575542449942 0.11320309713482858 -0.2517580091953277 0.041451960802078254 -0.41742667555809015 -0.37392306327819819 -1.0772026181221006
decision_type=2 2 2 2 2 2 2 2 2 2 2 2
left_child=5 2 4 7 -2 11 -4 -3 9 -7 -10 -1
right_child=1 3 6 -5 -6 8 -8 -9 10 -11 -12 -13
leaf_value=-0.00022349048521608068 -8.442708059299942e-05 -0.00098112236077026464 0.00023332325722888534 -0.0014453418327845453 6.3027567211994731e-05 -2.0802107037068348e-05 5.0349378694684018e-05 -8.0175287830818354e-05 -0.00015162377995425904 -0.00035333102697848972 0.00011455665464689524 -0.00099666384209631136
leaf_weight=2152 124942 1708 82417 1664 151398 19645 88616 7876 34300 35386 24841 2428
leaf_count=2152 124942 1708 82417 1664 151398 19645 88616 7876 34300 35386 24841 2428
internal_value=-3.06379e-06 3.73221e-05 5.12492e-05 -0.000490356 -2.93093e-06 -0.000160516 0.000139858 -0.000277951 -0.00013595 -0.000238751 -3.64404e-05 -0.000699766
internal_weight=577373 458621 447373 11248 276340 118752 171033 9584 114172 55031 59141 4580
internal_count=577373 458621 447373 11248 276340 118752 171033 9584 114172 55031 59141 4580
is_linear=0
shrinkage=0.01


Tree=189
num_leaves=13
num_cat=0
split_feature=3 3 1 9 2 0 3 1 2 6 4 6
split_gain=36.303 31.2649 22.3074 21.8893 18.6118 13.4446 11.771 11.2429 7.21845 7.98844 5.21272 3.77605
threshold=-0.72196573019027699 1.2348897457122805 0.53977954387664806 0.09228000789880754 1.4438790082931521 0.27656099200248724 -4.2125575542449942 0.3566183745861054 -1.846064507961273 0.13674540817737582 -1.9204999208450315 -1.0772026181221006
decision_type=2 2 2 2 2 2 2 2 2 2 2 2
left_child=6 2 5 -4 7 -2 11 -3 10 -10 -8 -1
right_child=1 4 3 -5 -6 -7 8 -9 9 -11 -12 -13
leaf_value=-0.00022144565883319871 -4.1307426125585402e-05 -0.0004434767906756789 0.00045425838791534131 4.5728827845695017e-05 -0.0014324391945251494 7.0490281811175345e-05 0 0.00038067140693669047 -0.00019677455439739898 3.2106250568968881e-05 -0.0006597912759656278 -0.00098745569258150792
leaf_weight=2152 204846 7926 24376 30886 1664 223720 1060 1658 52711 19389 4557 2428
leaf_count=2152 204846 7926 24376 30886 1664 223720 1060 1658 52711 19389 4557 2428
internal_value=-3.06042e-06 2.89398e-05 4.15258e-05 0.000230525 -0.00048624 1.65924e-05 -0.000197592 -0.000275593 -0.000164084 -0.00013254 -0.000516126 -0.000693697
internal_weight=577373 495076 483828 55262 11248 428566 82297 9584 77717 72100 5617 4580
internal_count=577373 495076 483828 55262 11248 428566 82297 9584 77717 72100 5617 4580
is_linear=0
shrinkage=0.01


Tree=190
num_leaves=13
num_cat=0
split_feature=2 1 6 1 8 2 1 9 6 4 0 2
split_gain=35.8668 23.9388 18.2551 19.2311 18.3098 8.77488 8.41152 6.68956 8.17412 6.29639 5.79227 0.707737
threshold=-1.3330700397491453 -2.4473106861114498 0.14090479165315631 0.61307218670845043 0.39649604260921484 -1.8768151998519895 -1.2557137012481687 -0.89413523674011219 -0.58773475885391224 0.59454941749572765 0.5116490125656129 -1.1142182350158689
decision_type=2 2 2 2 2 2 2 2 2 2 2 2
left_child=5 11 4 -4 -3 7 9 -1 -9 -7 -8 -2
right_child=1 2 3 -5 -6 6 10 8 -10 -11 -12 -13
leaf_value=-0.00099583542180282274 -0.00027015819860487451 6.3439885583446306e-06 7.8291946853156115e-05 0.00048630696655626411 -0.00026741289826098959 -4.607627854169686e-05 -0.00026594909638683197 6.3869715330376281e-05 -0.00051792669625022071 0.00051573514962035432 0.00018199071829300693 -0.0010211461555092035
leaf_weight=2191 1285 265280 197557 12363 26590 16409 40298 2956 6080 2042 2431 1891
leaf_count=2191 1285 265280 197557 12363 26590 16409 40298 2956 6080 2042 2431 1891
internal_value=-3.04131e-06 2.64786e-05 3.24956e-05 0.000103713 -1.80771e-05 -0.000211173 -0.000158042 -0.00047537 -0.000308684 1.02406e-05 -0.000235076 -0.000810545
internal_weight=577373 504966 501790 209920 291870 72407 61180 11227 9036 18451 42729 3176
internal_count=577373 504966 501790 209920 291870 72407 61180 11227 9036 18451 42729 3176
is_linear=0
shrinkage=0.01


Tree=191
num_leaves=16
num_cat=0
split_feature=4 3 0 0 4 2 3 4 4 3 2 6 9 1 8
split_gain=35.5071 28.1644 17.5206 14.033 12.9504 13.9498 11.3858 13.4968 11.0615 9.77664 9.49605 9.1018 7.72573 6.23223 6.17509
threshold=-0.43148007988929743 0.63436561822891246 -0.21792905777692792 0.27656099200248724 1.5633385777473452 1.0699092745780947 -0.23364397883415219 -1.745578348636627 0.59454941749572765 -0.1683462858200073 -1.8768151998519895 0.070266135036945357 1.0000000180025095e-35 -1.182372987270355 -0.14634704589843747
decision_type=2 2 2 2 2 2 2 2 2 2 2 2 2 2 2
left_child=2 3 10 11 8 -6 14 -8 -3 -5 13 -2 -12 -1 -4
right_child=1 4 6 9 5 -7 7 -9 -10 -11 12 -13 -14 -15 -16
leaf_value=-0.00034101289951819649 -0.00010047581303602922 -0.00019977206383049389 0.00019789194590564993 -5.1168840663627271e-07 -3.7075080449844262e-05 -0.0013281526256423298 -0.00069840635078504017 5.3699355178161305e-05 2.7034197860594349e-05 0.00019997990803514179 -0.00012335728195138909 8.3905318381851201e-05 -0.00039549040864619557 -0.0011671734646889714 -0.00018289055743203126
leaf_weight=4731 39883 36915 3972 27222 2252 1580 2235 81548 48030 135397 45534 78274 15312 1685 52803
leaf_count=4731 39883 36915 3972 27222 2252 1580 2235 81548 48030 135397 45534 78274 15312 1685 52803
internal_value=-3.018e-06 5.54261e-05 -0.00010786 0.000104848 -9.85165e-05 -0.000658487 -4.24768e-05 2.96393e-05 -6.9419e-05 0.00016523 -0.000240997 1.99144e-05 -0.000196188 -0.000616937 -0.000152139
internal_weight=577373 369553 207820 280776 88777 3832 140558 83783 84945 162619 67262 118157 60846 6416 56775
internal_count=577373 369553 207820 280776 88777 3832 140558 83783 84945 162619 67262 118157 60846 6416 56775
is_linear=0
shrinkage=0.01


Tree=192
num_leaves=15
num_cat=0
split_feature=3 3 1 2 9 3 9 8 6 6 4 1 1 6
split_gain=34.8966 31.3928 20.6945 18.1892 14.2482 13.4624 13.2581 11.0567 9.15036 11.7764 7.6772 5.38545 11.8444 2.54326
threshold=-0.41730317473411555 1.2348897457122805 0.39034630358219152 1.4438790082931521 0.074721019715070738 -2.2965553998947139 0.11320309713482858 -0.32365813851356501 0.045442411676049239 -0.45399881899356836 -1.334282338619232 0.14001757651567462 -0.18681664019823072 -0.12622503191232678
decision_type=2 2 2 2 2 2 2 2 2 2 2 2 2 2
left_child=5 2 4 7 -2 11 -4 -3 9 -7 -10 12 -1 -13
right_child=1 3 6 -5 -6 8 -8 -9 10 -11 -12 13 -14 -15
leaf_value=-0.00046068542869239914 -8.2660635063386737e-05 -0.0010001194923638871 0.00022805098242762727 -0.0014148126453345606 6.1439115155629247e-05 2.280512642679809e-05 4.8251010945294302e-05 -8.3171058087757606e-05 -0.00027065456294660762 -0.00031494661921637422 3.5833983339690559e-05 -0.0002322216019683711 0.00018268410530148564 -0.00084228190226072735
leaf_weight=8280 124942 1566 82417 1664 151398 13521 88616 8018 9673 32387 44882 2343 3649 4017
leaf_count=8280 124942 1566 82417 1664 151398 13521 88616 8018 9673 32387 44882 2343 3649 4017
internal_value=-3.01902e-06 3.61996e-05 4.98155e-05 -0.000479291 -3.00235e-06 -0.000155969 0.000136226 -0.000270821 -0.000107358 -0.000211466 -1.56461e-05 -0.000408129 -0.000247626 -0.000661958
internal_weight=577373 458621 447373 11248 276340 118752 171033 9584 100463 45908 54555 18289 11929 6360
internal_count=577373 458621 447373 11248 276340 118752 171033 9584 100463 45908 54555 18289 11929 6360
is_linear=0
shrinkage=0.01


Tree=193
num_leaves=16
num_cat=0
split_feature=2 6 1 1 8 8 4 1 3 2 4 4 0 6 6
split_gain=34.3993 20.5473 18.9245 17.5168 16.6976 11.9176 10.5161 7.19563 12.9894 12.8483 13.1328 6.74031 6.0692 4.75506 3.13823
threshold=-1.4715092778205869 0.14090479165315631 0.61307218670845043 -2.2237859964370723 0.39649604260921484 0.32478044927120214 0.63130506873130809 -2.0432429313659664 -0.61298078298568714 -1.7893295884132383 -1.6634913086891172 -1.7232012152671812 -0.21792905777692792 -0.58773475885391224 -0.043731957674026482
decision_type=2 2 2 2 2 2 2 2 2 2 2 2 2 2 2
left_child=7 3 6 14 -5 -4 -3 9 12 13 -11 -10 -9 -1 -2
right_child=1 2 5 4 -6 -7 -8 8 11 10 -12 -13 -14 -15 -16
leaf_value=-1.8122490431890557e-05 -0.00083070275672758934 1.2821551862818672e-05 0.0006438922658363053 1.5769191779138142e-06 -0.00025818409333907205 -2.5815496429961523e-05 0.00016219798994902311 -0.00069747508534589401 -0.00068015990262339612 0.0010459789475607505 0 -8.1034450685533635e-05 -0.00023471391875893284 -0.00059816034242758296 0
leaf_weight=3557 3016 124471 9542 276328 26828 2866 79061 9926 2060 1417 5655 21569 6579 3482 1016
leaf_count=3557 3016 124471 9542 276328 26828 2866 79061 9926 2060 1417 5655 21569 6579 3482 1016
internal_value=-3.01004e-06 2.15281e-05 9.64565e-05 -3.05211e-05 -2.09066e-05 0.000475385 7.193e-05 -0.000242535 -0.000311275 -3.14329e-05 0.000250368 -0.00014693 -0.000530006 -0.000341278 -0.000671002
internal_weight=577373 523128 215940 307188 303156 12408 203532 54245 40134 14111 7072 23629 16505 7039 4032
internal_count=577373 523128 215940 307188 303156 12408 203532 54245 40134 14111 7072 23629 16505 7039 4032
is_linear=0
shrinkage=0.01


Tree=194
num_leaves=15
num_cat=0
split_feature=2 1 4 4 9 2 6 9 6 2 1 9 0 6
split_gain=33.9358 22.5963 19.8378 17.003 14.8149 14.5998 11.3101 10.2901 5.73337 5.50607 7.9258 3.61363 8.8912 2.7983
threshold=-0.57207393646240223 -0.14742351323366162 1.5270777344703677 0.26756148040294653 0.54768911004066478 -1.846064507961273 0.20159309357404712 0.48125684261322027 0.22280573844909671 -0.39667777717113489 -0.66213485598564137 -2.0428720712661739 -1.4692081212997434 -0.24553044140338895
decision_type=2 2 2 2 2 2 2 2 2 2 2 2 2 2
left_child=5 9 3 -3 -4 11 7 -7 -8 13 -11 -1 -13 -2
right_child=1 2 4 -5 -6 6 8 -9 -10 10 -12 12 -14 -15
leaf_value=-0.00095741294565923607 -0.0003544112107072166 7.0543541982872058e-06 -0.00015553521189289483 0.00014749420595857308 -0.001202283217635896 -0.00014920699771500868 0.00040111323436138342 0.00025550165625069576 1.2987621410676352e-05 -0.00061467585187859042 -0.00015702044003379452 8.1581594154555122e-05 -0.00049492086651007467 0.00014792174916049392
leaf_weight=1487 1165 160669 12258 194007 1470 130446 4473 6073 27752 6125 14716 2920 9039 4773
leaf_count=1487 1165 160669 12258 194007 1470 130446 4473 6073 27752 6125 14716 2920 9039 4773
internal_value=-2.99639e-06 4.87013e-05 6.95428e-05 8.44781e-05 -0.000297636 -0.000116159 -8.91011e-05 -0.000129393 7.51714e-05 -0.000228997 -0.000305591 -0.000434794 -0.000338682 8.44633e-06
internal_weight=577373 395183 368404 354676 13728 182190 168744 136519 32225 26779 20841 13446 11959 5938
internal_count=577373 395183 368404 354676 13728 182190 168744 136519 32225 26779 20841 13446 11959 5938
is_linear=0
shrinkage=0.01


Tree=195
num_leaves=14
num_cat=0
split_feature=3 3 1 9 2 0 3 1 6 6 4 1 1
split_gain=33.6164 30.6688 19.963 20.1242 17.8665 15.0953 13.1727 10.9146 10.1752 12.8181 9.74108 3.8742 1.21208
threshold=-0.41730317473411555 1.2348897457122805 0.53977954387664806 0.09228000789880754 1.4438790082931521 0.27656099200248724 -4.2125575542449942 0.3566183745861054 0.041451960802078254 -0.41742667555809015 -0.37392306327819819 0.069833427667617812 -0.94345262646675099
decision_type=2 2 2 2 2 2 2 2 2 2 2 2 2
left_child=6 2 5 -4 7 -2 11 -3 9 -8 -10 12 -1
right_child=1 4 3 -5 -6 -7 8 -9 10 -11 -12 -13 -14
leaf_value=-0.00057993725181368068 -4.1452907307883896e-05 -0.00043296177666014824 0.00045716849919129007 5.1387166931009652e-05 -0.0014012789536076908 8.195643927483901e-05 -1.1564447866365808e-05 0.00037888519791986461 -0.00014528341038163542 -0.00034092514527933214 0.00011196147228596547 -0.0011731571629255884 -3.3365193374198696e-05
leaf_weight=1400 183605 7926 22638 29174 1664 211956 19645 1658 34300 35386 24841 1374 1806
leaf_count=1400 183605 7926 22638 29174 1664 211956 19645 1658 34300 35386 24841 1374 1806
internal_value=-2.97693e-06 3.5509e-05 4.8972e-05 0.000233605 -0.000473992 2.4177e-05 -0.000153101 -0.000267199 -0.000129143 -0.000227439 -3.38493e-05 -0.000678113 -0.000350802
internal_weight=577373 458621 447373 51812 11248 395561 118752 9584 114172 55031 59141 4580 3206
internal_count=577373 458621 447373 51812 11248 395561 118752 9584 114172 55031 59141 4580 3206
is_linear=0
shrinkage=0.01


Tree=196
num_leaves=13
num_cat=0
split_feature=3 3 1 9 2 0 3 8 2 6 4 6
split_gain=33.0365 29.1072 20.583 20.7235 17.5514 12.1603 11.2253 10.8042 6.57227 7.44047 5.08595 3.77328
threshold=-0.72196573019027699 1.2348897457122805 0.53977954387664806 0.09228000789880754 1.4438790082931521 0.27656099200248724 -4.2125575542449942 -0.1770612373948097 -1.846064507961273 0.24113386869430545 -1.9204999208450315 -1.0772026181221006
decision_type=2 2 2 2 2 2 2 2 2 2 2 2
left_child=6 2 5 -4 7 -2 11 -3 10 -10 -8 -1
right_child=1 4 3 -5 -6 -7 8 -9 9 -11 -12 -13
leaf_value=-0.00020532116832677597 -3.9305065038367884e-05 -0.00090757822392986427 0.000438908277525627 4.1325079150283951e-05 -0.0013887696501550608 6.7005828482559371e-05 0 -6.0172238441384746e-05 -0.00016427518214628283 0.00013649479056398689 -0.00063491729228379074 -0.00096408802085422133
leaf_weight=2152 204846 1907 24376 30886 1664 223720 1060 7677 63542 8558 4557 2428
leaf_count=2152 204846 1907 24376 30886 1664 223720 1060 7677 63542 8558 4557 2428
internal_value=-2.96821e-06 2.75421e-05 3.96999e-05 0.000221255 -0.000469507 1.57303e-05 -0.000188556 -0.000264334 -0.000155791 -0.00012553 -0.000492168 -0.000672916
internal_weight=577373 495076 483828 55262 11248 428566 82297 9584 77717 72100 5617 4580
internal_count=577373 495076 483828 55262 11248 428566 82297 9584 77717 72100 5617 4580
is_linear=0
shrinkage=0.01


Tree=197
num_leaves=15
num_cat=0
split_feature=2 1 6 1 8 1 3 2 4 4 0 2 6 6
split_gain=32.6076 19.9747 17.4783 17.9266 16.5902 7.15372 12.4812 12.4262 12.9123 6.59452 5.95506 5.16277 6.37028 4.68639
threshold=-1.4715092778205869 -2.2237859964370723 0.14090479165315631 0.61307218670845043 0.39649604260921484 -2.0432429313659664 -0.61298078298568714 -1.7893295884132383 -1.6634913086891172 -1.7232012152671812 -0.21792905777692792 -0.93883129954338063 -0.030314832925796505 -0.58773475885391224
decision_type=2 2 2 2 2 2 2 2 2 2 2 2 2 2
left_child=5 11 4 -4 -3 7 10 13 -9 -8 -7 12 -2 -1
right_child=1 2 3 -5 -6 6 9 8 -10 -11 -12 -13 -14 -15
leaf_value=-1.1111922103494935e-05 -0.0006101384544522885 1.8486728285273461e-06 7.2899026941891407e-05 0.00046590804823586887 -0.00025708225831347201 -0.00068475748594714432 -0.00067053169346689701 0.0010401429153148582 0 -7.8058138165636271e-05 -0.00022680895486524487 -0.0010501479608300275 0.00010986041774441161 -0.00058551065557723304
leaf_weight=3557 2210 276328 202049 12408 26828 9926 2060 1417 5655 21569 6579 1669 1636 3482
leaf_count=3557 2210 276328 202049 12408 26828 9926 2060 1417 5655 21569 6579 1669 1636 3482
internal_value=-2.95893e-06 2.09224e-05 2.7772e-05 9.69823e-05 -2.05607e-05 -0.00023617 -0.000304608 -2.60091e-05 0.000251015 -0.000143298 -0.00051909 -0.000565434 -0.000264145 -0.000331206
internal_weight=577373 523128 517613 214457 303156 54245 40134 14111 7072 23629 16505 5515 3846 7039
internal_count=577373 523128 517613 214457 303156 54245 40134 14111 7072 23629 16505 5515 3846 7039
is_linear=0
shrinkage=0.01


Tree=198
num_leaves=16
num_cat=0
split_feature=4 3 0 0 4 0 4 3 4 3 2 6 9 1 8
split_gain=32.2377 27.2839 16.2007 13.0705 12.4042 13.5746 10.7072 10.5494 12.5725 9.39326 8.80066 8.539 7.67418 6.15943 6.15309
threshold=-0.43148007988929743 0.63436561822891246 -0.21792905777692792 0.27656099200248724 1.5633385777473452 0.38099333643913275 0.59454941749572765 -0.23364397883415219 -1.745578348636627 -0.1683462858200073 -1.8768151998519895 0.070266135036945357 1.0000000180025095e-35 -1.182372987270355 -0.14634704589843747
decision_type=2 2 2 2 2 2 2 2 2 2 2 2 2 2 2
left_child=2 3 10 11 6 -6 -3 14 -9 -5 13 -2 -12 -1 -4
right_child=1 4 7 9 5 -7 -8 8 -10 -11 12 -13 -14 -15 -16
leaf_value=-0.00032072860988693116 -9.7193559668501663e-05 -0.0001984528400421018 0.0002044934574651915 -2.720552006071053e-06 0 -0.0011581612180237494 2.4564942318730594e-05 -0.00067295922078426499 5.2720699650155591e-05 0.00019374256917568797 -0.00011516171588855347 8.136620296606467e-05 -0.00038582515762426261 -0.0011370439518499991 -0.00017630343344021565
leaf_weight=4731 39883 36915 3972 27222 1761 2071 48030 2235 81548 135397 45534 78274 15312 1685 52803
leaf_count=4731 39883 36915 3972 27222 1761 2071 48030 2235 81548 135397 45534 78274 15312 1685 52803
internal_value=-2.94585e-06 5.27256e-05 -0.00010286 0.000101381 -9.87918e-05 -0.000647169 -7.02426e-05 -3.99289e-05 2.94245e-05 0.000159664 -0.000230894 1.93425e-05 -0.000187592 -0.000593235 -0.000145528
internal_weight=577373 369553 207820 280776 88777 3832 84945 140558 83783 162619 67262 118157 60846 6416 56775
internal_count=577373 369553 207820 280776 88777 3832 84945 140558 83783 162619 67262 118157 60846 6416 56775
is_linear=0
shrinkage=0.01


Tree=199
num_leaves=15
num_cat=0
split_feature=2 1 4 4 9 2 6 9 6 2 1 9 0 6
split_gain=31.7019 21.6983 19.3067 16.1414 14.4536 13.6289 10.8688 9.96937 5.60729 5.38543 7.6669 3.59496 8.75456 2.73757
threshold=-0.57207393646240223 -0.14742351323366162 1.5270777344703677 0.26756148040294653 0.54768911004066478 -1.846064507961273 0.20159309357404712 0.48125684261322027 0.22280573844909671 -0.39667777717113489 -0.66213485598564137 -2.0428720712661739 -1.4692081212997434 -0.24553044140338895
decision_type=2 2 2 2 2 2 2 2 2 2 2 2 2 2
left_child=5 9 3 -3 -4 11 7 -7 -8 13 -11 -1 -13 -2
right_child=1 2 4 -5 -6 6 8 -9 -10 10 -12 12 -14 -15
leaf_value=-0.00093832826537754166 -0.00034865707226380946 6.7190476161107507e-06 -0.00015417171861761887 0.00014358672135772701 -0.0011886550654572837 -0.0001451785630013647 0.00039726879232717635 0.00025312930907886883 1.3265380485901846e-05 -0.00060508953614584664 -0.00015445340759523055 9.2145948387228728e-05 -0.00048059249788807746 0.00014762488945167828
leaf_weight=1487 1165 160669 12258 194007 1470 130446 4473 6073 27752 6125 14716 2920 9039 4773
leaf_count=1487 1165 160669 12258 194007 1470 130446 4473 6073 27752 6125 14716 2920 9039 4773
internal_value=-2.94272e-06 4.70124e-05 6.74456e-05 8.21877e-05 -0.000294782 -0.000112328 -8.61344e-05 -0.000125653 7.48568e-05 -0.000225093 -0.00030089 -0.000420318 -0.000325084 9.48545e-06
internal_weight=577373 395183 368404 354676 13728 182190 168744 136519 32225 26779 20841 13446 11959 5938
internal_count=577373 395183 368404 354676 13728 182190 168744 136519 32225 26779 20841 13446 11959 5938
is_linear=0
shrinkage=0.01


Tree=200
num_leaves=14
num_cat=0
split_feature=3 3 1 9 2 0 3 1 6 6 4 1 1
split_gain=31.3781 29.1493 18.8074 19.2804 17.1302 14.0852 12.6368 10.6119 9.58469 12.7536 9.24286 3.86467 1.24567
threshold=-0.41730317473411555 1.2348897457122805 0.53977954387664806 0.09228000789880754 1.4438790082931521 0.27656099200248724 -4.2125575542449942 0.3566183745861054 0.041451960802078254 -0.41742667555809015 -0.37392306327819819 0.069833427667617812 -0.94345262646675099
decision_type=2 2 2 2 2 2 2 2 2 2 2 2 2
left_child=6 2 5 -4 7 -2 11 -3 9 -8 -10 12 -1
right_child=1 4 3 -5 -6 -7 8 -9 10 -11 -12 -13 -14
leaf_value=-0.00056548392243057602 -4.0071813250023025e-05 -0.00042327933175558013 0.00044540552125029386 4.8133962272307526e-05 -0.0013707425311715402 7.9124091991846591e-05 -4.8067402696294399e-06 0.00037706374994752803 -0.000140529937283098 -0.00033295754588376575 0.00011005589429804076 -0.0011535864017950105 -2.2389058427372622e-05
leaf_weight=1400 183605 7926 22638 29174 1664 211956 19645 1658 34300 35386 24841 1374 1806
leaf_count=1400 183605 7926 22638 29174 1664 211956 19645 1658 34300 35386 24841 1374 1806
internal_value=-2.92354e-06 3.4247e-05 4.73829e-05 0.000226603 -0.000462443 2.33001e-05 -0.000147974 -0.000259504 -0.000124474 -0.000219877 -3.18898e-05 -0.000662224 -0.000337547
internal_weight=577373 458621 447373 51812 11248 395561 118752 9584 114172 55031 59141 4580 3206
internal_count=577373 458621 447373 51812 11248 395561 118752 9584 114172 55031 59141 4580 3206
is_linear=0
shrinkage=0.01


Tree=201
num_leaves=15
num_cat=0
split_feature=2 1 6 1 8 1 2 3 4 0 9 2 6 1
split_gain=30.8645 19.3717 16.6889 17.3778 16.5092 7.08429 12.1074 12.0635 6.39171 5.78858 5.21907 5.04101 6.23422 4.8872
threshold=-1.4715092778205869 -2.2237859964370723 0.14090479165315631 0.61307218670845043 0.39649604260921484 -2.0432429313659664 -1.6387761235237119 -0.61298078298568714 -1.7232012152671812 -0.21792905777692792 -0.028451657854020592 -0.93883129954338063 -0.030314832925796505 -3.4518711566925044
decision_type=2 2 2 2 2 2 2 2 2 2 2 2 2 2
left_child=5 11 4 -4 -3 6 10 9 -9 -7 -1 12 -2 -8
right_child=1 2 3 -5 -6 7 13 8 -10 -11 -12 -13 -14 -15
leaf_value=-2.2154223077186926e-05 -0.00060156476625755314 2.198018837924027e-06 7.0967640493482199e-05 0.00045793999434233724 -0.00025610975133883796 -0.00067201377749277964 0 -0.00065802037675630101 -7.4761403184864928e-05 -0.00022025440027562926 -0.00052646637730143495 -0.0010362313690903278 0.00011031877870202492 0.00079780566329888517
leaf_weight=7784 2210 276328 202049 12408 26828 9926 1337 2060 21569 6579 3159 1669 1636 1831
leaf_count=7784 2210 276328 202049 12408 26828 9926 1337 2060 21569 6579 3159 1669 1636 1831
internal_value=-2.91507e-06 2.03096e-05 2.7061e-05 9.46945e-05 -2.01556e-05 -0.000229814 -2.09433e-05 -0.000297826 -0.0001391 -0.000508705 -0.000192523 -0.00055712 -0.00025883 0.000488587
internal_weight=577373 523128 517613 214457 303156 54245 14111 40134 23629 16505 10943 5515 3846 3168
internal_count=577373 523128 517613 214457 303156 54245 14111 40134 23629 16505 10943 5515 3846 3168
is_linear=0
shrinkage=0.01


Tree=202
num_leaves=14
num_cat=0
split_feature=3 3 1 9 2 0 3 1 1 6 6 1 1
split_gain=30.5407 27.6173 19.2197 19.8096 16.859 11.2117 10.7468 10.0424 6.04578 8.10425 7.872 3.81224 1.22237
threshold=-0.72196573019027699 1.2348897457122805 0.53977954387664806 0.09228000789880754 1.4569476246833803 0.27656099200248724 -4.2125575542449942 0.3566183745861054 -0.56840485334396351 -1.9075614213943479 0.24113386869430545 0.069833427667617812 -0.94345262646675099
decision_type=2 2 2 2 2 2 2 2 2 2 2 2 2
left_child=6 2 5 -4 7 -2 11 -3 9 -8 -10 12 -1
right_child=1 4 3 -5 -6 -7 8 -9 10 -11 -12 -13 -14
leaf_value=-0.00055802778530778603 -3.7730105774999158e-05 -0.00041924206891141472 0.00042647865473872373 3.7702053405194518e-05 -0.0013782752865032913 6.4338877679517896e-05 5.245760335565697e-05 0.00035262895023437395 -0.0001405249742850337 -0.0004356675624325628 0.00020441039583799566 -0.0011431148302074364 -1.994427570591264e-05
leaf_weight=1400 204846 7965 24376 30886 1600 223720 3566 1683 53930 13291 6930 1374 1806
leaf_count=1400 204846 7965 24376 30886 1600 223720 3566 1683 53930 13291 6930 1374 1806
internal_value=-2.90496e-06 2.64166e-05 3.82695e-05 0.000213717 -0.000457722 1.50906e-05 -0.000181356 -0.000259861 -0.000149251 -0.000321278 -9.74316e-05 -0.000655254 -0.000332605
internal_weight=577373 495076 483828 55262 11248 428566 82297 9648 77717 16857 60860 4580 3206
internal_count=577373 495076 483828 55262 11248 428566 82297 9648 77717 16857 60860 4580 3206
is_linear=0
shrinkage=0.01


Tree=203
num_leaves=15
num_cat=0
split_feature=3 3 1 2 9 6 3 8 6 0 2 1 1 6
split_gain=30.0536 28.0123 18.2304 16.5659 12.9242 12.3861 12.278 10.5258 8.16089 8.98595 7.56915 5.57666 11.3249 2.71078
threshold=-0.41730317473411555 1.2348897457122805 0.39034630358219152 1.4438790082931521 0.074721019715070738 0.11999846622347833 -2.2965553998947139 -0.32365813851356501 0.20842733234167102 0.35384647548198706 0.29372297227382665 0.14001757651567462 -0.18681664019823072 -0.12622503191232678
decision_type=2 2 2 2 2 2 2 2 2 2 2 2 2 2
left_child=6 2 4 7 -2 -4 11 -3 10 -10 -8 12 -1 -13
right_child=1 3 5 -5 -6 -7 8 -9 9 -11 -12 13 -14 -15
leaf_value=-0.00043399689987440207 -7.9062155455954448e-05 -0.00096382501635777979 2.3105732762505634e-05 -0.0013468608946155742 5.8168960690245016e-05 0.00019932193420339666 -0.00019765678497013687 -7.0313064809987905e-05 0.00022997059106188921 -0.00030733445242275208 7.048863620215509e-06 -0.00021079183905660108 0.00019600388167614603 -0.00082255281021395923
leaf_weight=8280 124942 1566 70978 1664 151398 100055 60936 8018 12871 3657 22999 2343 3649 4017
leaf_count=8280 124942 1566 70978 1664 151398 100055 60936 8018 12871 3657 22999 2343 3649 4017
internal_value=-2.88975e-06 3.34803e-05 4.63655e-05 -0.000453398 -3.16662e-06 0.000127473 -0.000144852 -0.00025347 -9.83466e-05 9.68769e-05 -0.000139305 -0.000385668 -0.00022474 -0.000640968
internal_weight=577373 458621 447373 11248 276340 171033 118752 9584 100463 16528 83935 18289 11929 6360
internal_count=577373 458621 447373 11248 276340 171033 118752 9584 100463 16528 83935 18289 11929 6360
is_linear=0
shrinkage=0.01


Tree=204
num_leaves=15
num_cat=0
split_feature=2 1 1 6 3 1 2 4 3 4 0 2 6 6
split_gain=29.6478 18.863 16.051 20.2016 16.7369 7.02027 11.8654 12.7283 11.6014 6.26368 5.64369 4.9378 6.1138 4.6415
threshold=-1.4715092778205869 -2.2237859964370723 0.68791750073432933 0.065488986670970931 1.2348897457122805 -2.0432429313659664 -1.7893295884132383 -1.6634913086891172 -0.61298078298568714 -1.7232012152671812 -0.21792905777692792 -0.93883129954338063 -0.030314832925796505 -0.58773475885391224
decision_type=2 2 2 2 2 2 2 2 2 2 2 2 2 2
left_child=5 11 4 -4 -3 6 13 -8 10 -10 -7 12 -2 -1
right_child=1 2 3 -5 -6 8 7 -9 9 -11 -12 -13 -14 -15
leaf_value=0 -0.00059401444137520648 2.5557824735807343e-05 -0.00028391011352641392 0.00064065608271868409 -0.00042365833366238498 -0.00066106905098224113 0.0010369388409083894 0 -0.00065069599528189137 -7.3223387414372013e-05 -0.00021472997200718382 -0.001024201779440444 0.00011059914235501705 -0.00056831887506147353
leaf_weight=3557 2210 498101 2762 8552 8198 9926 1417 5655 2060 21569 6579 1669 1636 3482
leaf_count=3557 2210 498101 2762 8552 8198 9926 1417 5655 2060 21569 6579 1669 1636 3482
internal_value=-2.88066e-06 1.98746e-05 2.65418e-05 0.000396568 1.77248e-05 -0.000225268 -1.75051e-05 0.000253098 -0.00029291 -0.000137 -0.000499829 -0.000549912 -0.000254205 -0.000316487
internal_weight=577373 523128 517613 11314 506299 54245 14111 7072 40134 23629 16505 5515 3846 7039
internal_count=577373 523128 517613 11314 506299 54245 14111 7072 40134 23629 16505 5515 3846 7039
is_linear=0
shrinkage=0.01


Tree=205
num_leaves=15
num_cat=0
split_feature=4 3 0 6 1 3 4 2 4 1 2 2 9 1
split_gain=29.3461 26.3539 14.9689 12.1674 18.9186 12.0164 11.8286 13.3461 10.4125 10.3715 9.73318 8.24157 7.61485 6.07095
threshold=-0.43148007988929743 0.63436561822891246 -0.21792905777692792 0.070266135036945357 0.64819130301475536 -0.46549753844738001 1.5633385777473452 1.0699092745780947 0.59454941749572765 0.7324180305004121 0.94379776716232311 -1.8768151998519895 1.0000000180025095e-35 -1.182372987270355
decision_type=2 2 2 2 2 2 2 2 2 2 2 2 2 2
left_child=2 3 11 5 -5 -2 8 -8 -3 10 -4 13 -13 -1
right_child=1 6 9 4 -6 -7 7 -9 -10 -11 -12 12 -14 -15
leaf_value=-0.00030303242810160609 -0.00032701504632217944 -0.00019713521828704312 -2.5024469242140857e-05 0.00011642948000792438 0.0005863202067299901 3.9843205594145832e-05 -2.6300374646532482e-05 -0.0012887480020577192 2.2691224451318686e-05 0.00079651309303416153 -0.00038154648781250916 -0.0001072669934641411 -0.00037635344678100261 -0.0011095087201364181
leaf_weight=4731 10042 36915 131207 193435 9059 68240 2252 1580 48030 1249 8102 45534 15312 1685
leaf_count=4731 10042 36915 131207 193435 9059 68240 2252 1580 48030 1249 8102 45534 15312 1685
internal_value=-2.87558e-06 5.02238e-05 -9.82178e-05 9.80551e-05 0.000138996 -5.38237e-06 -9.86855e-05 -0.000634539 -7.07296e-05 -3.76664e-05 -4.77101e-05 -0.000221301 -0.00017927 -0.0005722
internal_weight=577373 369553 207820 280776 202494 78282 88777 3832 84945 140558 139309 67262 60846 6416
internal_count=577373 369553 207820 280776 202494 78282 88777 3832 84945 140558 139309 67262 60846 6416
is_linear=0
shrinkage=0.01


Tree=206
num_leaves=14
num_cat=0
split_feature=3 3 1 2 9 9 3 1 6 6 4 6 1
split_gain=28.91 26.9469 17.5651 16.2388 12.5542 12.154 12.0416 9.81047 8.86666 12.7001 8.83486 3.80744 0.00642474
threshold=-0.41730317473411555 1.2348897457122805 0.39034630358219152 1.4569476246833803 0.074721019715070738 0.11320309713482858 -4.2125575542449942 0.3566183745861054 0.041451960802078254 -0.41742667555809015 -1.3186017870903013 -1.0772026181221006 -0.94345262646675099
decision_type=2 2 2 2 2 2 2 2 2 2 2 2 2
left_child=6 2 4 7 -2 -4 11 -3 9 -8 -10 12 -1
right_child=1 3 5 -5 -6 -7 8 -9 10 -11 -12 -13 -14
leaf_value=-0.00025307107106592431 -7.7977423452079461e-05 -0.0004081940375084818 0.00021292314250456653 -0.0013480732283263934 5.7273204408569971e-05 4.0787824962107498e-05 0 0.00035499574667000099 -0.00027430254425059108 -0.00032361040748119213 2.7473924232050565e-05 -0.00093269467666631605 0
leaf_weight=1025 124942 7965 82417 1600 151398 88616 19645 1683 11772 35386 47369 2428 1127
leaf_count=1025 124942 7965 82417 1600 151398 88616 19645 1683 11772 35386 47369 2428 1127
internal_value=-2.86961e-06 3.27948e-05 4.54405e-05 -0.000444705 -3.1668e-06 0.000125056 -0.000142111 -0.000250249 -0.000119133 -0.000210903 -2.99463e-05 -0.000644126 -0.000181889
internal_weight=577373 458621 447373 11248 276340 171033 118752 9648 114172 55031 59141 4580 2152
internal_count=577373 458621 447373 11248 276340 171033 118752 9648 114172 55031 59141 4580 2152
is_linear=0
shrinkage=0.01


Tree=207
num_leaves=15
num_cat=0
split_feature=2 1 4 4 9 2 6 9 6 2 1 3 9 0
split_gain=28.504 20.4251 18.7386 15.0621 14.092 12.5077 10.3025 9.55293 5.46272 5.25727 7.20237 5.96305 3.61651 8.6086
threshold=-0.57207393646240223 -0.14742351323366162 1.5270777344703677 0.26756148040294653 0.54768911004066478 -1.846064507961273 0.20159309357404712 0.48125684261322027 0.22280573844909671 -0.069855798035860048 -0.85031554102897633 0.89468950033187877 -2.0428720712661739 -1.4692081212997434
decision_type=2 2 2 2 2 2 2 2 2 2 2 2 2 2
left_child=5 9 3 -3 -4 12 7 -7 -8 11 -11 -2 -1 -14
right_child=1 2 4 -5 -6 6 8 -9 -10 10 -12 -13 13 -15
leaf_value=-0.00091607015678205289 0 5.9241977376148262e-06 -0.00015343361560592005 0.00013817354178474159 -0.0011756005388096221 -0.0001391041713251702 0.00039366474738244652 0.00025079995927722277 1.4335359929210328e-05 -0.00086839267969100525 -0.0002173575427118254 -0.00060791740738097848 0.00010684686103225152 -0.00046220401447154231
leaf_weight=1487 12655 160669 12258 194007 1470 130446 4473 6073 27752 2441 10085 1598 2920 9039
leaf_count=1487 12655 160669 12258 194007 1470 130446 4473 6073 27752 2441 10085 1598 2920 9039
internal_value=-2.85883e-06 4.4491e-05 6.43307e-05 7.8865e-05 -0.000292557 -0.000106597 -8.14461e-05 -0.000119955 7.52597e-05 -0.000219488 -0.000371597 -6.86784e-05 -0.000401755 -0.000307339
internal_weight=577373 395183 368404 354676 13728 182190 168744 136519 32225 26779 12526 14253 13446 11959
internal_count=577373 395183 368404 354676 13728 182190 168744 136519 32225 26779 12526 14253 13446 11959
is_linear=0
shrinkage=0.01


Tree=208
num_leaves=14
num_cat=0
split_feature=3 3 1 9 2 0 3 1 6 6 4 1 1
split_gain=28.1138 26.2843 17.136 19.5716 15.9395 13.7032 11.8131 9.59127 8.59701 12.5066 8.61645 3.81036 1.23263
threshold=-0.41730317473411555 1.2348897457122805 0.64819130301475536 0.088203161954879775 1.4569476246833803 0.27656099200248724 -4.2125575542449942 0.3566183745861054 0.041451960802078254 -0.41742667555809015 -0.37392306327819819 0.069833427667617812 -0.94345262646675099
decision_type=2 2 2 2 2 2 2 2 2 2 2 2 2
left_child=6 2 5 -4 7 -2 11 -3 9 -8 -10 12 -1
right_child=1 4 3 -5 -6 -7 8 -9 10 -11 -12 -13 -14
leaf_value=-0.00054003519151410732 -2.99031022522613e-05 -0.00040276937856451842 0.00076006654058951488 1.7570018102516149e-05 -0.0013343214942682406 8.2896835711277836e-05 0 0.00035146497202116203 -0.0001345173611991815 -0.00031958774420829826 0.00010743240671140774 -0.0011214941804917767 -8.7788952203469353e-06
leaf_weight=1400 190894 7965 6909 8263 1600 241307 19645 1683 34300 35386 24841 1374 1806
leaf_count=1400 190894 7965 6909 8263 1600 241307 19645 1683 34300 35386 24841 1374 1806
internal_value=-2.84454e-06 3.23204e-05 4.48147e-05 0.000374187 -0.000439254 3.26222e-05 -0.000140159 -0.000246426 -0.000117383 -0.000207758 -2.95013e-05 -0.000637426 -0.000317577
internal_weight=577373 458621 447373 15172 11248 432201 118752 9648 114172 55031 59141 4580 3206
internal_count=577373 458621 447373 15172 11248 432201 118752 9648 114172 55031 59141 4580 3206
is_linear=0
shrinkage=0.01


Tree=209
num_leaves=15
num_cat=0
split_feature=2 1 6 8 1 1 2 3 4 0 9 2 6 1
split_gain=27.8176 18.2404 15.4071 16.5623 16.0871 6.96009 11.6377 11.1314 6.11646 5.47906 5.16736 4.81527 5.98289 4.79122
threshold=-1.4715092778205869 -2.2237859964370723 0.14090479165315631 0.39649604260921484 0.61307218670845043 -2.0432429313659664 -1.6387761235237119 -0.61298078298568714 -1.7232012152671812 -0.21792905777692792 -0.015744370408356186 -0.93883129954338063 -0.030314832925796505 -3.4518711566925044
decision_type=2 2 2 2 2 2 2 2 2 2 2 2 2 2
left_child=5 11 3 -3 -4 6 10 9 -9 -7 -1 12 -2 -8
right_child=1 2 4 -5 -6 7 13 8 -10 -11 -12 -13 -14 -15
leaf_value=-1.9859607700534213e-05 -0.00058520069259317413 2.8044169404673295e-06 6.7880950932134841e-05 -0.00025593756458858029 0.00044034266053860009 -0.00064699945626478148 0 -0.00063988550644536891 -6.9521201900155598e-05 -0.00020714034215526728 -0.00053196418673741612 -0.0010095672248869223 0.0001115594186978227 0.0007943817693596832
leaf_weight=8045 2210 276328 202049 26828 12408 9926 1337 2060 21569 6579 2898 1669 1636 1831
leaf_count=8045 2210 276328 202049 26828 12408 9926 1337 2060 21569 6579 2898 1669 1636 1831
internal_value=-2.83369e-06 1.9197e-05 2.57597e-05 -1.95875e-05 9.07527e-05 -0.000218257 -1.17194e-05 -0.000285498 -0.000132593 -0.00048822 -0.000180541 -0.000541101 -0.00024852 0.000488139
internal_weight=577373 523128 517613 303156 214457 54245 14111 40134 23629 16505 10943 5515 3846 3168
internal_count=577373 523128 517613 303156 214457 54245 14111 40134 23629 16505 10943 5515 3846 3168
is_linear=0
shrinkage=0.01


Tree=210
num_leaves=16
num_cat=0
split_feature=3 1 4 0 1 3 1 6 1 2 4 1 2 6 2
split_gain=27.5172 27.1291 14.3904 15.063 14.4841 10.532 11.5415 10.8177 9.16144 7.99836 9.40912 6.76461 3.55104 3.97679 0.600959
threshold=-1.9160559177398679 0.13393108546733859 1.5270777344703677 0.56831178069114696 0.68791750073432933 1.0212584733963015 -1.5246364474296568 0.21031453460454944 0.23905038833618167 -1.4539549350738523 -1.6634913086891172 -2.0432429313659664 0.51297646760940563 -0.22828411310911176 0.92198780179023754
decision_type=2 2 2 2 2 2 2 2 2 2 2 2 2 2 2
left_child=8 5 4 -4 -3 7 -7 -2 9 11 -11 -1 13 -10 -14
right_child=1 2 3 -5 -6 6 -8 -9 12 10 -12 -13 14 -15 -16
leaf_value=0 -0.00010786097365018249 6.1376033844050531e-05 -7.1161443480539108e-05 -0.0009459351075726955 0.00043551485354985153 -0.0010177132670575102 -0.00018704076533458962 8.7561356399920288e-05 -3.1864142648841353e-05 -0.00044673441537548337 0.00022587212827193659 -0.0005705817988382563 0 -0.00093699069119951078 -0.00028323174920911158
leaf_weight=2381 135533 347114 10850 2414 10695 2248 8931 34512 1101 2796 6523 6253 1002 4000 1020
leaf_count=2381 135533 347114 10850 2414 10695 2248 8931 34512 1101 2796 6523 6253 1002 4000 1020
internal_value=-2.82404e-06 1.15885e-05 6.08789e-05 -0.000256908 7.33548e-05 -8.81917e-05 -0.00038661 -6.69674e-05 -0.000325751 -0.000185487 0 -0.000401548 -0.000637242 -0.00078793 -0.000130382
internal_weight=577373 552297 371073 13264 357809 181224 11179 170045 25076 17953 9319 8634 7123 5101 2022
internal_count=577373 552297 371073 13264 357809 181224 11179 170045 25076 17953 9319 8634 7123 5101 2022
is_linear=0
shrinkage=0.01


Tree=211
num_leaves=14
num_cat=0
split_feature=3 3 1 9 2 0 3 8 6 6 4 1 1
split_gain=27.1126 25.4774 16.6012 17.9714 15.7194 12.5541 11.4738 10.2535 8.23643 12.3645 8.42373 3.77692 1.23162
threshold=-0.41730317473411555 1.2348897457122805 0.53977954387664806 0.09228000789880754 1.4438790082931521 0.27656099200248724 -4.2125575542449942 -0.32365813851356501 0.041451960802078254 -0.41742667555809015 -1.3186017870903013 0.069833427667617812 -0.94345262646675099
decision_type=2 2 2 2 2 2 2 2 2 2 2 2 2
left_child=6 2 5 -4 7 -2 11 -3 9 -8 -10 12 -1
right_child=1 4 3 -5 -6 -7 8 -9 10 -11 -12 -13 -14
leaf_value=-0.00053071206095701203 -3.8441243974343969e-05 -0.00093705265330032601 0.00042353724006305004 4.0001485459918655e-05 -0.001302395569284873 7.4078440063897843e-05 0 -5.7118573916140365e-05 -0.00026773855091539724 -0.00031485253704106804 2.6888749260103431e-05 -0.0011085891118332309 -3.5069476983000193e-06
leaf_weight=1400 183605 1566 22638 29174 1664 211956 19645 8018 11772 35386 47369 1374 1806
leaf_count=1400 183605 1566 22638 29174 1664 211956 19645 8018 11772 35386 47369 1374 1806
internal_value=-2.82293e-06 3.17037e-05 4.40112e-05 0.000212408 -0.000432556 2.13525e-05 -0.000137676 -0.000237555 -0.0001152 -0.000203679 -2.90911e-05 -0.000627844 -0.000310092
internal_weight=577373 458621 447373 51812 11248 395561 118752 9584 114172 55031 59141 4580 3206
internal_count=577373 458621 447373 51812 11248 395561 118752 9584 114172 55031 59141 4580 3206
is_linear=0
shrinkage=0.01


Tree=212
num_leaves=15
num_cat=0
split_feature=2 1 6 8 1 1 2 3 1 0 9 2 6 1
split_gain=26.7057 17.7415 14.8617 16.3426 15.5085 6.83339 11.404 10.7015 6.12143 5.34934 5.07509 4.70854 5.86599 4.70104
threshold=-1.4715092778205869 -2.2237859964370723 0.14090479165315631 0.39649604260921484 0.61307218670845043 -2.0432429313659664 -1.6387761235237119 -0.61298078298568714 0.1568311005830765 -0.21792905777692792 -0.028451657854020592 -0.93883129954338063 -0.030314832925796505 -3.4518711566925044
decision_type=2 2 2 2 2 2 2 2 2 2 2 2 2 2
left_child=5 11 3 -3 -4 6 10 9 -9 -7 -1 12 -2 -8
right_child=1 2 4 -5 -6 7 13 8 -10 -11 -12 -13 -14 -15
leaf_value=-9.2639151777925025e-06 -0.00057772309104916814 2.9436136732976084e-06 6.6591314882562773e-05 -0.00025407729797054647 0.00043236466536004535 -0.00063619750381389481 0 -6.1155692625555766e-05 -0.00058442622771017925 -0.00020145340258987031 -0.00050434982126296439 -0.00099722918541547668 0.0001118583840656364 0.00078893643655831831
leaf_weight=7784 2210 276328 202049 26828 12408 9926 1337 21085 2544 6579 3159 1669 1636 1831
leaf_count=7784 2210 276328 202049 26828 12408 9926 1337 21085 2544 6579 3159 1669 1636 1831
internal_value=-2.82317e-06 1.87556e-05 2.52332e-05 -1.92949e-05 8.9069e-05 -0.000213902 -9.27574e-06 -0.000280487 -0.000130319 -0.000479365 -0.00017662 -0.000533817 -0.00024393 0.000485549
internal_weight=577373 523128 517613 303156 214457 54245 14111 40134 23629 16505 10943 5515 3846 3168
internal_count=577373 523128 517613 303156 214457 54245 14111 40134 23629 16505 10943 5515 3846 3168
is_linear=0
shrinkage=0.01


Tree=213
num_leaves=16
num_cat=0
split_feature=3 1 4 0 1 3 1 9 1 2 4 1 2 6 2
split_gain=26.4681 26.1049 14.1122 14.7419 13.9678 10.2332 11.2101 10.5958 9.0696 7.72024 9.60874 5.08213 3.46111 3.90636 0.590825
threshold=-1.9160559177398679 0.13393108546733859 1.5270777344703677 0.56831178069114696 0.68791750073432933 1.0212584733963015 -1.5246364474296568 0.11105367168784143 0.23905038833618167 -1.2983934879302976 -1.6634913086891172 -2.0432429313659664 0.51297646760940563 -0.22828411310911176 0.92198780179023754
decision_type=2 2 2 2 2 2 2 2 2 2 2 2 2 2 2
left_child=8 5 4 -4 -3 7 -7 -2 9 11 -11 -1 13 -10 -14
right_child=1 2 3 -5 -6 6 -8 -9 12 10 -12 -13 14 -15 -16
leaf_value=0 -0.00010797858945766882 6.025737293364355e-05 -7.1019896201771478e-05 -0.00093681359965065258 0.00042773419690560747 -0.0010029498707587539 -0.00018368444830767116 8.02938948551042e-05 -2.8240807750137048e-05 -0.0004914312916837303 0.00027547361236100873 -0.00047975033173759001 0 -0.00092564028627848966 -0.00027926033383548322
leaf_weight=2493 132886 347114 10850 2414 10695 2248 8931 37159 1101 2012 5580 7868 1002 4000 1020
leaf_count=2493 132886 347114 10850 2414 10695 2248 8931 37159 1101 2012 5580 7868 1002 4000 1020
internal_value=-2.81315e-06 1.13152e-05 5.96725e-05 -0.000255021 7.20328e-05 -8.65552e-05 -0.00038074 -6.56157e-05 -0.000319529 -0.000180076 3.91673e-05 -0.000357362 -0.000629182 -0.000778048 -0.000127393
internal_weight=577373 552297 371073 13264 357809 181224 11179 170045 25076 17953 7592 10361 7123 5101 2022
internal_count=577373 552297 371073 13264 357809 181224 11179 170045 25076 17953 7592 10361 7123 5101 2022
is_linear=0
shrinkage=0.01


Tree=214
num_leaves=15
num_cat=0
split_feature=4 3 0 0 2 3 1 2 4 3 2 8 9 1
split_gain=26.1951 25.319 13.5903 11.3516 11.2419 27.7174 9.89034 9.51578 9.01654 8.75553 7.74331 7.62104 7.57273 5.93064
threshold=-0.43148007988929743 0.63436561822891246 -0.21792905777692792 0.27656099200248724 1.5242618322372439 0.84594240784645092 0.7324180305004121 0.94379776716232311 0.59454941749572765 -0.1683462858200073 -1.8768151998519895 0.14705932885408404 1.0000000180025095e-35 -1.182372987270355
decision_type=2 2 2 2 2 2 2 2 2 2 2 2 2 2
left_child=2 3 10 11 8 -6 7 -4 -3 -5 13 -2 -12 -1
right_child=1 4 6 9 5 -7 -8 -9 -10 -11 12 -13 -14 -15
leaf_value=-0.0002852825332151497 7.2211352494255793e-05 -0.00019593170829649328 -2.2546652321691164e-05 -8.1446091529404328e-06 0.00018087855721324406 -0.0018229187391197333 0.00077954131599428588 -0.00037493538284812306 6.5642567457305177e-06 0.00018150342692714616 -9.7763379063381032e-05 -0.00010103305672393323 -0.00036542715703756761 -0.0010792623087788489
leaf_weight=4731 82154 36730 131207 27222 1107 1064 1249 8102 49876 135397 45534 36003 15312 1685
leaf_count=4731 82154 36730 131207 27222 1107 1064 1249 8102 49876 135397 45534 36003 15312 1685
internal_value=-2.81235e-06 4.73353e-05 -9.29079e-05 9.42329e-05 -9.86188e-05 -0.000787752 -3.51379e-05 -4.49828e-05 -7.72648e-05 0.000148557 -0.000210204 1.76516e-05 -0.000169374 -0.000550353
internal_weight=577373 369553 207820 280776 88777 2171 140558 139309 86606 162619 67262 118157 60846 6416
internal_count=577373 369553 207820 280776 88777 2171 140558 139309 86606 162619 67262 118157 60846 6416
is_linear=0
shrinkage=0.01


Tree=215
num_leaves=14
num_cat=0
split_feature=3 3 1 2 6 9 3 8 6 6 4 6 1
split_gain=25.8532 24.5383 15.8986 15.2869 11.6593 11.5966 11.1174 9.99239 7.86627 12.2583 8.1591 3.80721 0.0410919
threshold=-0.41730317473411555 1.2348897457122805 0.39034630358219152 1.4438790082931521 0.11999846622347833 0.074721019715070738 -4.2125575542449942 -0.32365813851356501 0.041451960802078254 -0.41742667555809015 -0.37392306327819819 -1.0772026181221006 -0.94345262646675099
decision_type=2 2 2 2 2 2 2 2 2 2 2 2 2
left_child=6 2 5 7 -4 -2 11 -3 9 -8 -10 12 -1
right_child=1 3 4 -5 -6 -7 8 -9 10 -11 -12 -13 -14
leaf_value=-0.00023012570225091993 -7.5151270911906406e-05 -0.00092244142977075726 1.7475291429127437e-05 -0.0012825894215975611 0.00018839003463911414 5.4830997653718747e-05 0 -5.3809948158061707e-05 -0.00013038860535607104 -0.00030951731310786557 0.00010503585699376488 -0.00090237450856900435 0
leaf_weight=1025 124942 1566 70978 1664 100055 151398 19645 8018 34300 35386 24841 2428 1127
leaf_count=1025 124942 1566 70978 1664 100055 151398 19645 8018 34300 35386 24841 2428 1127
internal_value=-2.80892e-06 3.08979e-05 4.29842e-05 -0.000424702 0.000118732 -3.2267e-06 -0.000134499 -0.000232138 -0.000112348 -0.000198824 -2.81122e-05 -0.000617047 -0.000160733
internal_weight=577373 458621 447373 11248 171033 276340 118752 9584 114172 55031 59141 4580 2152
internal_count=577373 458621 447373 11248 171033 276340 118752 9584 114172 55031 59141 4580 2152
is_linear=0
shrinkage=0.01


Tree=216
num_leaves=16
num_cat=0
split_feature=3 1 4 0 1 3 1 6 1 2 4 1 2 6 2
split_gain=25.4695 24.986 13.8351 14.3746 13.6033 9.9012 10.9488 10.4614 8.94552 7.54525 9.06659 6.42873 3.39045 3.82426 0.577993
threshold=-1.9160559177398679 0.13393108546733859 1.5270777344703677 0.56831178069114696 0.68791750073432933 1.0212584733963015 -1.5246364474296568 0.21031453460454944 0.23905038833618167 -1.4539549350738523 -1.6634913086891172 -2.0432429313659664 0.51297646760940563 -0.22828411310911176 0.92198780179023754
decision_type=2 2 2 2 2 2 2 2 2 2 2 2 2 2 2
left_child=8 5 4 -4 -3 7 -7 -2 9 11 -11 -1 13 -10 -14
right_child=1 2 3 -5 -6 6 -8 -9 12 10 -12 -13 14 -15 -16
leaf_value=0 -0.00010431485018879772 5.8980340224963112e-05 -7.1225529796880042e-05 -0.00092667921078889179 0.00042165209050213157 -0.00098896985814040782 -0.00017915590661325952 8.7883307035032732e-05 -2.5117345921857013e-05 -0.00043306617708258125 0.00022647756729656719 -0.0005502135982873845 0 -0.00091406058660390311 -0.00027418234174666529
leaf_weight=2381 135533 347114 10850 2414 10695 2248 8931 34512 1101 2796 6523 6253 1002 4000 1020
leaf_count=2381 135533 347114 10850 2414 10695 2248 8931 34512 1101 2796 6523 6253 1002 4000 1020
internal_value=-2.80457e-06 1.1048e-05 5.83646e-05 -0.000253222 7.06088e-05 -8.46924e-05 -0.000374099 -6.40745e-05 -0.000313492 -0.000175044 2.64129e-06 -0.000385185 -0.000620818 -0.000768106 -0.000123545
internal_weight=577373 552297 371073 13264 357809 181224 11179 170045 25076 17953 9319 8634 7123 5101 2022
internal_count=577373 552297 371073 13264 357809 181224 11179 170045 25076 17953 9319 8634 7123 5101 2022
is_linear=0
shrinkage=0.01


Tree=217
num_leaves=14
num_cat=0
split_feature=3 3 1 9 2 0 3 1 2 6 8 1 1
split_gain=25.1341 23.8853 15.5692 17.5108 15.0274 11.6826 10.8363 9.08577 7.6742 9.9479 6.37803 3.77243 1.28301
threshold=-0.41730317473411555 1.2348897457122805 0.53977954387664806 0.09228000789880754 1.4569476246833803 0.27656099200248724 -4.2125575542449942 0.3566183745861054 -1.1986240744590757 -0.49440857768058771 0.36729501187801367 0.069833427667617812 -0.94345262646675099
decision_type=2 2 2 2 2 2 2 2 2 2 2 2 2
left_child=6 2 5 -4 7 -2 11 -3 9 -8 -10 12 -1
right_child=1 4 3 -5 -6 -7 8 -9 10 -11 -12 -13 -14
leaf_value=-0.00051447131041459221 -3.7261056960179948e-05 -0.0003842766985395725 0.00041375948596701054 3.5271235530012067e-05 -0.0012878957533225832 7.1273019474449024e-05 0 0.00034972450123190785 -2.5319949911893318e-05 -0.00034686808581043527 -0.00039758571296310354 -0.0010858472176854708 0
leaf_weight=1400 183605 7965 22638 29174 1600 211956 11310 1683 73641 24342 4879 1374 1806
leaf_count=1400 183605 7965 22638 29174 1600 211956 11310 1683 73641 24342 4879 1374 1806
internal_value=-2.80296e-06 3.04267e-05 4.23567e-05 0.000205443 -0.000419051 2.03967e-05 -0.000132653 -0.000231426 -0.000110757 -0.000233698 -5.19434e-05 -0.000609168 -0.000294393
internal_weight=577373 458621 447373 51812 11248 395561 118752 9648 114172 35652 78520 4580 3206
internal_count=577373 458621 447373 51812 11248 395561 118752 9648 114172 35652 78520 4580 3206
is_linear=0
shrinkage=0.01


Tree=218
num_leaves=15
num_cat=0
split_feature=3 1 4 0 1 3 1 6 1 2 4 6 1 2
split_gain=24.7399 23.3721 13.5096 14.0364 13.1316 9.67363 10.7366 9.99522 6.50618 8.44599 8.88482 4.53804 4.15471 2.02636
threshold=-2.0281132459640498 0.13393108546733859 1.5270777344703677 0.56831178069114696 0.67243948578834545 1.0212584733963015 -1.5246364474296568 0.21031453460454944 0.23905038833618167 -1.4539549350738523 -1.6634913086891172 -0.22828411310911176 -2.0432429313659664 0.51297646760940563
decision_type=2 2 2 2 2 2 2 2 2 2 2 2 2 2
left_child=8 5 4 -4 -3 7 -7 -2 9 12 -11 -10 -1 -13
right_child=1 2 3 -5 -6 6 -8 -9 11 10 -12 13 -14 -15
leaf_value=0 -0.00010093273897049932 5.5545029391980295e-05 -7.1900061666468047e-05 -0.00091762289948656443 0.00038105891498291136 -0.00097687638077022828 -0.0001749221584072138 8.642096763822656e-05 0 -0.00043376802306434255 0.00024042891128346123 -0.00090047786953089239 -0.0005627215197346135 -0.00017827945306975732
leaf_weight=2222 136585 345874 10868 2414 12938 2248 8931 34671 1321 2668 5835 3526 5848 1424
leaf_count=2222 136585 345874 10868 2414 12938 2248 8931 34671 1321 2668 5835 3526 5848 1424
internal_value=-2.79721e-06 1.01914e-05 5.59627e-05 -0.000251777 6.80452e-05 -8.20276e-05 -0.0003681 -6.17797e-05 -0.000324122 -0.000197623 7.97632e-07 -0.000611086 -0.000425838 -0.000746545
internal_weight=577373 554529 372094 13282 358812 182435 11179 171256 22844 16573 8503 6271 8070 4950
internal_count=577373 554529 372094 13282 358812 182435 11179 171256 22844 16573 8503 6271 8070 4950
is_linear=0
shrinkage=0.01


Tree=219
num_leaves=16
num_cat=0
split_feature=4 3 2 6 1 3 2 3 6 3 4 9 6 9 3
split_gain=24.4866 24.5038 12.8612 10.8685 16.7887 11.0078 10.7914 26.865 9.71011 9.64508 8.83875 6.36522 4.24682 6.35435 3.9011
threshold=-0.43148007988929743 0.63436561822891246 -1.7893295884132383 0.070266135036945357 0.64819130301475536 -0.46549753844738001 1.5242618322372439 0.84594240784645092 0.25889272987842565 -0.17910452187061307 0.59454941749572765 0.064733769744634642 -1.2200593948364256 0.06331463530659677 -2.9027111530303951
decision_type=2 2 2 2 2 2 2 2 2 2 2 2 2 2 2
left_child=2 3 12 5 -5 -2 10 -8 9 -4 -3 -10 14 -14 -1
right_child=1 6 8 4 -6 -7 7 -9 11 -11 -12 -13 13 -15 -16
leaf_value=-0.00050986823716500239 -0.00031371070983596949 -0.00019440424450213438 -0.00016658634151056839 0.00010918965398506441 0.00055220008828726626 3.7349736362570208e-05 0.00017789303865619523 -0.0017929837983996825 -2.7434274078022188e-05 -1.4390072630034644e-05 6.0305594833639048e-06 0.00030870893333003439 -0.00061026486282464041 0 0.00015359784285208405
leaf_weight=1060 10042 36730 86310 193435 9059 68240 1107 1064 9961 86422 49876 10341 8309 2953 2464
leaf_count=1060 10042 36730 86310 193435 9059 68240 1107 1064 9961 86422 49876 10341 8309 2953 2464
internal_value=-2.79934e-06 4.56731e-05 -8.99173e-05 9.18191e-05 0.000130521 -5.82056e-06 -9.79038e-05 -0.00077344 -6.66681e-05 -9.17001e-05 -7.69228e-05 0.000135369 -0.000375153 -0.000470145 -8.92839e-06
internal_weight=577373 369553 207820 280776 202494 78282 88777 2171 193034 172732 86606 20302 14786 11262 3524
internal_count=577373 369553 207820 280776 202494 78282 88777 2171 193034 172732 86606 20302 14786 11262 3524
is_linear=0
shrinkage=0.01


Tree=220
num_leaves=15
num_cat=0
split_feature=2 1 6 8 1 1 2 3 1 0 9 1 2 6
split_gain=24.0462 16.8884 13.718 16.3321 14.3944 6.76039 11.0505 9.84119 6.19316 5.11189 5.02157 4.60554 4.59539 5.71878
threshold=-1.4715092778205869 -2.2237859964370723 0.14090479165315631 0.39649604260921484 0.61307218670845043 -2.0432429313659664 -1.6387761235237119 -0.61298078298568714 0.1568311005830765 -0.21792905777692792 -0.0098441834561526758 -3.4518711566925044 -0.93883129954338063 -0.030314832925796505
decision_type=2 2 2 2 2 2 2 2 2 2 2 2 2 2
left_child=5 12 3 -3 -4 6 10 9 -9 -7 -1 -8 13 -2
right_child=1 2 4 -5 -6 7 11 8 -10 -11 -12 -13 -14 -15
leaf_value=-1.1329152734328766e-05 -0.00056558673777830056 3.4767668550937365e-06 6.364767776726337e-05 -0.00025347834548435674 0.00041616241704215274 -0.00061308851355745245 0 -5.5331260413922633e-05 -0.00058042250111558764 -0.00018836429646416734 -0.00052050695309822427 0.00078785735776434472 -0.00097862397019470829 0.00011548940282775185
leaf_weight=8168 2210 276328 202049 26828 12408 9926 1337 21085 2544 6579 2775 1831 1669 1636
leaf_count=8168 2210 276328 202049 26828 12408 9926 1337 21085 2544 6579 2775 1831 1669 1636
internal_value=-2.78266e-06 1.76753e-05 2.40049e-05 -1.87555e-05 8.53439e-05 -0.000203089 -1.20049e-07 -0.000269139 -0.000124655 -0.000460045 -0.000165423 0.000487409 -0.000521448 -0.000235053
internal_weight=577373 523128 517613 303156 214457 54245 14111 40134 23629 16505 10943 3168 5515 3846
internal_count=577373 523128 517613 303156 214457 54245 14111 40134 23629 16505 10943 3168 5515 3846
is_linear=0
shrinkage=0.01


Tree=221
num_leaves=16
num_cat=0
split_feature=3 1 4 0 2 3 1 9 1 2 4 0 2 6 2
split_gain=23.8434 23.3052 13.3084 13.7454 12.8664 9.37685 10.4685 10.0757 8.80778 7.09165 4.58683 3.45085 3.23886 3.68134 0.566497
threshold=-1.9160559177398679 0.13393108546733859 1.5270777344703677 0.56831178069114696 -1.4715092778205869 1.0212584733963015 -1.5246364474296568 0.11105367168784143 0.23905038833618167 -1.7893295884132383 -1.8689820766448972 -1.4692081212997434 0.51297646760940563 -0.22828411310911176 0.92198780179023754
decision_type=2 2 2 2 2 2 2 2 2 2 2 2 2 2 2
left_child=8 5 4 -4 -3 7 -7 -2 9 11 -11 -1 13 -10 -14
right_child=1 2 3 -5 -6 6 -8 -9 12 10 -12 -13 14 -15 -16
leaf_value=-8.4411055052889482e-05 -0.00010307662927503543 -0.00047717985099225349 -7.0778942248382745e-05 -0.00090810208600337775 7.5309414728391976e-05 -0.00096488931208553235 -0.00017244127924292746 8.0535098985287591e-05 -2.0625469036619368e-05 -0.00056547634225410687 2.5546638513234727e-06 -0.00083377606920086416 0 -0.00089519382657808817 -0.00026886551903148535
leaf_weight=1879 132886 3977 10850 2414 353832 2248 8931 37159 1101 1320 12777 1977 1002 4000 1020
leaf_count=1879 132886 3977 10850 2414 353832 2248 8931 37159 1101 1320 12777 1977 1002 4000 1020
internal_value=-2.77274e-06 1.06189e-05 5.63275e-05 -0.000249249 6.83468e-05 -8.18302e-05 -0.00036353 -6.17307e-05 -0.000303386 -0.000166198 -4.38114e-05 -0.000540094 -0.000607864 -0.000752056 -0.000119145
internal_weight=577373 552297 371073 13264 357809 181224 11179 170045 25076 17953 14097 3856 7123 5101 2022
internal_count=577373 552297 371073 13264 357809 181224 11179 170045 25076 17953 14097 3856 7123 5101 2022
is_linear=0
shrinkage=0.01


Tree=222
num_leaves=15
num_cat=0
split_feature=4 3 0 0 4 0 4 1 2 3 8 2 9 4
split_gain=23.5998 23.9113 12.4312 10.5977 10.5662 12.7894 9.7315 9.49899 9.33833 8.38252 7.68282 7.26777 7.52493 5.92362
threshold=-0.43148007988929743 0.63436561822891246 -0.21792905777692792 0.27656099200248724 1.5633385777473452 0.38099333643913275 0.59454941749572765 0.7324180305004121 0.94379776716232311 -0.1683462858200073 0.14705932885408404 -1.8768151998519895 1.0000000180025095e-35 -1.9204999208450315
decision_type=2 2 2 2 2 2 2 2 2 2 2 2 2 2
left_child=2 3 11 10 6 -6 -3 8 -4 -5 -2 13 -13 -1
right_child=1 4 7 9 5 -7 -8 -9 -10 -11 -12 12 -14 -15
leaf_value=0 7.1127692230960119e-05 -0.00019260399141383917 -2.0450509707287739e-05 -1.038860623369049e-05 0 -0.001100583943817334 1.972082983693283e-05 0.00076548171692027785 -0.00036942388197804259 0.00017512728295059613 -0.00010288351448552756 -8.9633416554154099e-05 -0.00035588464887970214 -0.00067871501718436275
leaf_weight=1293 82154 36915 131207 27222 1761 2071 48030 1249 8102 135397 36003 45534 15312 5123
leaf_count=1293 82154 36915 131207 27222 1761 2071 48030 1249 8102 135397 36003 45534 15312 5123
internal_value=-2.78965e-06 4.47903e-05 -8.83211e-05 9.03807e-05 -9.70305e-05 -0.000604196 -7.0437e-05 -3.30007e-05 -4.26804e-05 0.000142869 1.63316e-05 -0.00020052 -0.000160859 -0.00053018
internal_weight=577373 369553 207820 280776 88777 3832 84945 140558 139309 162619 118157 67262 60846 6416
internal_count=577373 369553 207820 280776 88777 3832 84945 140558 139309 162619 118157 67262 60846 6416
is_linear=0
shrinkage=0.01


Tree=223
num_leaves=14
num_cat=0
split_feature=3 3 1 9 2 0 3 8 6 6 4 6 1
split_gain=23.3398 22.5686 14.6581 17.0424 14.6271 10.9986 10.3912 9.60941 7.22596 12.094 7.65227 3.79385 0.0650998
threshold=-0.41730317473411555 1.2348897457122805 0.53977954387664806 0.09228000789880754 1.4438790082931521 0.27656099200248724 -4.2125575542449942 -0.32365813851356501 0.041451960802078254 -0.41742667555809015 -1.3186017870903013 -1.0772026181221006 -0.94345262646675099
decision_type=2 2 2 2 2 2 2 2 2 2 2 2 2
left_child=6 2 5 -4 7 -2 11 -3 9 -8 -10 12 -1
right_child=1 4 3 -5 -6 -7 8 -9 10 -11 -12 -13 -14
leaf_value=-0.00021181059271163706 -3.6411642127915179e-05 -0.00089498138669846599 0.00040452267973620264 3.1198597700340097e-05 -0.001246344599217804 6.8890594120480866e-05 0 -4.4180278122070879e-05 -0.00025323690512096846 -0.00029935866211051372 2.7622647126511564e-05 -0.00087685750217307752 0
leaf_weight=1025 183605 1566 22638 29174 1664 211956 19645 8018 11772 35386 47369 2428 1127
leaf_count=1025 183605 1566 22638 29174 1664 211956 19645 8018 11772 35386 47369 2428 1127
internal_value=-2.77923e-06 2.92293e-05 4.08376e-05 0.000199087 -0.000407652 1.95141e-05 -0.000127919 -0.000219093 -0.000106445 -0.000189323 -2.55771e-05 -0.000594549 -0.000143522
internal_weight=577373 458621 447373 51812 11248 395561 118752 9584 114172 55031 59141 4580 2152
internal_count=577373 458621 447373 51812 11248 395561 118752 9584 114172 55031 59141 4580 2152
is_linear=0
shrinkage=0.01


Tree=224
num_leaves=15
num_cat=0
split_feature=3 1 4 0 2 3 1 6 1 2 4 6 1 2
split_gain=22.9971 21.5616 12.9101 13.3484 12.4704 9.16218 10.2156 9.58812 6.39767 7.99617 8.6855 4.4001 4.03538 1.89011
threshold=-2.0281132459640498 0.13393108546733859 1.5270777344703677 0.56831178069114696 -1.4715092778205869 1.0212584733963015 -1.5246364474296568 0.21031453460454944 0.23905038833618167 -1.4539549350738523 -1.6634913086891172 -0.22828411310911176 -2.0432429313659664 0.51297646760940563
decision_type=2 2 2 2 2 2 2 2 2 2 2 2 2 2
left_child=8 5 4 -4 -3 7 -7 -2 9 12 -11 -10 -1 -13
right_child=1 2 3 -5 -6 6 -8 -9 11 10 -12 13 -14 -15
leaf_value=0 -9.7455267684735565e-05 -0.00046905737095174468 -7.1128220436256014e-05 -0.00089672931899297372 7.2413274897935388e-05 -0.00095129856681036519 -0.00016826875536619855 8.6046263397528393e-05 0 -0.00042383104940642394 0.00024205651166158256 -0.0008795950214681885 -0.00054432918352056482 -0.00017279887345623512
leaf_weight=2222 136585 4016 10868 2414 354796 2248 8931 34671 1321 2668 5835 3526 5848 1424
leaf_count=2222 136585 4016 10868 2414 354796 2248 8931 34671 1321 2668 5835 3526 5848 1424
internal_value=-2.77131e-06 9.73888e-06 5.37145e-05 -0.000247092 6.55379e-05 -7.88192e-05 -0.000357258 -5.90816e-05 -0.000312579 -0.000187403 5.20092e-06 -0.00059647 -0.000409744 -0.000729708
internal_weight=577373 554529 372094 13282 358812 182435 11179 171256 22844 16573 8503 6271 8070 4950
internal_count=577373 554529 372094 13282 358812 182435 11179 171256 22844 16573 8503 6271 8070 4950
is_linear=0
shrinkage=0.01


Tree=225
num_leaves=14
num_cat=0
split_feature=3 3 2 1 9 0 3 8 6 6 4 1 6
split_gain=22.6862 21.9604 14.363 14.3161 16.6955 10.6977 10.1288 9.37784 7.00186 11.8911 7.51767 3.80204 1.59812
threshold=-0.41730317473411555 1.2348897457122805 1.4438790082931521 0.53977954387664806 0.09228000789880754 0.27656099200248724 -4.2125575542449942 -0.32365813851356501 0.041451960802078254 -0.41742667555809015 -0.37392306327819819 0.15127339959144595 -1.0772026181221006
decision_type=2 2 2 2 2 2 2 2 2 2 2 2 2
left_child=6 3 7 5 -5 -2 11 -3 9 -8 -10 12 -1
right_child=1 2 -4 4 -6 -7 8 -9 10 -11 -12 -13 -14
leaf_value=-1.5162404839461944e-06 -3.6000095330777012e-05 -0.00088276151614435049 -0.0012332290123866834 0.00039995076677415214 3.038479192828752e-05 6.7848348014907912e-05 9.6583000160943789e-07 -4.2139574339896413e-05 -0.00012359155825428244 -0.00029566083589037916 0.00010241741096819893 -0.0011329930970469463 -0.00054740223640474452
leaf_weight=1997 183605 1566 1664 22638 29174 211956 19645 8018 34300 35386 24841 1114 1469
leaf_count=1997 183605 1566 1664 22638 29174 211956 19645 8018 34300 35386 24841 1114 1469
internal_value=-2.7826e-06 2.87695e-05 -0.000402166 4.02259e-05 0.00019662 1.91465e-05 -0.000126162 -0.000215174 -0.000104934 -0.00018653 -2.52654e-05 -0.000586966 -0.000304677
internal_weight=577373 458621 11248 447373 51812 395561 118752 9584 114172 55031 59141 4580 3466
internal_count=577373 458621 11248 447373 51812 395561 118752 9584 114172 55031 59141 4580 3466
is_linear=0
shrinkage=0.01


Tree=226
num_leaves=15
num_cat=0
split_feature=3 1 4 0 1 3 1 9 1 2 4 6 1 2
split_gain=22.3253 20.884 12.6638 13.0684 12.2805 8.91027 9.97395 9.50116 6.24693 7.85735 8.53333 4.33857 3.94089 1.82908
threshold=-2.0281132459640498 0.13393108546733859 1.5270777344703677 0.56831178069114696 0.67243948578834545 1.0212584733963015 -1.5246364474296568 0.11105367168784143 0.23905038833618167 -1.4539549350738523 -1.6634913086891172 -0.22828411310911176 -2.0432429313659664 0.51297646760940563
decision_type=2 2 2 2 2 2 2 2 2 2 2 2 2 2
left_child=8 5 4 -4 -3 7 -7 -2 9 12 -11 -10 -1 -13
right_child=1 2 3 -5 -6 6 -8 -9 11 10 -12 13 -14 -15
leaf_value=0 -9.806652936870075e-05 5.243497414095475e-05 -7.0742127446778264e-05 -0.00088800117722411854 0.00036726384147495791 -0.00093931555756522015 -0.00016521606897321409 7.9847780011492784e-05 0 -0.00041830818220329081 0.00024146249112807895 -0.00086878459095364761 -0.00053766366517951582 -0.00016952462543477073
leaf_weight=2222 133976 345874 10868 2414 12938 2248 8931 37280 1321 2668 5835 3526 5848 1424
leaf_count=2222 133976 345874 10868 2414 12938 2248 8931 37280 1321 2668 5835 3526 5848 1424
internal_value=-2.77796e-06 9.54299e-06 5.28273e-05 -0.000245083 6.45424e-05 -7.76057e-05 -0.000352231 -5.81227e-05 -0.00030803 -0.000184171 6.60902e-06 -0.000588648 -0.00040467 -0.000720854
internal_weight=577373 554529 372094 13282 358812 182435 11179 171256 22844 16573 8503 6271 8070 4950
internal_count=577373 554529 372094 13282 358812 182435 11179 171256 22844 16573 8503 6271 8070 4950
is_linear=0
shrinkage=0.01


Tree=227
num_leaves=13
num_cat=0
split_feature=3 3 2 1 9 0 3 6 2 1 8 8
split_gain=22.0602 21.3779 14.1186 13.9089 18.4109 11.0231 9.98118 8.67669 7.15213 11.3485 6.42566 1.08149
threshold=-0.41730317473411555 1.2348897457122805 1.4569476246833803 0.64819130301475536 0.088203161954879775 0.27656099200248724 -5.3401625156402579 0.24113386869430545 -1.1986240744590757 -2.0432429313659664 0.36729501187801367 -0.84437102079391468
decision_type=2 2 2 2 2 2 2 2 2 2 2 2
left_child=6 3 7 5 -5 -2 11 -3 9 -8 -10 -1
right_child=1 2 -4 4 -6 -7 8 -9 10 -11 -12 -13
leaf_value=-0.00025104142456652736 -2.7400340799304709e-05 -4.2351604063658897e-05 -0.0012385050337774576 0.00070977671065289381 0 7.3724251479121707e-05 0.00011344944373161007 -0.0008334640125301964 -2.5211313063528944e-05 -0.0003116501101885458 -0.00039828805801455958 -0.0010843432239977704
leaf_weight=1327 190894 7967 1600 6909 8263 241307 7040 1681 74586 29853 4889 1057
leaf_count=1327 190894 7967 1600 6909 8263 241307 7040 1681 74586 29853 4889 1057
internal_value=-2.77917e-06 2.83295e-05 -0.000396833 3.96385e-05 0.000336471 2.86051e-05 -0.000124448 -0.000214625 -0.00010858 -0.000224966 -5.16139e-05 -0.000753235
internal_weight=577373 458621 11248 447373 15172 432201 118752 9648 116368 36893 79475 2384
internal_count=577373 458621 11248 447373 15172 432201 118752 9648 116368 36893 79475 2384
is_linear=0
shrinkage=0.01


Tree=228
num_leaves=16
num_cat=0
split_feature=4 3 2 9 6 1 3 6 4 3 4 9 6 9 3
split_gain=21.751 23.1456 11.751 10.2552 10.206 15.6289 10.37 9.35639 9.34444 8.71903 7.38064 6.06805 4.19191 6.12427 3.74788
threshold=-0.43148007988929743 0.63436561822891246 -1.7893295884132383 0.6343391239643098 0.070266135036945357 0.64819130301475536 -0.46549753844738001 0.25889272987842565 1.1188352704048159 -0.17910452187061307 0.59454941749572765 0.064733769744634642 -1.2200593948364256 0.06331463530659677 -2.9027111530303951
decision_type=2 2 2 2 2 2 2 2 2 2 2 2 2 2 2
left_child=2 4 12 10 6 -6 -2 9 -5 -4 -3 -9 14 -14 -1
right_child=1 3 7 8 5 -7 -8 11 -10 -11 -12 -13 13 -15 -16
leaf_value=-0.00049127865116858471 -0.00030564065968417185 -0.00018200305228711387 -0.00015844252160284993 -7.8172847179728221e-05 0.00010464130603225286 0.00053226961932786269 3.5006123181997754e-05 -2.2647801591678947e-05 -0.0013239010417790279 -1.3600419009686818e-05 1.869382784747293e-06 0.00030480346138589892 -0.00058863490155215139 0 0.00016288669195853653
leaf_weight=1060 10042 35946 86310 1875 193435 9059 68240 9961 1123 86422 49833 10341 8309 2953 2464
leaf_count=1060 10042 35946 86310 1875 193435 9059 68240 9961 1123 86422 49833 10341 8309 2953 2464
internal_value=-2.77799e-06 4.28856e-05 -8.49032e-05 -9.66416e-05 8.77511e-05 0.000125265 -6.81115e-06 -6.26295e-05 -0.000660954 -8.72306e-05 -7.3101e-05 0.000135734 -0.000357628 -0.000451433 0
internal_weight=577373 369553 207820 88777 280776 202494 78282 193034 2998 172732 85779 20302 14786 11262 3524
internal_count=577373 369553 207820 88777 280776 202494 78282 193034 2998 172732 85779 20302 14786 11262 3524
is_linear=0
shrinkage=0.01


Tree=229
num_leaves=15
num_cat=0
split_feature=3 1 4 0 2 2 4 8 1 2 4 6 1 2
split_gain=21.4405 20.0317 12.4229 12.7478 12.0961 8.92568 12.108 7.10978 6.20979 7.63108 8.35223 4.28014 3.81612 1.7674
threshold=-2.0281132459640498 0.13393108546733859 1.5270777344703677 0.56831178069114696 -1.4715092778205869 0.069303836673498168 1.0526971817016604 0.096984568983316435 0.23905038833618167 -1.4539549350738523 -1.6634913086891172 -0.22828411310911176 -2.0432429313659664 0.51297646760940563
decision_type=2 2 2 2 2 2 2 2 2 2 2 2 2 2
left_child=8 5 4 -4 -3 6 -2 -7 9 12 -11 -10 -1 -13
right_child=1 2 3 -5 -6 7 -8 -9 11 10 -12 13 -14 -15
leaf_value=0 -7.5736792361475879e-05 -0.00046321081288474739 -7.0877259951952927e-05 -0.00087856028987406823 7.0088528465377941e-05 -0.00045192264826512751 0.00021658044241839499 -9.4629113277853533e-05 0 -0.00041072956508566525 0.00024155222543652437 -0.00085847892068540408 -0.00052690554610250278 -0.0001666519516358425
leaf_weight=2222 140817 4016 10868 2414 354796 10531 15292 15795 1321 2668 5835 3526 5848 1424
leaf_count=2222 140817 4016 10868 2414 354796 10531 15292 15795 1321 2668 5835 3526 5848 1424
internal_value=-2.767e-06 9.30029e-06 5.1699e-05 -0.000243363 6.33078e-05 -7.60428e-05 -4.55822e-05 -0.000247424 -0.000301913 -0.000178615 9.16871e-06 -0.000581266 -0.000396095 -0.000712492
internal_weight=577373 554529 372094 13282 358812 182435 156109 26326 22844 16573 8503 6271 8070 4950
internal_count=577373 554529 372094 13282 358812 182435 156109 26326 22844 16573 8503 6271 8070 4950
is_linear=0
shrinkage=0.01


Tree=230
num_leaves=15
num_cat=0
split_feature=2 1 4 4 9 2 6 6 4 2 1 9 0 6
split_gain=21.1127 17.4184 16.0777 12.8969 12.4688 10.1158 8.9009 10.6211 6.73916 5.0822 6.84845 3.84846 8.37027 2.75601
threshold=-0.57207393646240223 -0.14742351323366162 1.5270777344703677 0.26756148040294653 0.54768911004066478 -1.846064507961273 0.21031453460454944 0.22280573844909671 1.0526971817016604 -0.39667777717113489 -0.66213485598564137 -2.0428720712661739 -1.4692081212997434 0.24418320506811145
decision_type=2 2 2 2 2 2 2 2 2 2 2 2 2 2
left_child=5 9 3 -3 -4 11 8 -8 -7 13 -11 -1 -13 -2
right_child=1 2 4 -5 -6 6 7 -9 -10 10 -12 12 -14 -15
leaf_value=-0.00087228695867403675 0.00015346265148413426 2.2333656589451408e-06 -0.00014226935458192886 0.00012464540766797709 -0.0011057464206456361 -0.00012457588961572601 0.00067975243346226526 1.5872251661625776e-05 0.00013088845989645678 -0.00056757218610208201 -0.00014069409287418137 0.0001462128960336439 -0.00041843407761161123 -0.00035664772901537403
leaf_weight=1487 4890 160669 12258 194007 1470 128151 2526 27752 10315 6125 14716 2920 9039 1048
leaf_count=1487 4890 160669 12258 194007 1470 128151 2526 27752 10315 6125 14716 2920 9039 1048
internal_value=-2.77526e-06 3.79249e-05 5.62862e-05 6.97886e-05 -0.000274195 -9.2098e-05 -6.93513e-05 8.1917e-05 -0.000103941 -0.000205807 -0.000279858 -0.000357707 -0.00026398 2.21617e-05
internal_weight=577373 395183 368404 354676 13728 182190 168744 30278 138466 26779 20841 13446 11959 5938
internal_count=577373 395183 368404 354676 13728 182190 168744 30278 138466 26779 20841 13446 11959 5938
is_linear=0
shrinkage=0.01


Tree=231
num_leaves=15
num_cat=0
split_feature=3 1 4 0 2 2 4 8 1 2 6 4 1 2
split_gain=20.9202 19.2505 11.9784 12.3774 11.7895 8.78173 11.7584 6.92226 6.14241 7.45396 4.19939 3.56509 3.33421 1.69943
threshold=-2.0281132459640498 0.13393108546733859 1.5270777344703677 0.56831178069114696 -1.4715092778205869 0.069303836673498168 1.0526971817016604 0.096984568983316435 0.23905038833618167 -1.7893295884132383 -0.22828411310911176 -1.8689820766448972 -1.7503370642662046 0.51297646760940563
decision_type=2 2 2 2 2 2 2 2 2 2 2 2 2 2
left_child=8 5 4 -4 -3 6 -2 -7 9 12 -10 -11 -1 -12
right_child=1 2 3 -5 -6 7 -8 -9 10 11 13 -13 -14 -15
leaf_value=-8.2551513356285191e-05 -7.4009756203495793e-05 -0.00045761737031138134 -6.8738515526931994e-05 -0.00086486260339825442 6.8837783740418137e-05 -0.00044633255448298207 0.00021405386481105991 -9.3471370832218719e-05 0 -0.00050955647023772819 -0.0008500329966406162 0 -0.00085661215804343639 -0.00016533093545740708
leaf_weight=1702 140817 4016 10868 2414 354796 10531 15292 15795 1321 1268 3526 11679 1924 1424
leaf_count=1702 140817 4016 10868 2414 354796 10531 15292 15795 1321 1268 3526 11679 1924 1424
internal_value=-2.75608e-06 9.1596e-06 5.07295e-05 -0.000238952 6.21367e-05 -7.44938e-05 -4.42746e-05 -0.000244465 -0.000298252 -0.000175626 -0.000575977 -4.33044e-05 -0.00056886 -0.000705965
internal_weight=577373 554529 372094 13282 358812 182435 156109 26326 22844 16573 6271 12947 3626 4950
internal_count=577373 554529 372094 13282 358812 182435 156109 26326 22844 16573 6271 12947 3626 4950
is_linear=0
shrinkage=0.01


Tree=232
num_leaves=13
num_cat=0
split_feature=3 3 1 9 8 6 3 4 0 1 1 8
split_gain=20.6508 20.0107 14.0138 17.0829 13.9229 11.7554 8.7353 7.76144 5.42618 8.7743 6.8815 1.0984
threshold=-0.72196573019027699 1.2348897457122805 0.53977954387664806 0.09228000789880754 0.39649604260921484 0.37413096427917486 -5.3401625156402579 0.27999401092529302 -0.20498944073915479 -1.1120523214340208 -2.0432429313659664 -0.84437102079391468
decision_type=2 2 2 2 2 2 2 2 2 2 2 2
left_child=6 2 7 -4 5 -3 11 -2 10 -10 -8 -1
right_child=1 4 3 -5 -6 -7 8 -9 9 -11 -12 -13
leaf_value=-0.00024115898025532564 -2.7632800888025629e-05 -8.6840891033996141e-05 0.00037848846809549033 1.772204000235132e-05 -0.0014464384589304641 -0.0011314866203198353 7.532971721902985e-05 5.7372961236185306e-05 -0.00072368087868625568 -1.4933486879994862e-05 -0.00028358778405931386 -0.0010681761034402044
leaf_weight=1327 228638 9099 24376 30886 1009 1140 5412 199928 1661 43227 29613 1057
leaf_count=1327 228638 9099 24376 30886 1009 1140 5412 199928 1661 43227 29613 1057
internal_value=-2.7692e-06 2.12784e-05 3.14262e-05 0.000181253 -0.000390677 -0.000241759 -0.000149558 1.15646e-05 -0.000127659 -4.86889e-05 -0.000222338 -0.000739531
internal_weight=577373 495076 483828 55262 11248 10239 82297 428566 79913 44888 35025 2384
internal_count=577373 495076 483828 55262 11248 10239 82297 428566 79913 44888 35025 2384
is_linear=0
shrinkage=0.01


Tree=233
num_leaves=15
num_cat=0
split_feature=3 3 1 2 6 9 2 8 1 1 2 3 0 6
split_gain=20.3486 20.6156 15.0344 13.7381 10.8615 10.5188 10.0495 10.7466 8.4708 8.12391 7.86831 7.56412 4.93833 4.33139
threshold=-0.31917913258075709 1.2348897457122805 0.39034630358219152 1.4569476246833803 0.071854323148727431 0.074721019715070738 -1.2490260601043699 0.36729501187801367 0.3566183745861054 -2.0432429313659664 -1.8156164884567259 -2.462729692459106 -0.55144193768501271 0.15613227337598803
decision_type=2 2 2 2 2 2 2 2 2 2 2 2 2 2
left_child=6 2 5 8 -4 -2 9 11 -3 10 -1 -8 -11 -9
right_child=1 3 4 -5 -6 -7 7 13 -10 12 -12 -13 -14 -15
leaf_value=-0.00027225271770484771 -7.5299688965161396e-05 -0.00035641012787379389 -2.919105224438198e-05 -0.0012176398261031865 0.0001598847480594925 5.1006742644327225e-05 -0.00031203403880806704 -0.00062547529300937394 0.00035303553871254514 -0.0004885911823096251 0.00034185326748154151 4.6800650844056638e-06 -0.00019692696147811817 0
leaf_weight=3825 118909 7965 37522 1600 128182 146850 7997 4220 1683 12153 4001 81533 19026 1907
leaf_count=3825 118909 7965 37522 1600 128182 146850 7997 4220 1683 12153 4001 81533 19026 1907
internal_value=-2.77093e-06 2.96217e-05 4.11359e-05 -0.000387585 0.000115881 -4.76889e-06 -0.000110633 -5.25659e-05 -0.000207689 -0.000246942 1.74817e-05 -2.2013e-05 -0.000319376 -0.000452597
internal_weight=577373 442711 431463 11248 165704 265759 134662 95657 9648 39005 7826 89530 31179 6127
internal_count=577373 442711 431463 11248 165704 265759 134662 95657 9648 39005 7826 89530 31179 6127
is_linear=0
shrinkage=0.01


Tree=234
num_leaves=15
num_cat=0
split_feature=3 3 1 8 6 6 9 2 8 1 2 3 0 6
split_gain=19.9571 20.2263 14.7325 13.7338 11.5708 10.6651 10.31 9.85054 10.5493 7.96713 7.71993 7.41806 4.82972 4.2406
threshold=-0.31917913258075709 1.2348897457122805 0.39034630358219152 0.39649604260921484 0.37413096427917486 0.11999846622347833 0.074721019715070738 -1.2490260601043699 0.36729501187801367 -2.0432429313659664 -1.8156164884567259 -2.462729692459106 -0.55144193768501271 0.15613227337598803
decision_type=2 2 2 2 2 2 2 2 2 2 2 2 2 2
left_child=7 2 6 4 -3 -4 -2 9 11 10 -1 -9 -11 -10
right_child=1 3 5 -5 -6 -7 -8 8 13 12 -12 -13 -14 -15
leaf_value=-0.00026966546999466112 -7.4547954289535932e-05 -8.2310636060563204e-05 1.5767071324876547e-05 -0.0014320127081522307 -0.0011182356374092842 0.00018212810347228718 5.0497368231575861e-05 -0.00030898982518672664 -0.0006195035650097498 -0.00048378438206432729 0.00033859749111297911 4.6333800105746556e-06 -0.0001949781763075478 0
leaf_weight=3825 118909 9099 68452 1009 1140 97252 146850 7997 4220 12153 4001 81533 19026 1907
leaf_count=3825 118909 9099 68452 1009 1140 97252 146850 7997 4220 12153 4001 81533 19026 1907
internal_value=-2.76454e-06 2.93114e-05 4.07204e-05 -0.000383923 -0.000236023 0.000114712 -4.71386e-06 -0.000109587 -5.207e-05 -0.000244555 1.70751e-05 -2.17774e-05 -0.000316289 -0.000448426
internal_weight=577373 442711 431463 11248 10239 165704 265759 134662 95657 39005 7826 89530 31179 6127
internal_count=577373 442711 431463 11248 10239 165704 265759 134662 95657 39005 7826 89530 31179 6127
is_linear=0
shrinkage=0.01


Tree=235
num_leaves=15
num_cat=0
split_feature=3 1 4 0 1 2 4 1 1 2 6 4 1 2
split_gain=19.6226 18.0417 11.7366 12.0748 11.5869 8.68006 11.4469 6.706 6.12549 7.34662 4.16566 3.47089 3.23535 1.66168
threshold=-2.0281132459640498 0.13393108546733859 1.5270777344703677 0.56831178069114696 0.68791750073432933 0.069303836673498168 1.0526971817016604 1.0000000180025095e-35 0.23905038833618167 -1.7893295884132383 -0.22828411310911176 -1.8689820766448972 -1.7503370642662046 0.51297646760940563
decision_type=2 2 2 2 2 2 2 2 2 2 2 2 2 2
left_child=8 5 4 -4 -3 6 -2 -7 9 12 -10 -11 -1 -12
right_child=1 2 3 -5 -6 7 -8 -9 10 11 13 -13 -14 -15
leaf_value=-7.6724965915716273e-05 -7.1528683612728826e-05 4.9567107836037918e-05 -6.9311218292078723e-05 -0.00085622095453656945 0.00038393113765617298 -0.00037279257786849686 0.00021273647257816523 -2.5748094004864272e-05 0 -0.00049766367350829316 -0.00083707751434669304 5.1036238677498291e-06 -0.00083962826646757861 -0.00015957981260439493
leaf_weight=1702 140817 348095 10868 2414 10717 15671 15292 10655 1321 1268 3526 11679 1924 1424
leaf_count=1702 140817 348095 10868 2414 10717 15671 15292 10655 1321 1268 3526 11679 1924 1424
internal_value=-2.76282e-06 8.7663e-06 4.90205e-05 -0.000237746 6.03193e-05 -7.22049e-05 -4.21668e-05 -0.000241125 -0.000288954 -0.00016689 -0.000565509 -3.57454e-05 -0.000556535 -0.000694778
internal_weight=577373 554529 372094 13282 358812 182435 156109 26326 22844 16573 6271 12947 3626 4950
internal_count=577373 554529 372094 13282 358812 182435 156109 26326 22844 16573 6271 12947 3626 4950
is_linear=0
shrinkage=0.01


Tree=236
num_leaves=15
num_cat=0
split_feature=3 3 1 9 2 4 9 6 2 6 1 2 1 2
split_gain=19.4217 19.8392 14.3792 16.5777 13.5218 18.1472 12.1959 9.69217 10.9806 8.77244 8.13526 7.01614 5.9885 2.32722
threshold=-0.31917913258075709 1.2348897457122805 0.46811886131763464 0.092859849333763136 1.240332365036011 0.88124176859855663 0.074721019715070738 0.13674540817737582 -1.8156164884567259 0.12410454824566843 0.3566183745861054 -1.2155339717864988 -1.7503370642662046 0.84501430392265331
decision_type=2 2 2 2 2 2 2 2 2 2 2 2 2 2
left_child=7 2 6 -4 10 -6 -2 9 -9 11 -3 -1 -10 -11
right_child=1 4 3 -5 5 -7 -8 8 12 13 -12 -13 -14 -15
leaf_value=-0.00026161709742814033 -6.5342086440142112e-05 -0.00031436338069090964 0.00030794996670049473 3.5287249094004059e-05 -2.3748388000607206e-05 -0.0019385113470907947 5.7747032588828311e-05 -0.00069865969597606478 0.00072722120109049355 -0.00074015823032840173 0.00044172269170350949 -6.9328389235901944e-05 3.0037946961684239e-05 0
leaf_weight=31405 132142 7642 38773 56811 1223 1012 203737 1796 1125 3268 1371 58698 37365 1005
leaf_count=31405 132142 7642 38773 56811 1223 1012 203737 1796 1125 3268 1371 58698 37365 1005
internal_value=-2.76484e-06 2.8873e-05 4.01766e-05 0.000148391 -0.000380377 -0.00106089 8.71597e-06 -0.000108148 1.72262e-05 -0.000163704 -0.000170552 -0.000138996 5.92387e-05 -0.000610506
internal_weight=577373 442711 431463 95584 11248 2235 335879 134662 40286 94376 9013 90103 38490 4273
internal_count=577373 442711 431463 95584 11248 2235 335879 134662 40286 94376 9013 90103 38490 4273
is_linear=0
shrinkage=0.01


Tree=237
num_leaves=16
num_cat=0
split_feature=4 3 0 3 1 2 1 9 6 1 3 2 4 8 4
split_gain=19.1354 22.3081 10.638 10.1463 11.9123 10.1282 11.1191 9.95957 9.54817 14.8348 9.90214 9.04543 8.93626 7.13338 7.13201
threshold=-0.43148007988929743 0.63436561822891246 -0.66961434483528126 -0.23364397883415219 0.67243948578834545 -0.69382524490356434 -1.1120523214340208 0.6343391239643098 0.070266135036945357 0.64819130301475536 -0.46549753844738001 -0.12503086775541303 1.0526971817016604 -0.45147073268890375 0.59454941749572765
decision_type=2 2 2 2 2 2 2 2 2 2 2 2 2 2 2
left_child=2 8 5 13 -5 6 -1 14 10 -10 -2 -7 -9 -4 -3
right_child=1 7 3 4 -6 11 -8 12 9 -11 -12 -13 -14 -15 -16
leaf_value=-0.00010181822613874158 -0.00029930007855641225 -0.00018067753707851051 0.00023459773834934265 6.0571106807557387e-06 0.00086661289269985664 0.00035390653456320921 -0.00049937406439071218 -3.8494236856916202e-05 0.00010028937698468818 0.00051698136276309909 3.3518286822866314e-05 -0.00025111110129873106 -0.0012430344844756853 -0.00015994424527322179 0
leaf_weight=15414 10042 35946 4347 93766 1449 4858 15933 1738 193435 9059 68240 4411 1260 67642 49833
leaf_count=15414 10042 35946 4347 93766 1449 4858 15933 1738 193435 9059 68240 4411 1260 67642 49833
internal_value=-2.75219e-06 4.00549e-05 -7.98001e-05 -4.29262e-05 2.30384e-05 -0.000225745 -0.000312112 -9.69284e-05 8.41169e-05 0.000120409 -7.28116e-06 4.56422e-05 -0.000653356 -0.000132766 -7.36804e-05
internal_weight=577373 369553 207820 167204 95215 40616 31347 88777 280776 202494 78282 9269 2998 71989 85779
internal_count=577373 369553 207820 167204 95215 40616 31347 88777 280776 202494 78282 9269 2998 71989 85779
is_linear=0
shrinkage=0.01


Tree=238
num_leaves=14
num_cat=0
split_feature=3 3 1 8 3 9 6 1 2 6 4 1 2
split_gain=18.8966 17.3971 15.5849 13.4586 13.1215 12.2459 11.3545 6.07908 7.20246 4.09699 3.39171 3.16444 1.6049
threshold=-2.0281132459640498 1.2348897457122805 0.25325605273246771 0.39649604260921484 -0.041261265054345124 0.11105367168784143 0.37413096427917486 0.23905038833618167 -1.7893295884132383 -0.22828411310911176 -1.8689820766448972 -1.7503370642662046 0.51297646760940563
decision_type=2 2 2 2 2 2 2 2 2 2 2 2 2
left_child=7 2 5 6 -4 -2 -3 8 11 -9 -10 -1 -11
right_child=1 3 4 -5 -6 -7 -8 9 10 12 -12 -13 -14
leaf_value=-7.253165690575508e-05 -8.7750414901047592e-05 -7.7640479314159755e-05 -3.8780245191063346e-05 -0.0014137048334710615 0.00010404912391573132 7.7959315494395423e-05 -0.0011033919962746815 0 -0.00048972964497906099 -0.00082733459269810044 8.0005457779713903e-06 -0.00082732513152486745 -0.00015692829822905948
leaf_weight=1702 172225 9099 87525 1009 224739 58792 1140 1321 1268 3526 11679 1924 1424
leaf_count=1702 172225 9099 87525 1009 224739 58792 1140 1321 1268 3526 11679 1924 1424
internal_value=-2.72357e-06 8.5837e-06 1.70591e-05 -0.000376458 6.3376e-05 -4.46827e-05 -0.000229957 -0.000283574 -0.00016211 -0.00055874 -3.22419e-05 -0.00054762 -0.000686893
internal_weight=577373 554529 543281 11248 312264 231017 10239 22844 16573 6271 12947 3626 4950
internal_count=577373 554529 543281 11248 312264 231017 10239 22844 16573 6271 12947 3626 4950
is_linear=0
shrinkage=0.01


Tree=239
num_leaves=15
num_cat=0
split_feature=2 1 6 8 1 1 0 8 3 1 0 6 2 6
split_gain=18.6785 15.6411 11.8778 16.8438 11.952 6.42356 10.7961 9.10148 7.4524 5.8636 7.43555 7.32292 4.4178 5.55443
threshold=-1.4715092778205869 -2.2237859964370723 0.14386958628892901 0.42785915732383734 0.46811886131763464 -1.182372987270355 -0.55144193768501271 -0.086074091494083391 -0.59207847714424122 -4.9865622520446768 -0.3073741346597671 -1.6038511395454405 -0.93883129954338063 -0.030314832925796505
decision_type=2 2 2 2 2 2 2 2 2 2 2 2 2 2
left_child=5 12 3 -3 -4 9 8 -8 -7 11 -11 -1 13 -2
right_child=1 2 4 -5 -6 6 7 -9 -10 10 -12 -13 -14 -15
leaf_value=5.4162560244429117e-05 -0.000549780127725707 7.4476829006559858e-07 3.3686349266980933e-05 -0.00030670181650083904 0.00020927013773829246 -0.00082103848743787626 0.00020045324072944082 -0.00025606998946975406 -0.00013428993939659076 0.00016156007416316695 -0.00026679283154527677 -0.0007104223953088056 -0.00095117612039346947 0.00012224221560360422
leaf_weight=1496 2210 291051 154394 18697 53471 5193 5123 17725 3481 13319 5456 2452 1669 1636
leaf_count=1496 2210 291051 154394 18697 53471 5193 5123 17725 3481 13319 5456 2452 1669 1636
internal_value=-2.73545e-06 1.5253e-05 2.13603e-05 -1.7354e-05 7.99723e-05 -0.000179305 -0.000272531 -0.000144179 -0.000577212 -4.00048e-05 2.50409e-05 -0.000383843 -0.000503636 -0.000222574
internal_weight=577373 523128 517613 309748 207865 54245 31522 22848 8674 22723 18775 3948 5515 3846
internal_count=577373 523128 517613 309748 207865 54245 31522 22848 8674 22723 18775 3948 5515 3846
is_linear=0
shrinkage=0.01


Tree=240
num_leaves=14
num_cat=0
split_feature=3 3 4 2 6 1 8 1 2 6 4 1 2
split_gain=18.4755 17.0843 15.3395 13.3901 12.2177 11.461 8.32078 6.00694 7.07465 4.022 3.32302 3.05061 1.54386
threshold=-2.0281132459640498 1.2348897457122805 0.58148950338363659 1.4569476246833803 -0.13651221990585324 0.56037122011184703 -0.1770612373948097 0.23905038833618167 -1.7893295884132383 -0.22828411310911176 -1.8689820766448972 -1.7503370642662046 0.51297646760940563
decision_type=2 2 2 2 2 2 2 2 2 2 2 2 2
left_child=7 2 4 6 -2 -4 -3 8 11 -9 -10 -1 -11
right_child=1 3 5 -5 -6 -7 -8 9 10 12 -12 -13 -14
leaf_value=-7.2077261403346974e-05 -0.00016649618610203371 -0.00075122097921080004 5.7074772937586009e-05 -0.001191592178030664 1.3747159011278913e-06 0.00028855376074339085 -1.5116900950506859e-05 0 -0.00048399611495496139 -0.00081953108409961797 8.8385673006016508e-06 -0.00081697665508290607 -0.00015575493284110598
leaf_weight=1702 50033 1939 167618 1600 300410 25220 7709 1321 1268 3526 11679 1924 1424
leaf_count=1702 50033 1939 167618 1600 300410 25220 7709 1321 1268 3526 11679 1924 1424
internal_value=-2.71922e-06 8.45742e-06 1.68596e-05 -0.000373103 -2.21032e-05 8.8652e-05 -0.000195615 -0.000280425 -0.000159653 -0.000553896 -3.08445e-05 -0.000541649 -0.000680877
internal_weight=577373 554529 543281 11248 350443 192838 9648 22844 16573 6271 12947 3626 4950
internal_count=577373 554529 543281 11248 350443 192838 9648 22844 16573 6271 12947 3626 4950
is_linear=0
shrinkage=0.01


Tree=241
num_leaves=16
num_cat=0
split_feature=3 1 8 1 3 2 6 1 2 1 4 0 2 6 2
split_gain=18.1744 17.2151 11.9041 14.6343 14.463 8.32238 10.055 8.22139 6.34465 6.02178 3.76991 3.44187 2.39015 2.88426 0.507005
threshold=-1.9160559177398679 0.13393108546733859 0.33609521389007574 0.52815169095993053 -0.092942319810390459 0.4874467551708222 0.17913687229156497 0.23513637483119967 -1.7893295884132383 0.062670540064573302 -1.8689820766448972 -1.4692081212997434 0.51297646760940563 -0.22828411310911176 0.92198780179023754
decision_type=2 2 2 2 2 2 2 2 2 2 2 2 2 2 2
left_child=7 5 3 -3 -4 6 -2 8 11 -7 -10 -1 13 -9 -14
right_child=1 2 4 -5 -6 9 -8 12 10 -11 -12 -13 14 -15 -16
leaf_value=-4.0823969249862206e-05 -9.548323767032394e-05 4.6001271519964378e-05 -0.00036016782597906449 0.00024006752114456121 0 -0.00045747736714736142 8.1340619327143623e-05 -1.8048152987796552e-05 -0.00049547374757572102 0 2.5457475376120409e-05 -0.00076858968179717392 0 -0.00080730470937430767 -0.00025313985093501314
leaf_weight=1879 127406 242845 13014 47278 67936 8881 41660 1132 1316 3277 12671 1977 1006 4073 1022
leaf_count=1879 127406 242845 13014 47278 67936 8881 41660 1132 1316 3277 12671 1977 1006 4073 1022
internal_value=-2.72148e-06 8.9256e-06 4.82564e-05 7.84585e-05 -5.74493e-05 -7.04699e-05 -5.06854e-05 -0.000265201 -0.000131994 -0.000324131 -1.57521e-05 -0.000482764 -0.000554507 -0.000679677 -0.00011131
internal_weight=577373 552297 371073 290123 80950 181224 169066 25076 17843 12158 13987 3856 7233 5205 2028
internal_count=577373 552297 371073 290123 80950 181224 169066 25076 17843 12158 13987 3856 7233 5205 2028
is_linear=0
shrinkage=0.01


Tree=242
num_leaves=15
num_cat=0
split_feature=2 1 6 8 1 1 0 8 3 1 0 6 2 6
split_gain=17.9665 15.264 11.4613 16.4953 11.5301 6.32744 10.5559 8.9645 7.24974 5.73743 7.3224 7.21146 4.32842 5.43266
threshold=-1.4715092778205869 -2.2237859964370723 0.14386958628892901 0.42785915732383734 0.46811886131763464 -1.182372987270355 -0.55144193768501271 -0.086074091494083391 -0.59207847714424122 -4.9865622520446768 -0.3073741346597671 -1.6038511395454405 -0.93883129954338063 -0.030314832925796505
decision_type=2 2 2 2 2 2 2 2 2 2 2 2 2 2
left_child=5 12 3 -3 -4 9 8 -8 -7 11 -11 -1 13 -2
right_child=1 2 4 -5 -6 6 7 -9 -10 10 -12 -13 -14 -15
leaf_value=5.5911468777405796e-05 -0.00054285268844936156 8.4380786423404094e-07 3.3049999107053941e-05 -0.0003034029432491211 0.00020554653270136354 -0.00081026195083434122 0.00020062267394644031 -0.0002524886785295722 -0.0001318568765470787 0.00016207770840660115 -0.00026277167392622773 -0.00070246830811871732 -0.00094083438085505115 0.00012120337927602901
leaf_weight=1496 2210 291051 154394 18697 53471 5193 5123 17725 3481 13319 5456 2452 1669 1636
leaf_count=1496 2210 291051 154394 18697 53471 5193 5123 17725 3481 13319 5456 2452 1669 1636
internal_value=-2.71286e-06 1.49226e-05 2.09604e-05 -1.70598e-05 7.8539e-05 -0.000175889 -0.000268364 -0.000141355 -0.000569654 -3.76577e-05 2.66083e-05 -0.000378042 -0.000497667 -0.000218919
internal_weight=577373 523128 517613 309748 207865 54245 31522 22848 8674 22723 18775 3948 5515 3846
internal_count=577373 523128 517613 309748 207865 54245 31522 22848 8674 22723 18775 3948 5515 3846
is_linear=0
shrinkage=0.01


Tree=243
num_leaves=14
num_cat=0
split_feature=3 3 4 8 6 6 1 1 2 6 4 1 2
split_gain=17.785 16.7274 14.9047 13.2387 11.7524 11.1613 11.0325 5.81315 6.84692 3.87897 3.19771 2.92963 1.42547
threshold=-2.0281132459640498 1.2348897457122805 0.58148950338363659 0.39649604260921484 -0.13651221990585324 0.37413096427917486 0.56037122011184703 0.23905038833618167 -1.7893295884132383 -0.22828411310911176 -1.8689820766448972 -1.7503370642662046 0.51297646760940563
decision_type=2 2 2 2 2 2 2 2 2 2 2 2 2
left_child=7 2 4 5 -2 -3 -4 8 11 -9 -10 -1 -11
right_child=1 3 6 -5 -6 -7 -8 9 10 12 -12 -13 -14
leaf_value=-6.9119240095242502e-05 -0.00016343433254261184 -7.2927279038671646e-05 5.6339477589124617e-05 -0.0013975833899343834 1.193330196939769e-06 -0.001089392007493202 0.00028353017540242652 0 -0.00047405983110009064 -0.0008041617504046841 9.4484986331411384e-06 -0.00080200691836508577 -0.00015348329936360137
leaf_weight=1702 50033 9099 167618 1009 300410 1140 25220 1321 1268 3526 11679 1924 1424
leaf_count=1702 50033 9099 167618 1009 300410 1140 25220 1321 1268 3526 11679 1924 1424
internal_value=-2.6967e-06 8.26247e-06 1.65802e-05 -0.000369288 -2.18201e-05 -0.000223962 8.73513e-05 -0.000275168 -0.00015612 -0.00054433 -2.91839e-05 -0.000531868 -0.000669041
internal_weight=577373 554529 543281 11248 350443 10239 192838 22844 16573 6271 12947 3626 4950
internal_count=577373 554529 543281 11248 350443 10239 192838 22844 16573 6271 12947 3626 4950
is_linear=0
shrinkage=0.01


Tree=244
num_leaves=15
num_cat=0
split_feature=3 3 0 1 8 4 3 2 6 6 4 6 8 0
split_gain=17.5727 19.0305 16.764 15.5025 13.3819 12.4648 11.0611 12.554 9.8086 8.58993 8.39054 5.54806 5.44432 2.8529
threshold=-0.17910452187061307 0.63436561822891246 0.36462400853633886 0.50767141580581676 0.36729501187801367 0.20027330517768863 1.5428064465522768 1.229951858520508 0.20842733234167102 0.15839611738920215 1.4353970885276797 0.23018271476030353 0.11251875385642053 0.44701062142848974
decision_type=2 2 2 2 2 2 2 2 2 2 2 2 2 2
left_child=4 2 3 -2 5 8 9 -8 -1 -3 -7 13 -4 -6
right_child=1 6 12 -5 11 10 7 -9 -10 -11 -12 -13 -14 -15
leaf_value=-0.00015150171481230311 -2.4375409804179963e-05 -0.00011844109753797374 0.00042500218352156595 0.00029656133539170007 -0.0010094794362253026 0.00017301113853922552 -0.00016660126828832715 -0.0012167187804253635 0.00010560673985126336 7.0335617133701099e-05 -0.00025936207256601338 2.960688029453764e-05 0.00013784706822979117 -0.00038382799377643489
leaf_weight=104436 154266 68330 7679 16446 1670 27922 5154 1584 16199 35629 4843 1153 125995 6067
leaf_count=104436 154266 68330 7679 16446 1670 27922 5154 1584 16199 35629 4843 1153 125995 6067
internal_value=-2.7011e-06 3.14394e-05 7.26087e-05 5.68356e-06 -9.11832e-05 -6.7469e-05 -7.98879e-05 -0.000470252 -0.000115204 -5.18123e-05 0.000101849 -0.00046789 0.000156447 -0.000566105
internal_weight=577373 415083 304386 170712 162290 153400 110697 6738 120635 103959 32765 8890 133674 7737
internal_count=577373 415083 304386 170712 162290 153400 110697 6738 120635 103959 32765 8890 133674 7737
is_linear=0
shrinkage=0.01


Tree=245
num_leaves=14
num_cat=0
split_feature=3 3 4 8 6 6 1 1 2 4 6 1 2
split_gain=17.3334 16.2269 14.4601 13.0228 11.3989 10.9908 10.7203 5.70814 6.74637 8.00504 3.81218 3.33427 1.3758
threshold=-2.0281132459640498 1.2348897457122805 0.58148950338363659 0.39649604260921484 -0.13651221990585324 0.37413096427917486 0.56037122011184703 0.23905038833618167 -1.4539549350738523 -1.6634913086891172 -0.22828411310911176 -2.0432429313659664 0.51297646760940563
decision_type=2 2 2 2 2 2 2 2 2 2 2 2 2
left_child=7 2 4 5 -2 -3 -4 8 11 -10 -9 -1 -12
right_child=1 3 6 -5 -6 -7 -8 10 9 -11 12 -13 -14
leaf_value=0 -0.00016095411325351084 -6.9559480417801992e-05 5.5450904388810626e-05 -0.0013834083184751389 1.169275121517275e-06 -0.0010779322409057996 0.00027945075358333667 0 -0.00038727719313895329 0.00024914984123020528 -0.00079544025943988224 -0.00048104347967901966 -0.00015122793788367264
leaf_weight=2222 50033 9099 167618 1009 300410 1140 25220 1321 2668 5835 3526 5848 1424
leaf_count=2222 50033 9099 167618 1009 300410 1140 25220 1321 2668 5835 3526 5848 1424
internal_value=-2.68134e-06 8.13331e-06 1.6331e-05 -0.000363714 -2.14854e-05 -0.000219491 8.60416e-05 -0.000271674 -0.000153602 2.21657e-05 -0.000538414 -0.000359042 -0.00066202
internal_weight=577373 554529 543281 11248 350443 10239 192838 22844 16573 8503 6271 8070 4950
internal_count=577373 554529 543281 11248 350443 10239 192838 22844 16573 8503 6271 8070 4950
is_linear=0
shrinkage=0.01


Tree=246
num_leaves=15
num_cat=0
split_feature=2 1 1 8 3 1 0 8 3 1 0 6 2 6
split_gain=17.0944 14.8559 11.0954 18.6315 11.2898 6.22832 10.2729 8.84632 6.99804 5.61396 7.21868 7.10223 4.29699 2.24794
threshold=-1.4715092778205869 -2.2237859964370723 0.68791750073432933 0.11251875385642053 1.3669795393943789 -1.182372987270355 -0.55144193768501271 -0.086074091494083391 -0.59207847714424122 -4.9865622520446768 -0.3073741346597671 -1.6038511395454405 -1.2490260601043699 -0.10024871677160262
decision_type=2 2 2 2 2 2 2 2 2 2 2 2 2 2
left_child=5 12 4 -4 -3 9 8 -8 -7 11 -11 -1 13 -2
right_child=1 2 3 -5 -6 6 7 -9 -10 10 -12 -13 -14 -15
leaf_value=5.8396561554510074e-05 -0.00036598823486969599 1.8771896597542193e-05 0.00087082491795300709 1.9832201767252714e-06 -0.00040452399356656203 -0.0007970901206146543 0.000201859652460614 -0.00024838418624979769 -0.00012912906833643641 0.00016344376096086852 -0.00025806131637366221 -0.00069397721749426297 -0.00072316903040215363 0.00017397251742104098
leaf_weight=1496 1240 500148 3892 7422 6151 5193 5123 17725 3481 13319 5456 2452 3248 1027
leaf_count=1496 1240 500148 3892 7422 6151 5193 5123 17725 3481 13319 5456 2452 3248 1027
internal_value=-2.68082e-06 1.45126e-05 2.04743e-05 0.000328168 1.30767e-05 -0.000171608 -0.000263282 -0.000137877 -0.000560517 -3.45236e-05 2.89856e-05 -0.000371598 -0.000491172 -4.60311e-05
internal_weight=577373 523128 517613 11314 506299 54245 31522 22848 8674 22723 18775 3948 5515 2267
internal_count=577373 523128 517613 11314 506299 54245 31522 22848 8674 22723 18775 3948 5515 2267
is_linear=0
shrinkage=0.01


Tree=247
num_leaves=15
num_cat=0
split_feature=3 3 0 1 8 4 3 2 6 6 4 6 8 0
split_gain=16.9846 18.5229 16.3358 15.0331 13.2072 12.0336 10.5624 12.3572 9.57232 8.40907 8.22713 5.46474 5.29357 2.785
threshold=-0.17910452187061307 0.63436561822891246 0.36462400853633886 0.50767141580581676 0.36729501187801367 0.20027330517768863 1.5428064465522768 1.229951858520508 0.20842733234167102 0.15839611738920215 1.4353970885276797 0.23018271476030353 0.11251875385642053 0.44701062142848974
decision_type=2 2 2 2 2 2 2 2 2 2 2 2 2 2
left_child=4 2 3 -2 5 8 9 -8 -1 -3 -7 13 -4 -6
right_child=1 6 12 -5 11 10 7 -9 -10 -11 -12 -13 -14 -15
leaf_value=-0.0001488825343338824 -2.414317377986175e-05 -0.00011736703216371169 0.00041926033947923435 0.0002918997354870566 -0.0010007086714493023 0.00017074256616700736 -0.0001594067802789919 -0.0012005118213566815 0.00010507194965257196 6.9378863714763622e-05 -0.00025734776080639206 2.8876699118324982e-05 0.00013590490440149833 -0.00038045054553750564
leaf_weight=104436 154266 68330 7679 16446 1670 27922 5154 1584 16199 35629 4843 1153 125995 6067
leaf_count=104436 154266 68330 7679 16446 1670 27922 5154 1584 16199 35629 4843 1153 125995 6067
internal_value=-2.66139e-06 3.08969e-05 7.15185e-05 5.43943e-06 -8.96555e-05 -6.6091e-05 -7.89252e-05 -0.000460533 -0.000113009 -5.14347e-05 0.000100222 -0.000463866 0.000154278 -0.000561372
internal_weight=577373 415083 304386 170712 162290 153400 110697 6738 120635 103959 32765 8890 133674 7737
internal_count=577373 415083 304386 170712 162290 153400 110697 6738 120635 103959 32765 8890 133674 7737
is_linear=0
shrinkage=0.01


Tree=248
num_leaves=14
num_cat=0
split_feature=3 3 4 8 6 6 1 1 2 6 4 1 2
split_gain=16.795 15.5323 13.9808 12.8371 10.9828 10.8278 10.3636 5.65493 6.69566 3.74744 3.08498 2.79331 1.32392
threshold=-2.0281132459640498 1.2348897457122805 0.58148950338363659 0.39649604260921484 -0.13651221990585324 0.37413096427917486 0.56037122011184703 0.23905038833618167 -1.7893295884132383 -0.22828411310911176 -1.8689820766448972 -1.7503370642662046 0.51297646760940563
decision_type=2 2 2 2 2 2 2 2 2 2 2 2 2
left_child=7 2 4 5 -2 -3 -4 8 11 -9 -10 -1 -11
right_child=1 3 6 -5 -6 -7 -8 9 10 12 -12 -13 -14
leaf_value=-6.6085999964865674e-05 -0.00015804963899658558 -6.3886644709590731e-05 5.4472932653756108e-05 -0.0013674810536670275 1.0739202485818832e-06 -0.0010639414783991151 0.0002747710241751881 0 -0.00046269850371699216 -0.00078691041707288061 1.3258664172906716e-05 -0.0007853321326043056 -0.00014926734337718093
leaf_weight=1702 50033 9099 167618 1009 300410 1140 25220 1321 1268 3526 11679 1924 1424
leaf_count=1702 50033 9099 167618 1009 300410 1140 25220 1321 1268 3526 11679 1924 1424
internal_value=-2.64194e-06 7.99795e-06 1.60258e-05 -0.000355787 -2.11511e-05 -0.000212641 8.45752e-05 -0.000267428 -0.000149972 -0.000532703 -2.44726e-05 -0.000521103 -0.000655231
internal_weight=577373 554529 543281 11248 350443 10239 192838 22844 16573 6271 12947 3626 4950
internal_count=577373 554529 543281 11248 350443 10239 192838 22844 16573 6271 12947 3626 4950
is_linear=0
shrinkage=0.01


Tree=249
num_leaves=14
num_cat=0
split_feature=3 3 4 2 0 1 8 1 2 6 4 0 2
split_gain=16.5179 15.2888 13.7056 12.82 10.8756 10.156 8.27345 5.54526 6.58645 3.67459 3.03262 2.76409 1.27271
threshold=-2.0281132459640498 1.2348897457122805 0.58148950338363659 1.4569476246833803 -0.73403543233871449 0.56037122011184703 -0.1770612373948097 0.23905038833618167 -1.7893295884132383 -0.22828411310911176 -1.8689820766448972 -1.4692081212997434 0.51297646760940563
decision_type=2 2 2 2 2 2 2 2 2 2 2 2 2
left_child=7 2 4 6 -2 -4 -3 8 11 -9 -10 -1 -11
right_child=1 3 5 -5 -6 -7 -8 9 10 12 -12 -13 -14
leaf_value=-7.8389060887569236e-05 -0.00017802877948914098 -0.00073137702949039457 5.3928848847415341e-05 -0.0011527267644058966 -5.4227684195221298e-07 0.00027204493150329625 -2.5093074961249143e-07 0 -0.0004587019068869059 -0.00077946370216724198 1.3128315653146754e-05 -0.00079291107334794695 -0.00014795849807817073
leaf_weight=1780 38960 1939 167618 1600 311483 25220 7709 1321 1268 3526 11679 1846 1424
leaf_count=1780 38960 1939 167618 1600 311483 25220 7709 1321 1268 3526 11679 1846 1424
internal_value=-2.64642e-06 7.90238e-06 1.58699e-05 -0.000353014 -2.09348e-05 8.37432e-05 -0.000179366 -0.000265239 -0.000148747 -0.000528087 -2.41441e-05 -0.00051686 -0.00064943
internal_weight=577373 554529 543281 11248 350443 192838 9648 22844 16573 6271 12947 3626 4950
internal_count=577373 554529 543281 11248 350443 192838 9648 22844 16573 6271 12947 3626 4950
is_linear=0
shrinkage=0.01


Tree=250
num_leaves=15
num_cat=0
split_feature=3 3 0 1 8 4 3 2 6 6 4 6 8 0
split_gain=16.3221 18.0361 15.8697 14.568 13.0619 11.5508 10.0404 11.9663 9.33312 8.2338 8.07317 5.38204 5.18928 2.71651
threshold=-0.17910452187061307 0.63436561822891246 0.36462400853633886 0.50767141580581676 0.36729501187801367 0.20027330517768863 1.5428064465522768 1.229951858520508 0.20842733234167102 0.15839611738920215 1.4353970885276797 0.23018271476030353 0.11251875385642053 0.44701062142848974
decision_type=2 2 2 2 2 2 2 2 2 2 2 2 2 2
left_child=4 2 3 -2 5 8 9 -8 -1 -3 -7 13 -4 -6
right_child=1 6 12 -5 11 10 7 -9 -10 -11 -12 -13 -14 -15
leaf_value=-0.00014593193867352367 -2.3924477374073841e-05 -0.00011650847575156664 0.00041428546569515683 0.00028719454899464396 -0.00099210993793200368 0.00016829521804381106 -0.00015357692925541095 -0.0011784636275757954 0.00010480443556220036 6.8239745692030539e-05 -0.00025575107705510023 2.7929030146094625e-05 0.00013368628613210279 -0.00037725701663626852
leaf_weight=104436 154266 68330 7679 16446 1670 27922 5154 1584 16199 35629 4843 1153 125995 6067
leaf_count=104436 154266 68330 7679 16446 1670 27922 5154 1584 16199 35629 4843 1153 125995 6067
internal_value=-2.65578e-06 3.02344e-05 7.03244e-05 5.17882e-06 -8.79422e-05 -6.45052e-05 -7.81265e-05 -0.000450365 -0.00011049 -5.12617e-05 9.83784e-05 -0.000460036 0.000151894 -0.000556824
internal_weight=577373 415083 304386 170712 162290 153400 110697 6738 120635 103959 32765 8890 133674 7737
internal_count=577373 415083 304386 170712 162290 153400 110697 6738 120635 103959 32765 8890 133674 7737
is_linear=0
shrinkage=0.01


Tree=251
num_leaves=15
num_cat=0
split_feature=2 1 1 8 3 1 0 8 3 1 0 6 2 6
split_gain=16.1701 14.3984 10.6691 18.1928 10.4537 6.18338 9.96374 8.73908 6.792 5.47636 7.16272 6.99656 4.21954 2.18666
threshold=-1.4715092778205869 -2.2237859964370723 0.68791750073432933 0.11251875385642053 1.2348897457122805 -1.182372987270355 -0.55144193768501271 -0.086074091494083391 -0.59207847714424122 -4.9865622520446768 -0.3073741346597671 -1.6038511395454405 -1.2490260601043699 -0.10024871677160262
decision_type=2 2 2 2 2 2 2 2 2 2 2 2 2 2
left_child=5 12 4 -4 -3 9 8 -8 -7 11 -11 -1 13 -2
right_child=1 2 3 -5 -6 6 7 -9 -10 10 -12 -13 -14 -15
leaf_value=6.2292405282793009e-05 -0.00035954655021325585 1.8961327537794193e-05 0.00085776881303128473 0 -0.00033594106739212755 -0.0007840313622772242 0.00020317475069944979 -0.0002444701801026781 -0.00012517612151694311 0.00016598154810981098 -0.00025349214699943787 -0.00068446175337328013 -0.00071341852141933713 0.0001735626153660044
leaf_weight=1496 1240 498101 3892 7422 8198 5193 5123 17725 3481 13319 5456 2452 3248 1027
leaf_count=1496 1240 498101 3892 7422 8198 5193 5123 17725 3481 13319 5456 2452 3248 1027
internal_value=-2.63628e-06 1.40761e-05 1.99514e-05 0.000321684 1.26895e-05 -0.00016694 -0.00025817 -0.000134529 -0.000550941 -3.05105e-05 3.21556e-05 -0.000363921 -0.000483754 -4.2475e-05
internal_weight=577373 523128 517613 11314 506299 54245 31522 22848 8674 22723 18775 3948 5515 2267
internal_count=577373 523128 517613 11314 506299 54245 31522 22848 8674 22723 18775 3948 5515 2267
is_linear=0
shrinkage=0.01


Tree=252
num_leaves=14
num_cat=0
split_feature=3 3 4 8 6 6 1 1 2 6 4 0 2
split_gain=16.0198 14.5978 13.2534 12.6818 10.6898 10.5296 9.8168 5.48654 6.4752 3.61231 2.96611 2.7083 1.22337
threshold=-2.0281132459640498 1.2348897457122805 0.58148950338363659 0.39649604260921484 0.37413096427917486 -0.13651221990585324 0.56037122011184703 0.23905038833618167 -1.7893295884132383 -0.22828411310911176 -1.8689820766448972 -1.4692081212997434 0.51297646760940563
decision_type=2 2 2 2 2 2 2 2 2 2 2 2 2
left_child=7 2 5 4 -3 -2 -4 8 11 -9 -10 -1 -11
right_child=1 3 6 -5 -6 -7 -8 9 10 12 -12 -13 -14
leaf_value=-7.5379116574156508e-05 -0.00015467210717170726 -5.523677233553446e-05 5.2970718996466303e-05 -0.0013490973691655534 -0.0010473802172580608 1.1225492473047725e-06 0.00026746969780641264 0 -0.00045222609077563778 -0.00077111049831720638 1.4917165008183634e-05 -0.00078331407372255293 -0.00014604231109089971
leaf_weight=1780 50033 9099 167618 1009 1140 300410 25220 1321 1268 3526 11679 1846 1424
leaf_count=1780 50033 9099 167618 1009 1140 300410 25220 1321 1268 3526 11679 1846 1424
internal_value=-2.61701e-06 7.76619e-06 1.55596e-05 -0.000344881 -0.00020281 -2.06255e-05 8.23077e-05 -0.000261224 -0.000145387 -0.000522495 -2.18047e-05 -0.00051017 -0.000642783
internal_weight=577373 554529 543281 11248 10239 350443 192838 22844 16573 6271 12947 3626 4950
internal_count=577373 554529 543281 11248 10239 350443 192838 22844 16573 6271 12947 3626 4950
is_linear=0
shrinkage=0.01


Tree=253
num_leaves=15
num_cat=0
split_feature=3 3 0 1 8 4 4 0 0 6 4 6 8 0
split_gain=15.7829 17.5492 15.4656 14.127 12.8879 11.1572 9.84412 12.0282 9.91454 9.1131 7.9144 5.30152 5.10505 2.6514
threshold=-0.17910452187061307 0.63436561822891246 0.36462400853633886 0.50767141580581676 0.36729501187801367 0.20027330517768863 1.5633385777473452 0.38099333643913275 -0.88895979523658741 0.20842733234167102 1.4353970885276797 0.23018271476030353 0.15172107517719272 0.44701062142848974
decision_type=2 2 2 2 2 2 2 2 2 2 2 2 2 2
left_child=4 2 3 -2 5 9 8 -8 -3 -1 -7 13 -4 -6
right_child=1 6 12 -5 11 10 7 -9 -10 -11 -12 -13 -14 -15
leaf_value=-0.00014345333669757922 -2.3701145768822274e-05 -0.00045665039078712408 2.1737956204771429e-05 0.00028267508064616149 -0.00098348750521641808 0.00016610820229639591 0 -0.0010499927640750264 -3.1169066780045191e-05 0.00010427391765016658 -0.00025369219597690909 2.7229537401301546e-05 0.0001819915774902876 -0.00037392920188863846
leaf_weight=104436 154266 5731 28177 16446 1670 27922 1761 2071 101134 16199 4843 1153 105497 6067
leaf_count=104436 154266 5731 28177 16446 1670 27922 1761 2071 101134 16199 4843 1153 105497 6067
internal_value=-2.62149e-06 2.97148e-05 6.92652e-05 4.94049e-06 -8.64925e-05 -6.32062e-05 -7.7163e-05 -0.000568023 -5.66654e-05 -0.000108416 9.68277e-05 -0.000456072 0.000149789 -0.000552165
internal_weight=577373 415083 304386 170712 162290 153400 110697 3832 106865 120635 32765 8890 133674 7737
internal_count=577373 415083 304386 170712 162290 153400 110697 3832 106865 120635 32765 8890 133674 7737
is_linear=0
shrinkage=0.01


Tree=254
num_leaves=14
num_cat=0
split_feature=3 3 4 8 8 0 1 1 2 6 4 1 2
split_gain=15.6149 14.2639 12.8643 12.4587 10.582 10.3592 9.55318 5.38696 6.37671 3.55043 2.91078 2.68626 1.17849
threshold=-2.0281132459640498 1.2348897457122805 0.58148950338363659 0.39649604260921484 -0.2517580091953277 -0.73403543233871449 0.56037122011184703 0.23905038833618167 -1.7893295884132383 -0.22828411310911176 -1.8689820766448972 -1.7503370642662046 0.51297646760940563
decision_type=2 2 2 2 2 2 2 2 2 2 2 2 2
left_child=7 2 5 4 -3 -2 -4 8 11 -9 -10 -1 -11
right_child=1 3 6 -5 -6 -7 -8 9 10 12 -12 -13 -14
leaf_value=-5.8092577156457032e-05 -0.00017360962165491287 -0.00074341142649186464 5.2152643860014341e-05 -0.0013363911936228369 0 -3.7722959118321624e-07 0.00026379454304611017 0 -0.0004471435207570332 -0.00076276146714223856 1.5912992979946962e-05 -0.00076333678562763628 -0.00014389664758647117
leaf_weight=1702 38960 2470 167618 1009 7769 311483 25220 1321 1268 3526 11679 1924 1424
leaf_count=1702 38960 2470 167618 1009 7769 311483 25220 1321 1268 3526 11679 1924 1424
internal_value=-2.60588e-06 7.64079e-06 1.53486e-05 -0.000340943 -0.000199963 -2.02945e-05 8.11126e-05 -0.000257926 -0.000143039 -0.000516838 -2.03374e-05 -0.000504919 -0.000636066
internal_weight=577373 554529 543281 11248 10239 350443 192838 22844 16573 6271 12947 3626 4950
internal_count=577373 554529 543281 11248 10239 350443 192838 22844 16573 6271 12947 3626 4950
is_linear=0
shrinkage=0.01


Tree=255
num_leaves=15
num_cat=0
split_feature=2 1 6 8 8 1 0 8 3 1 0 6 2 6
split_gain=15.3954 13.989 10.426 19.333 12.3445 6.13128 9.67758 8.6152 6.61295 5.34069 7.10256 6.88444 4.19771 5.15503
threshold=-1.4715092778205869 -2.2237859964370723 0.17779557406902316 0.41351310908794409 0.5027194917201997 -1.182372987270355 -0.55144193768501271 -0.086074091494083391 -0.59207847714424122 -4.9865622520446768 -0.3073741346597671 -1.6038511395454405 -0.93883129954338063 -0.030314832925796505
decision_type=2 2 2 2 2 2 2 2 2 2 2 2 2 2
left_child=5 12 3 -3 -4 9 8 -8 -7 11 -11 -1 13 -2
right_child=1 2 4 -5 -6 6 7 -9 -10 10 -12 -13 -14 -15
leaf_value=6.5246869992236352e-05 -0.0005206464818334381 1.2549146063154779e-05 7.5709566592453432e-05 -0.00025786895528568364 0.00065809775196109177 -0.00077229401322144334 0.00020357647958797596 -0.00024095110007958214 -0.00012151487586203598 0.00016779665124240739 -0.00024959273042203067 -0.00067533748344085238 -0.00091154504758607314 0.00012653516780182798
leaf_weight=1496 2210 349466 136135 28352 3660 5193 5123 17725 3481 13319 5456 2452 1669 1636
leaf_count=1496 2210 349466 136135 28352 3660 5193 5123 17725 3481 13319 5456 2452 1669 1636
internal_value=-2.61428e-06 1.36842e-05 1.94809e-05 -7.34003e-06 9.33042e-05 -0.00016294 -0.000253694 -0.0001317 -0.00054229 -2.72037e-05 3.46111e-05 -0.00035688 -0.000477011 -0.000203272
internal_weight=577373 523128 517613 377818 139795 54245 31522 22848 8674 22723 18775 3948 5515 3846
internal_count=577373 523128 517613 377818 139795 54245 31522 22848 8674 22723 18775 3948 5515 3846
is_linear=0
shrinkage=0.01


Tree=256
num_leaves=14
num_cat=0
split_feature=3 3 1 2 3 9 1 1 2 6 4 0 2
split_gain=15.2789 14.0066 12.5876 12.3741 11.731 11.5137 8.067 5.32049 6.26313 3.48517 2.85095 2.64657 1.12883
threshold=-2.0281132459640498 1.2348897457122805 0.25325605273246771 1.4569476246833803 -0.041261265054345124 0.11105367168784143 0.3566183745861054 0.23905038833618167 -1.7893295884132383 -0.22828411310911176 -1.8689820766448972 -1.4692081212997434 0.51297646760940563
decision_type=2 2 2 2 2 2 2 2 2 2 2 2 2
left_child=7 2 5 6 -4 -2 -3 8 11 -9 -10 -1 -11
right_child=1 3 4 -5 -6 -7 -8 9 10 12 -12 -13 -14
leaf_value=-6.965007228192384e-05 -8.206174417494767e-05 -0.00031439588074425886 -3.9718612792834943e-05 -0.0011227107156106893 9.5321895030280566e-05 7.8662142635557743e-05 0.00038226640681301917 0 -0.00044194512882705131 -0.00075562834168122069 1.6496853229630292e-05 -0.0007689177474790623 -0.00014281263585602967
leaf_weight=1780 172225 7965 87525 1600 224739 58792 1683 1321 1268 3526 11679 1846 1424
leaf_count=1780 172225 7965 87525 1600 224739 58792 1683 1321 1268 3526 11679 1846 1424
internal_value=-2.59659e-06 7.53543e-06 1.51767e-05 -0.000337886 5.68299e-05 -4.02611e-05 -0.000167266 -0.000255157 -0.000140936 -0.000512428 -1.92294e-05 -0.000499507 -0.000630563
internal_weight=577373 554529 543281 11248 312264 231017 9648 22844 16573 6271 12947 3626 4950
internal_count=577373 554529 543281 11248 312264 231017 9648 22844 16573 6271 12947 3626 4950
is_linear=0
shrinkage=0.01


Tree=257
num_leaves=14
num_cat=0
split_feature=3 3 4 8 6 6 1 1 2 6 4 0 2
split_gain=15.0289 13.7423 12.4782 12.2841 10.5226 10.0089 9.33493 5.21709 6.16181 3.41774 2.8024 2.58112 1.08236
threshold=-2.0281132459640498 1.2348897457122805 0.58148950338363659 0.39649604260921484 0.37413096427917486 -0.13651221990585324 0.56037122011184703 0.23905038833618167 -1.7893295884132383 -0.22828411310911176 -1.8689820766448972 -1.4692081212997434 0.51297646760940563
decision_type=2 2 2 2 2 2 2 2 2 2 2 2 2
left_child=7 2 5 4 -3 -2 -4 8 11 -9 -10 -1 -11
right_child=1 3 6 -5 -6 -7 -8 9 10 12 -12 -13 -14
leaf_value=-6.9023925498847596e-05 -0.00015076841682875258 -4.8393676826908242e-05 5.1153724798135067e-05 -0.0013226660133547066 -0.001031661632670604 1.1107342702950493e-06 0.00026038539902558533 0 -0.00043812779517785955 -0.00074847767029083022 1.6334656089352531e-05 -0.00076198017700003582 -0.00014156038661142169
leaf_weight=1780 50033 9099 167618 1009 1140 300410 25220 1321 1268 3526 11679 1846 1424
leaf_count=1780 50033 9099 167618 1009 1140 300410 25220 1321 1268 3526 11679 1846 1424
internal_value=-2.59662e-06 7.44926e-06 1.50214e-05 -0.000334691 -0.000194697 -2.00764e-05 7.97952e-05 -0.000253084 -0.000139797 -0.000507997 -1.89497e-05 -0.000495473 -0.000624995
internal_weight=577373 554529 543281 11248 10239 350443 192838 22844 16573 6271 12947 3626 4950
internal_count=577373 554529 543281 11248 10239 350443 192838 22844 16573 6271 12947 3626 4950
is_linear=0
shrinkage=0.01


Tree=258
num_leaves=15
num_cat=0
split_feature=3 3 0 1 8 4 4 0 0 6 4 6 8 0
split_gain=14.8443 16.9945 14.9232 13.6072 12.7426 10.6349 9.59996 11.8026 9.50912 8.84517 7.76205 5.18544 5.1297 2.60173
threshold=-0.17910452187061307 0.63436561822891246 0.36462400853633886 0.50767141580581676 0.36729501187801367 0.20027330517768863 1.5633385777473452 0.38099333643913275 -0.88895979523658741 0.20842733234167102 1.4353970885276797 0.23018271476030353 0.11251875385642053 0.44701062142848974
decision_type=2 2 2 2 2 2 2 2 2 2 2 2 2 2
left_child=4 2 3 -2 5 9 8 -8 -3 -1 -7 13 -4 -6
right_child=1 6 12 -5 11 10 7 -9 -10 -11 -12 -13 -14 -15
leaf_value=-0.00013950735690723904 -2.3617086259097844e-05 -0.00044797767470440813 0.00040728556974092709 0.00027708166347914536 -0.00097410594831740004 0.00016405932189432864 0 -0.0010387317654743889 -3.1132552541033523e-05 0.00010455381506731183 -0.00025162081080552573 2.5058380711523585e-05 0.00012868993723943781 -0.0003693905074558654
leaf_weight=104436 154266 5731 7679 16446 1670 27922 1761 2071 101134 16199 4843 1153 125995 6067
leaf_count=104436 154266 5731 7679 16446 1670 27922 1761 2071 101134 16199 4843 1153 125995 6067
internal_value=-2.60087e-06 2.87481e-05 6.76764e-05 4.47168e-06 -8.39486e-05 -6.07953e-05 -7.64194e-05 -0.000561245 -5.61504e-05 -0.000104961 9.53967e-05 -0.000451336 0.000146773 -0.000546371
internal_weight=577373 415083 304386 170712 162290 153400 110697 3832 106865 120635 32765 8890 133674 7737
internal_count=577373 415083 304386 170712 162290 153400 110697 3832 106865 120635 32765 8890 133674 7737
is_linear=0
shrinkage=0.01


Tree=259
num_leaves=14
num_cat=0
split_feature=3 3 1 2 8 9 1 1 2 6 4 1 2
split_gain=14.6497 13.442 12.3651 11.5909 11.4807 10.5827 7.79926 5.12234 6.0685 3.35938 2.74991 2.57727 1.04081
threshold=-2.0281132459640498 1.5428064465522768 0.25325605273246771 1.229951858520508 0.33609521389007574 0.11105367168784143 -0.13436675071716306 0.23905038833618167 -1.7893295884132383 -0.22828411310911176 -1.8689820766448972 -1.7503370642662046 0.51297646760940563
decision_type=2 2 2 2 2 2 2 2 2 2 2 2 2
left_child=7 2 5 6 -4 -2 -3 8 11 -9 -10 -1 -11
right_child=1 3 4 -5 -6 -7 -8 9 10 12 -12 -13 -14
leaf_value=-5.1498787473205608e-05 -8.1228241740907554e-05 -0.00048551654148245785 8.8459030189523652e-05 -0.0011442982731608888 -5.2279275264202862e-05 7.1714342393437724e-05 0.00024235276959650042 0 -0.00043320011620965536 -0.00074037328355778685 1.7283198544129254e-05 -0.00074306491938598421 -0.00013947742829053278
leaf_weight=1702 174159 2936 239631 1584 74375 59626 2218 1321 1268 3526 11679 1924 1424
leaf_count=1702 174159 2936 239631 1584 74375 59626 2218 1321 1268 3526 11679 1924 1424
internal_value=-2.58418e-06 7.3297e-06 1.32192e-05 -0.00042923 5.44754e-05 -4.13381e-05 -0.000137574 -0.000249894 -0.000137534 -0.000502503 -1.75425e-05 -0.000490387 -0.000618474
internal_weight=577373 554529 547791 6738 314006 233785 5154 22844 16573 6271 12947 3626 4950
internal_count=577373 554529 547791 6738 314006 233785 5154 22844 16573 6271 12947 3626 4950
is_linear=0
shrinkage=0.01


Tree=260
num_leaves=15
num_cat=0
split_feature=2 1 1 8 3 1 0 8 3 0 8 1 2 6
split_gain=14.4801 13.5378 10.1705 17.7957 9.43801 6.08987 9.41257 8.52073 6.43434 5.24774 10.9024 6.73374 4.11942 2.07023
threshold=-1.4715092778205869 -2.2237859964370723 0.68791750073432933 0.11251875385642053 1.3669795393943789 -1.182372987270355 -0.55144193768501271 -0.086074091494083391 -0.59207847714424122 -0.3073741346597671 -0.21202227473258969 -4.9865622520446768 -1.2490260601043699 -0.10024871677160262
decision_type=2 2 2 2 2 2 2 2 2 2 2 2 2 2
left_child=5 12 4 -4 -3 9 8 -8 -7 11 -11 -1 13 -2
right_child=1 2 3 -5 -6 6 7 -9 -10 10 -12 -13 -14 -15
leaf_value=-0.00029851319908842005 -0.0003461763389398887 1.7060524632565241e-05 0.00084346583521306738 0 -0.00036989060846669006 -0.00075985733904591977 0.00020551943796835907 -0.00023676376468955793 -0.0001173640634193212 -0.0011389116938982768 -2.5098249732531369e-05 0.0001704005680175421 -0.00069569723792709069 0.00017446053838478771
leaf_weight=3577 1240 500148 3892 7422 6151 5193 5123 17725 3481 1009 4818 13319 3248 1027
leaf_count=3577 1240 500148 3892 7422 6151 5193 5123 17725 3481 1009 4818 13319 3248 1027
internal_value=-2.58529e-06 1.32106e-05 1.89193e-05 0.0003135 1.18204e-05 -0.00015808 -0.000248406 -0.000127994 -0.00053301 -2.29781e-05 -0.000282543 5.70988e-05 -0.0004695 -3.42241e-05
internal_weight=577373 523128 517613 11314 506299 54245 31522 22848 8674 22723 5827 16896 5515 2267
internal_count=577373 523128 517613 11314 506299 54245 31522 22848 8674 22723 5827 16896 5515 2267
is_linear=0
shrinkage=0.01


Tree=261
num_leaves=15
num_cat=0
split_feature=3 3 0 1 8 4 4 2 0 6 4 4 6 0
split_gain=14.4039 16.5304 14.5727 13.2104 12.5176 10.3142 9.37432 11.6008 9.23845 8.6581 7.60021 5.11517 5.1073 2.54397
threshold=-0.17910452187061307 0.63436561822891246 0.36462400853633886 0.50767141580581676 0.36729501187801367 0.20027330517768863 1.5633385777473452 1.0699092745780947 -0.88895979523658741 0.20842733234167102 1.4353970885276797 -1.0428974032402036 0.23018271476030353 0.44701062142848974
decision_type=2 2 2 2 2 2 2 2 2 2 2 2 2 2
left_child=4 2 3 -2 5 9 8 -8 -3 -1 -7 -4 13 -6
right_child=1 6 11 -5 12 10 7 -9 -10 -11 -12 -13 -14 -15
leaf_value=-0.00013745420838824691 -2.3432632508044142e-05 -0.00044160575372872535 0.0003851163243269548 0.00027285320456646152 -0.00096513423689802602 0.00016201705418625136 0 -0.0011611866763877301 -3.066842758498715e-05 0.00010397737959405794 -0.00024922627512821363 0.00012547878071647649 2.5008521056530966e-05 -0.00036553886043971627
leaf_weight=104436 154266 5731 8925 16446 1670 27922 2252 1580 101134 16199 4843 124749 1153 6067
leaf_count=104436 154266 5731 8925 16446 1670 27922 2252 1580 101134 16199 4843 124749 1153 6067
internal_value=-2.57601e-06 2.8299e-05 6.66971e-05 4.22656e-06 -8.27124e-05 -5.97535e-05 -7.54114e-05 -0.00055456 -5.53581e-05 -0.000103261 9.40208e-05 0.000144857 -0.000446842 -0.000541216
internal_weight=577373 415083 304386 170712 162290 153400 110697 3832 106865 120635 32765 133674 8890 7737
internal_count=577373 415083 304386 170712 162290 153400 110697 3832 106865 120635 32765 133674 8890 7737
is_linear=0
shrinkage=0.01


Tree=262
num_leaves=15
num_cat=0
split_feature=3 1 8 3 2 2 4 1 1 2 3 4 6 2
split_gain=14.202 13.3817 11.3774 12.6145 12.2232 8.4049 10.666 7.38 6.56815 5.41994 3.41589 3.15052 1.93425 2.28913
threshold=-1.9160559177398679 0.13393108546733859 0.33609521389007574 -0.092942319810390459 -1.4715092778205869 0.069303836673498168 1.2717618942260744 0.23513637483119967 1.0000000180025095e-35 -1.7893295884132383 -3.60377025604248 -1.8689820766448972 -0.22828411310911176 0.51297646760940563
decision_type=2 2 2 2 2 2 2 2 2 2 2 2 2 2
left_child=7 5 4 -4 -3 6 -2 9 -7 10 -1 -11 -9 -14
right_child=1 2 3 -5 -6 8 -8 12 -10 11 -12 -13 13 -15
leaf_value=-0.00081866490524578825 -5.4877670700729157e-05 -0.00047488509085667654 -0.00034388475021934122 -3.0066228906551029e-06 8.0113133203098871e-05 -0.00035845827800949707 0.00028818675918520267 -1.3857221407106341e-05 -1.5575879981569098e-05 -0.00044349803052975311 -8.9038634932797606e-05 3.620550433447461e-05 -0.00073642774666969309 -0.00010788659163675154
leaf_weight=1403 145624 3731 13014 67936 286392 15624 9337 1454 10639 1316 2453 12671 4073 1706
leaf_count=1403 145624 3731 13014 67936 286392 15624 9337 1454 10639 1316 2453 12671 4073 1706
internal_value=-2.5646e-06 7.69044e-06 4.24056e-05 -6.09852e-05 7.19647e-05 -6.22581e-05 -3.25729e-05 -0.000234617 -0.000228284 -0.000108346 -0.000431099 -4.47027e-07 -0.000507912 -0.000594144
internal_weight=577373 552297 371073 80950 290123 181224 154961 25076 26263 17843 3856 13987 7233 5779
internal_count=577373 552297 371073 80950 290123 181224 154961 25076 26263 17843 3856 13987 7233 5779
is_linear=0
shrinkage=0.01


Tree=263
num_leaves=14
num_cat=0
split_feature=2 4 3 1 4 2 2 6 6 9 6 9 3
split_gain=14.0129 15.1086 19.9429 14.4388 9.72911 8.05445 8.02577 7.80983 9.80418 6.93174 7.4322 6.5774 5.39359
threshold=-0.57207393646240223 1.5270777344703677 1.114936411380768 -0.66213485598564137 0.26756148040294653 -1.8768151998519895 -0.2803343385457992 0.21031453460454944 0.22280573844909671 -0.89413523674011219 -0.58773475885391224 0.48125684261322027 -0.11058406904339789
decision_type=2 2 2 2 2 2 2 2 2 2 2 2 2
left_child=5 3 12 6 -5 9 -2 11 -9 -1 -11 -7 -3
right_child=1 2 -4 4 -6 7 -8 8 -10 10 -12 -13 -14
leaf_value=-0.00084276186849665646 0 -0.00054296866001054514 -0.0014839574013146442 -1.6404774342392649e-06 9.9757602863134753e-05 -0.00010487566896350072 -0.00062211501902960712 0.00065790125677205448 2.0942605087191334e-05 0.00018402356557964576 -0.00038332773865405235 0.00021421463609615891 -2.8166675611773121e-05
leaf_weight=2191 3084 2632 1098 171030 201552 134076 4765 2541 28130 2956 6080 6216 11022
leaf_count=2191 3084 2632 1098 171030 201552 134076 4765 2541 28130 2956 6080 6216 11022
internal_value=-2.57724e-06 3.05129e-05 -0.000279558 4.32026e-05 5.26994e-05 -7.54035e-05 -0.000372861 -5.6737e-05 8.41117e-05 -0.000336183 -0.000176107 -8.90292e-05 -0.000148244
internal_weight=577373 395183 14752 380431 372582 182190 7849 170963 30671 11227 9036 140292 13654
internal_count=577373 395183 14752 380431 372582 182190 7849 170963 30671 11227 9036 140292 13654
is_linear=0
shrinkage=0.01


Tree=264
num_leaves=14
num_cat=0
split_feature=3 3 4 2 0 1 1 1 1 6 3 6 2
split_gain=13.8999 12.729 12.0466 11.314 9.40167 9.19968 7.66506 5.17039 9.97983 3.63185 2.80952 5.94687 2.08006
threshold=-2.2965553998947139 1.5428064465522768 0.58148950338363659 1.229951858520508 -0.73403543233871449 0.56037122011184703 -1.5246364474296568 0.13393108546733859 -0.18681664019823072 -0.95244386792182911 -4.2125575542449942 -0.12622503191232678 -1.3162750601768491
decision_type=2 2 2 2 2 2 2 2 2 2 2 2 2
left_child=7 2 4 6 -2 -4 -3 8 9 -1 -9 -12 -10
right_child=1 3 5 -5 -6 -7 -8 10 12 -11 11 -13 -14
leaf_value=-5.7974724790199223e-05 -0.00016526848929724434 -0.00082099677579025739 4.6876530163212847e-05 -0.0011248955369802744 -3.321989164751285e-06 0.00025344041666344475 3.2624108056579511e-05 -0.0010146577297923396 0 -0.00054038975946244438 5.934753676756914e-05 -0.00055723509744427812 0.00046195803098472601
leaf_weight=4285 40658 1066 169772 1584 316468 25448 4088 1174 1383 3995 1717 3557 2178
leaf_count=4285 40658 1066 169772 1584 316468 25448 4088 1174 1383 3995 1717 3557 2178
internal_value=-2.56669e-06 6.00254e-06 1.16975e-05 -0.000418896 -2.24011e-05 7.50585e-05 -0.000130648 -0.000272572 -0.000121723 -0.000321574 -0.000507506 -0.00032513 0.00028218
internal_weight=577373 559084 552346 6738 357126 195220 5154 18289 11841 8280 6448 5274 3561
internal_count=577373 559084 552346 6738 357126 195220 5154 18289 11841 8280 6448 5274 3561
is_linear=0
shrinkage=0.01


Tree=265
num_leaves=15
num_cat=0
split_feature=3 3 0 1 8 4 4 0 0 6 4 8 6 0
split_gain=13.6769 16.1115 14.0958 12.7708 12.1999 9.86105 9.08342 11.4831 8.89549 8.4246 7.38423 5.11339 5.02306 2.49898
threshold=-0.17910452187061307 0.63436561822891246 0.36462400853633886 0.50767141580581676 0.36729501187801367 0.20027330517768863 1.5633385777473452 0.38099333643913275 -0.88895979523658741 0.20842733234167102 1.4228171706199648 0.15172107517719272 0.23018271476030353 0.44701062142848974
decision_type=2 2 2 2 2 2 2 2 2 2 2 2 2 2
left_child=4 2 3 -2 5 9 8 -8 -3 -1 -7 -4 13 -6
right_child=1 6 11 -5 12 10 7 -9 -10 -11 -12 -13 -14 -15
leaf_value=-0.00013429021148449858 -2.3203016072287125e-05 -0.00043421423955175087 1.454633350228759e-05 0.00026811614379590172 -0.00095396553752364916 0.00016135095164597932 0 -0.001017955143358054 -3.081815678505706e-05 0.00010385073891822883 -0.00023535962619391869 0.00017443782919894144 2.7024944248166643e-05 -0.00035955334855631535
leaf_weight=104436 154266 5731 28177 16446 1670 27652 1761 2071 101134 16199 5113 105497 1153 6067
leaf_count=104436 154266 5731 28177 16446 1670 27652 1761 2071 101134 16199 5113 105497 1153 6067
internal_value=-2.56047e-06 2.75159e-05 6.54308e-05 3.97271e-06 -8.06556e-05 -5.79757e-05 -7.48663e-05 -0.000546675 -5.50904e-05 -0.000100538 9.23246e-05 0.0001423 -0.000440118 -0.000533859
internal_weight=577373 415083 304386 170712 162290 153400 110697 3832 106865 120635 32765 133674 8890 7737
internal_count=577373 415083 304386 170712 162290 153400 110697 3832 106865 120635 32765 133674 8890 7737
is_linear=0
shrinkage=0.01


Tree=266
num_leaves=13
num_cat=0
split_feature=3 3 8 4 6 2 6 1 0 6 8 3
split_gain=13.5415 12.4418 12.1607 11.9759 10.3071 9.11697 8.92365 5.0945 5.11836 6.94431 2.80998 0.527132
threshold=-2.2965553998947139 1.2348897457122805 0.39649604260921484 0.58148950338363659 0.37413096427917486 -1.6003720164299009 0.15405262261629107 0.36972695589065557 -0.21792905777692792 -0.1166810169816017 -0.41481736302375788 -2.9027111530303951
decision_type=2 2 2 2 2 2 2 2 2 2 2 2
left_child=7 3 4 5 -3 -2 -5 8 10 -10 -1 -9
right_child=1 2 -4 6 -6 -7 -8 11 9 -11 -12 -13
leaf_value=-0.00016082712669915662 -0.00019366514560952654 -3.6318042884637038e-05 -0.0013005079957887661 1.9255766856685121e-05 -0.0010073405208305887 -5.4590425162772553e-06 0.00016037147131816036 -0.00096302526620824572 0.0004291120547426291 -0.00027889007706143016 -0.00058321381680965351 -0.00019915462802051428
leaf_weight=7955 28017 9099 1009 116211 1140 326663 76945 1211 2552 2383 3057 1131
leaf_count=7955 28017 9099 1009 116211 1140 326663 76945 1211 2552 2383 3057 1131
internal_value=-2.54491e-06 5.90855e-06 -0.000319695 1.30729e-05 -0.000180818 -2.09902e-05 7.66123e-05 -0.000269048 -0.000182729 5.07387e-05 -0.000304234 -0.000717507
internal_weight=577373 559084 11248 547836 10239 354680 193156 18289 15947 4935 11012 2342
internal_count=577373 559084 11248 547836 10239 354680 193156 18289 15947 4935 11012 2342
is_linear=0
shrinkage=0.01


Tree=267
num_leaves=14
num_cat=0
split_feature=3 3 4 2 0 1 1 1 1 6 3 6 2
split_gain=13.3202 12.2853 11.4725 11.0971 9.07429 8.9516 7.51073 5.03726 9.77699 3.5712 2.77591 5.80514 2.04454
threshold=-2.2965553998947139 1.5428064465522768 0.58148950338363659 1.229951858520508 -0.73403543233871449 0.56037122011184703 -1.5246364474296568 0.13393108546733859 -0.18681664019823072 -0.95244386792182911 -4.2125575542449942 -0.12622503191232678 -1.3162750601768491
decision_type=2 2 2 2 2 2 2 2 2 2 2 2 2
left_child=7 2 4 6 -2 -4 -3 8 9 -1 -9 -12 -10
right_child=1 3 5 -5 -6 -7 -8 10 12 -11 11 -13 -14
leaf_value=-5.4511831851434449e-05 -0.0001621924021135265 -0.00081004786278278602 4.5452768044192174e-05 -0.0011105120597269403 -3.0833858649247109e-06 0.00024921964472995206 3.5224812546307955e-05 -0.0010015961530533558 0 -0.00053260764266710881 6.1303335403509524e-05 -0.0005474164923590202 0.00045998142234224412
leaf_weight=4285 40658 1066 169772 1584 316468 25448 4088 1174 1383 3995 1717 3557 2178
leaf_count=4285 40658 1066 169772 1584 316468 25448 4088 1174 1383 3995 1717 3557 2178
internal_value=-2.55451e-06 5.82671e-06 1.14279e-05 -0.000411593 -2.18379e-05 7.32662e-05 -0.000125976 -0.000266872 -0.000117838 -0.000315893 -0.000498694 -0.000317706 0.000281811
internal_weight=577373 559084 552346 6738 357126 195220 5154 18289 11841 8280 6448 5274 3561
internal_count=577373 559084 552346 6738 357126 195220 5154 18289 11841 8280 6448 5274 3561
is_linear=0
shrinkage=0.01


Tree=268
num_leaves=15
num_cat=0
split_feature=3 3 0 1 8 3 4 0 0 4 4 6 0 8
split_gain=13.1487 15.7127 13.7155 12.4213 12.0544 9.73263 8.87938 11.2711 8.61892 8.47458 5.13872 4.94478 2.43685 1.32627
threshold=-0.17910452187061307 0.63436561822891246 0.36462400853633886 0.50767141580581676 0.36729501187801367 -5.3401625156402579 1.5633385777473452 0.38099333643913275 -0.88895979523658741 0.20027330517768863 -1.0428974032402036 0.23018271476030353 0.44701062142848974 -0.84437102079391468
decision_type=2 2 2 2 2 2 2 2 2 2 2 2 2 2
left_child=4 2 3 -2 5 13 8 -8 -3 -7 -4 12 -6 -1
right_child=1 6 10 -5 11 9 7 -9 -10 -11 -12 -13 -14 -15
leaf_value=-0.00018647105100954388 -2.3040700427186455e-05 -0.00042784397936708907 0.0003805226567718647 0.00026426850791779833 -0.00094563533768806751 -8.4938699268601213e-05 0 -0.0010076758755381587 -3.0660506389806059e-05 9.4613926065224149e-05 0.00012083241719298766 2.602834622420409e-05 -0.0003564220086761561 -0.0009965501938050212
leaf_weight=1327 154266 5731 8925 16446 1670 118348 1761 2071 101134 32674 124749 1153 6067 1051
leaf_count=1327 154266 5731 8925 16446 1670 118348 1761 2071 101134 32674 124749 1153 6067 1051
internal_value=-2.54815e-06 2.69346e-05 6.4383e-05 3.74467e-06 -7.91262e-05 -5.65781e-05 -7.41651e-05 -0.000540723 -5.45883e-05 -4.46957e-05 0.000140208 -0.000436394 -0.000529424 -0.000671616
internal_weight=577373 415083 304386 170712 162290 153400 110697 3832 106865 151022 133674 8890 7737 2378
internal_count=577373 415083 304386 170712 162290 153400 110697 3832 106865 151022 133674 8890 7737 2378
is_linear=0
shrinkage=0.01


Tree=269
num_leaves=15
num_cat=0
split_feature=2 1 1 6 3 1 0 8 3 0 8 1 2 6
split_gain=12.9759 12.9097 9.74735 17.4972 8.66589 6.14331 9.03913 8.41294 6.24469 5.28662 10.7221 6.63234 4.06935 4.95947
threshold=-1.4715092778205869 -2.2237859964370723 0.68791750073432933 0.062204292044043548 1.3669795393943789 -1.182372987270355 -0.55144193768501271 -0.086074091494083391 -0.59207847714424122 -0.3073741346597671 -0.21202227473258969 -4.9865622520446768 -0.93883129954338063 -0.030314832925796505
decision_type=2 2 2 2 2 2 2 2 2 2 2 2 2 2
left_child=5 12 4 -4 -3 9 8 -8 -7 11 -11 -1 13 -2
right_child=1 2 3 -5 -6 6 7 -9 -10 10 -12 -13 -14 -15
leaf_value=-0.00028580658702984373 -0.00050292429871880357 1.6056085800929977e-05 -0.00034239972394676035 0.00053068350050344121 -0.00035471342792249116 -0.00074223884975054726 0.00020950986599155026 -0.00023036151056884523 -0.00010952965940439066 -0.0011245525545980611 -2.0600879426635232e-05 0.00017821490597420784 -0.00088534926374940178 0.00013268647926753288
leaf_weight=3577 2210 500148 2651 8663 6151 5193 5123 17725 3481 1009 4818 13319 1669 1636
leaf_count=3577 2210 500148 2651 8663 6151 5193 5123 17725 3481 1009 4818 13319 1669 1636
internal_value=-2.54217e-06 1.23918e-05 1.79758e-05 0.000306346 1.10185e-05 -0.000149752 -0.000240214 -0.000122093 -0.000519053 -1.4534e-05 -0.000275918 6.60854e-05 -0.000458994 -0.000189925
internal_weight=577373 523128 517613 11314 506299 54245 31522 22848 8674 22723 5827 16896 5515 3846
internal_count=577373 523128 517613 11314 506299 54245 31522 22848 8674 22723 5827 16896 5515 3846
is_linear=0
shrinkage=0.01


Tree=270
num_leaves=15
num_cat=0
split_feature=3 3 8 4 6 6 1 8 3 6 4 1 6 1
split_gain=12.8811 11.9178 11.9993 10.7548 10.1298 8.95769 8.36836 5.1819 5.80454 5.039 4.98429 3.29867 3.18771 3.03263
threshold=-2.0281132459640498 1.2348897457122805 0.39649604260921484 0.58148950338363659 0.37413096427917486 -0.13651221990585324 0.56037122011184703 -0.41481736302375788 -3.60377025604248 -1.0772026181221006 -1.0118523836135862 -0.18681664019823072 -0.1166810169816017 0.22730349004268649
decision_type=2 2 2 2 2 2 2 2 2 2 2 2 2 2
left_child=7 3 4 5 -3 -2 -5 8 9 -1 12 -10 -9 -12
right_child=1 2 -4 6 -6 -7 -8 10 11 -11 13 -13 -14 -15
leaf_value=0 -0.00014239136249637028 -3.0763032797515988e-05 -0.0012853087099876435 4.6773333533403473e-05 -0.0009925557539608059 1.2644311306715044e-06 0.00024497967878546592 -0.00024190907635875629 0 -0.0006738868212471463 0.00037583221062022015 0.0004336798110754392 -0.00070988807238723303 -0.00023911067952903125
leaf_weight=2124 50033 9099 1009 167618 1140 300410 25220 5453 3822 1978 1065 2149 4274 1979
leaf_count=2124 50033 9099 1009 167618 1140 300410 25220 5453 3822 1978 1065 2149 4274 1979
internal_value=-2.54283e-06 6.73143e-06 -0.000311847 1.38076e-05 -0.000173972 -1.87445e-05 7.39584e-05 -0.000234455 -4.02647e-05 -0.000335828 -0.000369219 0.000134677 -0.000477843 0
internal_weight=577373 554529 11248 543281 10239 350443 192838 22844 10073 4102 12771 5971 9727 3044
internal_count=577373 554529 11248 543281 10239 350443 192838 22844 10073 4102 12771 5971 9727 3044
is_linear=0
shrinkage=0.01


Tree=271
num_leaves=15
num_cat=0
split_feature=3 3 0 1 8 3 9 4 0 4 4 6 0 8
split_gain=12.7019 15.3023 13.3588 12.0568 11.8933 9.50519 8.8389 16.3045 9.31836 8.17326 5.07636 4.86945 2.37626 1.30557
threshold=-0.17910452187061307 0.63436561822891246 0.36462400853633886 0.50767141580581676 0.36729501187801367 -5.3401625156402579 0.58994424343109142 1.1076869368553164 -0.88895979523658741 0.20027330517768863 -1.0428974032402036 0.23018271476030353 0.44701062142848974 -0.84437102079391468
decision_type=2 2 2 2 2 2 2 2 2 2 2 2 2 2
left_child=4 2 3 -2 5 13 8 -8 -3 -7 -4 12 -6 -1
right_child=1 6 10 -5 11 9 7 -9 -10 -11 -12 -13 -14 -15
leaf_value=-0.00018162418113559114 -2.2836760713770424e-05 -0.00042942703834939594 0.00037703250068772508 0.00026022992066862321 -0.00093735873600826628 -8.3187946605343103e-05 -2.4143102970325496e-05 -0.0011694412023868696 -2.37677357956395e-05 9.3118293059326547e-05 0.00011896332001094817 2.5204467165221219e-05 -0.00035329053264833199 -0.0009851508225250296
leaf_weight=1327 154266 5942 8925 16446 1670 118348 4056 1885 98814 32674 124749 1153 6067 1051
leaf_count=1327 154266 5942 8925 16446 1670 118348 4056 1885 98814 32674 124749 1153 6067 1051
internal_value=-2.5383e-06 2.64329e-05 6.33944e-05 3.53565e-06 -7.7809e-05 -5.5406e-05 -7.33286e-05 -0.00044635 -4.94577e-05 -4.36484e-05 0.000138225 -0.000432655 -0.000525001 -0.000663213
internal_weight=577373 415083 304386 170712 162290 153400 110697 5941 104756 151022 133674 8890 7737 2378
internal_count=577373 415083 304386 170712 162290 153400 110697 5941 104756 151022 133674 8890 7737 2378
is_linear=0
shrinkage=0.01


Tree=272
num_leaves=14
num_cat=0
split_feature=2 4 3 1 1 2 2 6 6 9 6 9 3
split_gain=12.5431 14.6571 18.8166 13.7458 8.91575 7.8425 7.57993 7.49916 9.57795 6.80443 7.2964 6.3013 5.26024
threshold=-0.57207393646240223 1.5270777344703677 1.114936411380768 -0.66213485598564137 0.68791750073432933 -0.2803343385457992 -1.8768151998519895 0.21031453460454944 0.22280573844909671 -0.89413523674011219 -0.58773475885391224 0.48125684261322027 -0.11058406904339789
decision_type=2 2 2 2 2 2 2 2 2 2 2 2 2
left_child=6 3 12 5 -5 -2 9 11 -9 -1 -11 -8 -3
right_child=1 2 -4 4 -6 -7 7 8 -10 10 -12 -13 -14
leaf_value=-0.00082525319189672829 0 -0.00053869512776556782 -0.0014477620356198176 4.1595393614804451e-05 0.0003419150178757698 -0.0006111859640269868 -0.00010053669060112234 0.00065206246573499388 2.2166862228764472e-05 0.00019092682059037729 -0.00037207292283441765 0.00021179362618527296 -2.9596922000456566e-05
leaf_weight=2191 3084 2632 1098 362378 10204 4765 134076 2541 28130 2956 6080 6216 11022
leaf_count=2191 3084 2632 1098 362378 10204 4765 134076 2541 28130 2956 6080 6216 11022
internal_value=-2.53832e-06 2.87485e-05 -0.00027668 4.12567e-05 5.05359e-05 -0.000364675 -7.14553e-05 -5.33147e-05 8.47167e-05 -0.000324428 -0.000166095 -8.49927e-05 -0.000148529
internal_weight=577373 395183 14752 380431 372582 7849 182190 170963 30671 11227 9036 140292 13654
internal_count=577373 395183 14752 380431 372582 7849 182190 170963 30671 11227 9036 140292 13654
is_linear=0
shrinkage=0.01


Tree=273
num_leaves=13
num_cat=0
split_feature=3 3 2 4 6 0 1 1 0 6 2 3
split_gain=12.4603 11.5421 10.8712 10.7822 8.86411 8.5138 7.37563 5.01112 5.01172 6.78547 2.7641 0.524723
threshold=-2.2965553998947139 1.5428064465522768 1.229951858520508 0.58148950338363659 0.15405262261629107 -0.73403543233871449 -0.13436675071716306 0.36972695589065557 -0.21792905777692792 -0.1166810169816017 -1.7893295884132383 -2.9027111530303951
decision_type=2 2 2 2 2 2 2 2 2 2 2 2
left_child=7 3 6 5 -5 -2 -3 8 10 -10 -1 -9
right_child=1 2 -4 4 -6 -7 -8 11 9 -11 -12 -13
leaf_value=-0.0005984452921484199 -0.00015717760907583284 -0.0004574242148492533 -0.0010898395094993388 1.4309363432429425e-05 0.00015410528836667207 -3.0350853033443059e-06 0.00025246900846752991 -0.0009435167314034565 0.00043177444920645009 -0.00026623499337939427 -0.00016243727660505996 -0.00018954847743916643
leaf_weight=2636 40658 2936 1584 117663 77557 316468 2218 1211 2552 2383 8376 1131
leaf_count=2636 40658 2936 1584 117663 77557 316468 2218 1211 2552 2383 8376 1131
internal_value=-2.51975e-06 5.57489e-06 -0.000399003 1.10149e-05 7.09718e-05 -2.12217e-05 -0.000116551 -0.000258169 -0.000172769 5.85313e-05 -0.000293458 -0.000701649
internal_weight=577373 559084 6738 552346 195220 357126 5154 18289 15947 4935 11012 2342
internal_count=577373 559084 6738 552346 195220 357126 5154 18289 15947 4935 11012 2342
is_linear=0
shrinkage=0.01


Tree=274
num_leaves=14
num_cat=0
split_feature=3 1 9 3 2 6 6 6 3 6 0 0 8
split_gain=12.2767 12.0518 20.053 16.3054 20.0092 12.038 7.53478 6.94154 6.77029 4.73626 7.98556 4.97166 1.37634
threshold=-1.0550137758255003 0.64819130301475536 0.092859849333763136 1.3669795393943789 1.240332365036011 0.056771613657474525 0.17041838914155963 0.18173450231552127 -5.3401625156402579 -0.45399881899356836 -0.50320580601692189 -1.1537911295890806 -0.84437102079391468
decision_type=2 2 2 2 2 2 2 2 2 2 2 2 2
left_child=8 3 5 7 -5 -3 -4 -2 12 11 -11 -10 -1
right_child=1 2 6 4 -6 -7 -8 -9 9 10 -12 -13 -14
leaf_value=-0.00017620274101487056 -1.0911507007194355e-05 -2.9995188252789879e-05 -0.00030225358153334686 -0.00014843762592415096 -0.0014085515812133859 0.00076295472086769544 0.00031349255762084063 7.410128509608281e-05 0.00026157179086430974 -0.00039539309829869933 -7.1676984356303685e-05 -0.00010963434494826216 -0.00098324956489166042
leaf_weight=1327 365707 1906 5444 6840 1525 7434 2670 128916 5856 11363 29280 8048 1057
leaf_count=1327 365707 1906 5444 6840 1525 7434 2670 128916 5856 11363 29280 8048 1057
internal_value=-2.51884e-06 1.23988e-05 0.000269346 2.98161e-06 -0.000429043 0.000582938 -7.29126e-05 1.08626e-05 -0.000141957 -0.000113342 -0.000168572 3.40198e-05 -0.000659832
internal_weight=577373 520442 17454 502988 8365 9340 8114 494623 56931 54547 40643 13904 2384
internal_count=577373 520442 17454 502988 8365 9340 8114 494623 56931 54547 40643 13904 2384
is_linear=0
shrinkage=0.01


Tree=275
num_leaves=15
num_cat=0
split_feature=3 3 0 8 1 3 9 4 0 4 8 6 0 8
split_gain=12.1369 14.8489 12.9555 11.7706 11.6468 9.14872 8.70653 15.9286 8.99042 7.87463 5.07059 4.78768 2.31154 1.25988
threshold=-0.17910452187061307 0.63436561822891246 0.36462400853633886 0.36729501187801367 0.50767141580581676 -5.3401625156402579 0.58994424343109142 1.1076869368553164 -0.88895979523658741 0.20027330517768863 0.15172107517719272 0.23018271476030353 0.44701062142848974 -0.84437102079391468
decision_type=2 2 2 2 2 2 2 2 2 2 2 2 2 2
left_child=3 2 4 5 -2 13 8 -8 -3 -7 -4 12 -5 -1
right_child=1 6 10 11 -6 9 7 -9 -10 -11 -12 -13 -14 -15
leaf_value=-0.0001746714827205105 -2.2655918599117561e-05 -0.00042203765173181722 8.9502006277606891e-06 -0.00092891636808434903 0.00025556293559860556 -8.1087711682920906e-05 -2.4688279750114446e-05 -0.0011575539246697329 -2.3491789951648954e-05 9.1956445528635792e-05 0.00016783313957400848 2.3753345924713883e-05 -0.00035026638941216187 -0.00096671063937941483
leaf_weight=1327 154266 5942 28177 1670 16446 118348 4056 1885 98814 32674 105497 1153 6067 1051
leaf_count=1327 154266 5942 28177 1670 16446 118348 4056 1885 98814 32674 105497 1153 6067 1051
internal_value=-2.51867e-06 2.57926e-05 6.22089e-05 -7.61028e-05 3.24454e-06 -5.38144e-05 -7.24704e-05 -0.000442692 -4.87649e-05 -4.22545e-05 0.0001359 -0.000429049 -0.000520624 -0.000650147
internal_weight=577373 415083 304386 162290 170712 153400 110697 5941 104756 151022 133674 8890 7737 2378
internal_count=577373 415083 304386 162290 170712 153400 110697 5941 104756 151022 133674 8890 7737 2378
is_linear=0
shrinkage=0.01


Tree=276
num_leaves=15
num_cat=0
split_feature=2 1 6 8 8 1 0 8 3 0 8 1 2 6
split_gain=12.0251 12.4266 9.19186 19.0762 12.14 6.13445 8.70908 8.31041 6.05435 5.27983 10.5391 6.52315 4.00259 1.93768
threshold=-1.4715092778205869 -2.2237859964370723 0.17779557406902316 0.41351310908794409 0.5027194917201997 -1.182372987270355 -0.55144193768501271 -0.086074091494083391 -0.59207847714424122 -0.3073741346597671 -0.21202227473258969 -4.9865622520446768 -1.2490260601043699 -0.10024871677160262
decision_type=2 2 2 2 2 2 2 2 2 2 2 2 2 2
left_child=5 12 3 -3 -4 9 8 -8 -7 11 -11 -1 13 -2
right_child=1 2 4 -5 -6 6 7 -9 -10 10 -12 -13 -14 -15
leaf_value=-0.00027695384009390246 -0.00032949609540163595 1.1922873656382001e-05 6.9229049734070416e-05 -0.00025667616848576517 0.00064625334282287453 -0.00072789980045718529 0.0002112763151281723 -0.000226107676192257 -0.00010444856490497725 -0.0011121396135829228 -1.7838731988734238e-05 0.00018235542104884072 -0.00067253155100087836 0.00017765173707998705
leaf_weight=3577 1240 349466 136135 28352 3660 5193 5123 17725 3481 1009 4818 13319 3248 1027
leaf_count=3577 1240 349466 136135 28352 3660 5193 5123 17725 3481 1009 4818 13319 3248 1027
internal_value=-2.51981e-06 1.18432e-05 1.73292e-05 -7.82924e-06 8.66665e-05 -0.000144242 -0.000234487 -0.000118377 -0.000508231 -9.37413e-06 -0.000271129 7.13154e-05 -0.000450636 -2.29006e-05
internal_weight=577373 523128 517613 377818 139795 54245 31522 22848 8674 22723 5827 16896 5515 2267
internal_count=577373 523128 517613 377818 139795 54245 31522 22848 8674 22723 5827 16896 5515 2267
is_linear=0
shrinkage=0.01


Tree=277
num_leaves=14
num_cat=0
split_feature=3 3 2 4 6 0 1 1 1 6 3 6 2
split_gain=11.9303 11.0654 10.5114 10.4108 8.47288 8.17038 7.24165 5.0155 9.49312 3.50453 2.6138 5.62004 1.95034
threshold=-2.2965553998947139 1.5428064465522768 1.229951858520508 0.58148950338363659 0.15405262261629107 -0.73403543233871449 -1.5246364474296568 0.13393108546733859 -0.18681664019823072 -0.95244386792182911 -4.2125575542449942 -0.12622503191232678 -1.3162750601768491
decision_type=2 2 2 2 2 2 2 2 2 2 2 2 2
left_child=7 3 6 5 -5 -2 -3 8 9 -1 -9 -12 -10
right_child=1 2 -4 4 -6 -7 -8 10 12 -11 11 -13 -14
leaf_value=-4.3059182912705648e-05 -0.0001541248334426324 -0.00078646910572125221 -0.0010700391371269301 1.4213881926049501e-05 0.00015094652095583921 -3.1026861156957203e-06 4.5196937413194647e-05 -0.00097247884478282771 0 -0.00051413906179195051 6.6248253213769309e-05 -0.00053247230696800872 0.00046302292121606003
leaf_weight=4285 40658 1066 1584 117663 77557 316468 4088 1174 1383 3995 1717 3557 2178
leaf_count=4285 40658 1066 1584 117663 77557 316468 4088 1174 1383 3995 1717 3557 2178
internal_value=-2.50994e-06 5.40311e-06 -0.00039072 1.0737e-05 6.96574e-05 -2.09326e-05 -0.000112414 -0.000252666 -0.000104797 -0.0003007 -0.000482805 -0.000305718 0.000289305
internal_weight=577373 559084 6738 552346 195220 357126 5154 18289 11841 8280 6448 5274 3561
internal_count=577373 559084 6738 552346 195220 357126 5154 18289 11841 8280 6448 5274 3561
is_linear=0
shrinkage=0.01


Tree=278
num_leaves=15
num_cat=0
split_feature=3 3 0 8 1 3 9 4 0 6 8 6 0 8
split_gain=11.7307 14.519 12.6791 11.5513 11.3798 8.93334 8.54222 15.6317 8.73163 7.63754 5.11687 4.68226 2.26984 1.22816
threshold=-0.17910452187061307 0.63436561822891246 0.36462400853633886 0.36729501187801367 0.50767141580581676 -5.3401625156402579 0.58994424343109142 1.1076869368553164 -0.88895979523658741 0.20842733234167102 0.11251875385642053 0.23018271476030353 0.44701062142848974 -0.84437102079391468
decision_type=2 2 2 2 2 2 2 2 2 2 2 2 2 2
left_child=3 2 4 5 -2 13 8 -8 -3 -7 -4 12 -5 -1
right_child=1 6 10 11 -6 9 7 -9 -10 -11 -12 -13 -14 -15
leaf_value=-0.00017052281568480685 -2.2593593438106309e-05 -0.00041624549741689737 0.00039317046552217428 -0.00092001911781150556 0.00025242627554598619 -7.3861076292435629e-05 -2.4046023643308204e-05 -0.0011467798304357689 -2.3393384870934924e-05 0.00011522583311712558 0.0001162724541551956 2.1706688188908504e-05 -0.00034586696320934162 -0.00095506591620191724
leaf_weight=1327 154266 5942 7679 1670 16446 126178 4056 1885 98814 24844 125995 1153 6067 1051
leaf_count=1327 154266 5942 7679 1670 16446 126178 4056 1885 98814 24844 125995 1153 6067 1051
internal_value=-2.50355e-06 2.53237e-05 6.13381e-05 -7.48507e-05 2.99538e-06 -5.27596e-05 -7.18345e-05 -0.000438589 -4.83331e-05 -4.13214e-05 0.000134237 -0.00042449 -0.000515054 -0.000642039
internal_weight=577373 415083 304386 162290 170712 153400 110697 5941 104756 151022 133674 8890 7737 2378
internal_count=577373 415083 304386 162290 170712 153400 110697 5941 104756 151022 133674 8890 7737 2378
is_linear=0
shrinkage=0.01


Tree=279
num_leaves=15
num_cat=0
split_feature=2 1 1 8 9 1 0 8 3 8 1 2 2 6
split_gain=11.6115 12.1032 9.02216 17.23 8.28255 6.0607 8.47544 8.17782 5.90926 5.29134 6.82779 4.59344 3.94515 4.78523
threshold=-1.4715092778205869 -2.2237859964370723 0.68791750073432933 0.11251875385642053 0.55365502834320079 -1.182372987270355 -0.55144193768501271 -0.086074091494083391 -0.59207847714424122 0.015929823741316799 -4.9865622520446768 -1.7651827335357664 -0.93883129954338063 -0.030314832925796505
decision_type=2 2 2 2 2 2 2 2 2 2 2 2 2 2
left_child=5 12 4 -4 -3 9 8 -8 -7 10 -1 -11 13 -2
right_child=1 2 3 -5 -6 6 7 -9 -10 11 -12 -13 -14 -15
leaf_value=-0.00030710033185140306 -0.00048863381916836783 2.090374154706204e-05 0.00081550572727155754 0 -0.00014876706683050834 -0.00071863476469731773 0.00021017456035700845 -0.00022366251100736426 -0.00010197569832492431 -0.00076675558377440299 0.00015037029389939585 0 -0.0008637345319951039 0.0001360889172337722
leaf_weight=3759 2210 476043 3892 7422 30256 5193 5123 17725 3481 1405 15529 2030 1669 1636
leaf_count=3759 2210 476043 3892 7422 30256 5193 5123 17725 3481 1405 15529 2030 1669 1636
internal_value=-2.50344e-06 1.16043e-05 1.70233e-05 0.000294467 1.03148e-05 -0.000141772 -0.000231428 -0.00011673 -0.000501574 -7.73857e-06 4.87153e-05 -0.000364995 -0.000444806 -0.000179869
internal_weight=577373 523128 517613 11314 506299 54245 31522 22848 8674 22723 19288 3435 5515 3846
internal_count=577373 523128 517613 11314 506299 54245 31522 22848 8674 22723 19288 3435 5515 3846
is_linear=0
shrinkage=0.01


Tree=280
num_leaves=9
num_cat=0
split_feature=8 3 3 8 1 0 4 6
split_gain=11.5842 11.154 12.2897 11.6037 9.8607 8.50386 8.24283 4.61306
threshold=-6.9081015586853018 -0.17910452187061307 0.44230642914772039 0.36729501187801367 -0.045528288930654519 0.4249050915241242 0.20027330517768863 0.23018271476030353
decision_type=2 2 2 2 2 2 2 2
left_child=-1 3 5 6 -4 -3 -2 -5
right_child=1 2 4 7 -6 -7 -8 -9
leaf_value=-0.00067163010601773907 -8.7078583338447108e-05 3.4606814557198846e-05 -0.00016265488563991658 -0.00051002568057968906 7.579856252998375e-06 0.00016979207685833639 8.9602408990171144e-05 2.1943503168892704e-05
leaf_weight=2376 119526 149771 43119 7737 149910 71093 32688 1153
leaf_count=2376 119526 149771 43119 7737 149910 71093 32688 1153
internal_value=-2.49399e-06 1.55876e-07 2.79811e-05 -7.00361e-05 -2.95413e-05 7.914e-05 -4.77563e-05 -0.000420064
internal_weight=577373 574997 413893 161104 193029 220864 152214 8890
internal_count=577373 574997 413893 161104 193029 220864 152214 8890
is_linear=0
shrinkage=0.01


Tree=281
num_leaves=14
num_cat=0
split_feature=3 3 4 1 4 6 6 1 1 6 3 6 2
split_gain=11.4614 10.7171 12.9976 11.075 10.5966 7.74088 6.30422 4.97575 9.29515 3.46505 2.53715 5.53185 1.89343
threshold=-2.2965553998947139 1.0783194899559023 1.5633385777473452 0.45464658737182623 0.26756148040294653 0.15839611738920215 0.25889272987842565 0.13393108546733859 -0.18681664019823072 -0.95244386792182911 -4.2125575542449942 -0.12622503191232678 -1.3162750601768491
decision_type=2 2 2 2 2 2 2 2 2 2 2 2 2
left_child=7 4 3 -3 6 -6 -2 8 9 -1 -9 -12 -10
right_child=1 2 -4 -5 5 -7 -8 10 12 -11 11 -13 -14
leaf_value=-3.8849166734449083e-05 -4.284607591478067e-05 -0.00025246595512021334 -0.0012049323544111703 0.00045547787144778641 1.7032428894877535e-05 0.00013467248582943515 0.00010342747781381725 -0.00096024694285027441 0 -0.00050649088067139959 6.7267731584457461e-05 -0.00052642646264792407 0.00046045871618727817
leaf_weight=4285 263674 14620 1137 2248 152166 92888 32351 1174 1383 3995 1717 3557 2178
leaf_count=4285 263674 14620 1137 2248 152166 92888 32351 1174 1383 3995 1717 3557 2178
internal_value=-2.46596e-06 5.28305e-06 -0.000232767 -0.000142169 1.3657e-05 6.2513e-05 -2.61264e-05 -0.000247661 -0.000100555 -0.00029469 -0.000476566 -0.000301212 0.000289333
internal_weight=577373 559084 18005 16868 541079 245054 296025 18289 11841 8280 6448 5274 3561
internal_count=577373 559084 18005 16868 541079 245054 296025 18289 11841 8280 6448 5274 3561
is_linear=0
shrinkage=0.01


Tree=282
num_leaves=13
num_cat=0
split_feature=2 6 8 0 2 1 9 0 9 0 6 2
split_gain=11.3565 10.3789 14.2948 14.3958 10.4523 10.4221 10.8674 7.49446 3.99387 8.14778 5.40012 5.15904
threshold=-1.846064507961273 0.14386958628892901 0.42785915732383734 0.26936380565166479 0.83389055728912365 0.46811886131763464 0.23906202614307406 0.55740085244178783 -2.0428720712661739 -1.4692081212997434 -1.2200593948364256 -1.9117069244384763
decision_type=2 2 2 2 2 2 2 2 2 2 2 2
left_child=8 2 3 -2 -4 7 -7 -3 -1 10 -10 -11
right_child=1 5 4 -5 -6 6 -8 -9 9 11 -12 -13
leaf_value=-0.000792503502555567 -7.5491159653780145e-05 3.8300895298158292e-05 -3.137176639553555e-05 5.7568636076060734e-05 -0.00052557235591413386 0.00030303164825080465 6.6548520235147408e-06 -0.00020913737146658584 0.00072392806073197445 -0.00012530144535215156 -3.6670599702734649e-05 -0.00068382052122719706
leaf_weight=1487 175402 152898 9280 150153 9615 30499 23114 12966 1093 5894 1827 3145
leaf_count=1487 175402 152898 9280 150153 9615 30499 23114 12966 1093 5894 1827 3145
internal_value=-2.44936e-06 4.09753e-06 -2.97597e-05 -1.35095e-05 -0.000296198 5.81226e-05 0.000179472 1.75251e-05 -0.000287719 -0.000196501 0.000212086 -0.000351874
internal_weight=577373 563927 344450 325555 18895 219477 53613 165864 13446 11959 2920 9039
internal_count=577373 563927 344450 325555 18895 219477 53613 165864 13446 11959 2920 9039
is_linear=0
shrinkage=0.01


Tree=283
num_leaves=9
num_cat=0
split_feature=8 3 3 8 1 0 4 6
split_gain=11.2841 10.7821 12.0082 11.352 9.55596 8.30339 7.94199 4.52028
threshold=-6.9081015586853018 -0.17910452187061307 0.44230642914772039 0.36729501187801367 -0.045528288930654519 0.4249050915241242 0.20027330517768863 0.23018271476030353
decision_type=2 2 2 2 2 2 2 2
left_child=-1 3 5 6 -4 -3 -2 -5
right_child=1 2 4 7 -6 -7 -8 -9
leaf_value=-0.00066285055206643172 -8.5395060485061707e-05 3.4086871435227105e-05 -0.00016035209514702695 -0.000504145737234156 7.2068462978390623e-06 0.00016769455577205918 8.799628550516129e-05 2.1167584858058297e-05
leaf_weight=2376 119526 149771 43119 7737 149910 71093 32688 1153
leaf_count=2376 119526 149771 43119 7737 149910 71093 32688 1153
internal_value=-2.43647e-06 1.74315e-07 2.75373e-05 -6.88312e-05 -2.93148e-05 7.81108e-05 -4.67804e-05 -0.000415046
internal_weight=577373 574997 413893 161104 193029 220864 152214 8890
internal_count=577373 574997 413893 161104 193029 220864 152214 8890
is_linear=0
shrinkage=0.01


Tree=284
num_leaves=13
num_cat=0
split_feature=3 3 8 6 4 1 0 1 0 6 8 3
split_gain=11.116 10.4667 10.5083 10.3838 9.74128 8.0336 7.6976 4.94254 4.82149 6.65382 2.85526 0.528632
threshold=-2.2965553998947139 1.5428064465522768 0.1923843398690224 0.24418320506811145 0.58148950338363659 0.56037122011184703 -0.73403543233871449 0.36972695589065557 -0.21792905777692792 -0.1166810169816017 -0.41481736302375788 -2.9027111530303951
decision_type=2 2 2 2 2 2 2 2 2 2 2 2
left_child=7 4 3 -3 6 -6 -2 8 10 -10 -1 -9
right_child=1 2 -4 -5 5 -7 -8 11 9 -11 -12 -13
leaf_value=-0.00013673442734389981 -0.00014948619287840929 4.0974867902448448e-05 -0.0012084636113559582 -0.00093564685070692444 4.1006644611901922e-05 0.00023411107144689772 -2.8810059002175276e-06 -0.00092002469883725269 0.0004361934713347711 -0.00025292402526241707 -0.00055474395756411005 -0.00017751450262226272
leaf_weight=7955 40658 4500 1123 1115 169772 25448 316468 1211 2552 2383 3057 1131
leaf_count=7955 40658 4500 1123 1115 169772 25448 316468 1211 2552 2383 3057 1131
internal_value=-2.40897e-06 5.2171e-06 -0.000380022 -0.000144075 1.04144e-05 6.74161e-05 -2.02057e-05 -0.000243885 -0.000159458 6.75953e-05 -0.00027844 -0.000682308
internal_weight=577373 559084 6738 5615 552346 195220 357126 18289 15947 4935 11012 2342
internal_count=577373 559084 6738 5615 552346 195220 357126 18289 15947 4935 11012 2342
is_linear=0
shrinkage=0.01


Tree=285
num_leaves=9
num_cat=0
split_feature=8 3 3 8 1 0 4 6
split_gain=11.0482 10.465 11.7581 11.1556 9.30938 8.09779 7.71313 4.44884
threshold=-6.9081015586853018 -0.17910452187061307 0.44230642914772039 0.36729501187801367 -0.045528288930654519 0.4249050915241242 0.20027330517768863 0.23018271476030353
decision_type=2 2 2 2 2 2 2 2
left_child=-1 3 5 6 -4 -3 -2 -5
right_child=1 2 4 7 -6 -7 -8 -9
leaf_value=-0.00065588694427528313 -8.4007712186341595e-05 3.3682108154801989e-05 -0.00015845179597992069 -0.00049945164101475651 6.9107840054178535e-06 0.00016565644755285331 8.6842848748531641e-05 2.0717231388818484e-05
leaf_weight=2376 119526 149771 43119 7737 149910 71093 32688 1153
leaf_count=2376 119526 149771 43119 7737 149910 71093 32688 1153
internal_value=-2.41115e-06 1.68554e-07 2.71313e-05 -6.78095e-05 -2.91188e-05 7.71789e-05 -4.59395e-05 -0.000411014
internal_weight=577373 574997 413893 161104 193029 220864 152214 8890
internal_count=577373 574997 413893 161104 193029 220864 152214 8890
is_linear=0
shrinkage=0.01


Tree=286
num_leaves=14
num_cat=0
split_feature=2 6 8 0 2 1 9 0 8 9 6 8 4
split_gain=10.9667 10.0365 14.0536 13.7866 10.2763 10.05 10.6387 7.3863 3.9775 8.05243 5.98973 5.03372 0.788538
threshold=-1.846064507961273 0.14386958628892901 0.42785915732383734 0.26936380565166479 0.83389055728912365 0.46811886131763464 0.23906202614307406 0.55740085244178783 0.029868573881685737 -0.89413523674011219 -0.45399881899356836 0.087740603834390654 -1.745578348636627
decision_type=2 2 2 2 2 2 2 2 2 2 2 2 2
left_child=8 2 3 -2 -4 7 -7 -3 9 12 -11 -10 -1
right_child=1 5 4 -5 -6 6 -8 -9 11 10 -12 -13 -14
leaf_value=-0.0008883546075019699 -7.3794166024085435e-05 3.7918111232301966e-05 -3.0660010885553731e-05 5.6415922976042255e-05 -0.00052085398406963518 0.0002985751435725064 5.3128686633783924e-06 -0.00020772669788565336 -0.001061054635935239 0.00032682557688082164 -0.00022172521280686489 -9.0882830127477461e-05 -0.00019709097221630038
leaf_weight=1169 175402 152898 9280 150153 9615 30499 23114 12966 1322 3243 4503 1701 1508
leaf_count=1169 175402 152898 9280 150153 9615 30499 23114 12966 1322 3243 4503 1701 1508
internal_value=-2.38386e-06 4.04367e-06 -2.9244e-05 -1.31267e-05 -0.000293419 5.71752e-05 0.000176348 1.7284e-05 -0.00028272 -0.000157234 0 -0.000616722 -0.000609242
internal_weight=577373 563927 344450 325555 18895 219477 53613 165864 13446 10423 7746 3023 2677
internal_count=577373 563927 344450 325555 18895 219477 53613 165864 13446 10423 7746 3023 2677
is_linear=0
shrinkage=0.01


Tree=287
num_leaves=14
num_cat=0
split_feature=2 6 8 0 2 1 9 0 8 9 6 8 4
split_gain=10.8053 9.84138 13.7897 13.5131 10.0708 9.85571 10.4214 7.24188 3.90577 7.93022 5.87671 4.92588 0.755286
threshold=-1.846064507961273 0.14386958628892901 0.42785915732383734 0.26936380565166479 0.93248948454856884 0.46811886131763464 0.23906202614307406 0.55740085244178783 0.029868573881685737 -0.89413523674011219 -0.45399881899356836 0.087740603834390654 -1.745578348636627
decision_type=2 2 2 2 2 2 2 2 2 2 2 2 2
left_child=8 2 3 -2 -4 7 -7 -3 9 12 -11 -10 -1
right_child=1 5 4 -5 -6 6 -8 -9 11 10 -12 -13 -14
leaf_value=-0.00088076888351620245 -7.3057065328610159e-05 3.7539423242255866e-05 -5.2464356977554746e-05 5.5852512467776649e-05 -0.0005393443377221368 0.00029560884593778178 5.2601976815032481e-06 -0.00020568099211734379 -0.0010518383780468632 0.00032374718042926104 -0.00021960225293526968 -9.0069617473004471e-05 -0.00019535083078072609
leaf_weight=1169 175402 152898 10186 150153 8709 30499 23114 12966 1322 3243 4503 1701 1508
leaf_count=1169 175402 152898 10186 150153 8709 30499 23114 12966 1322 3243 4503 1701 1508
internal_value=-2.3793e-06 3.99814e-06 -2.89606e-05 -1.29894e-05 -0.000290647 5.66138e-05 0.000174633 1.70971e-05 -0.000280645 -0.000156035 0 -0.00061189 -0.000604599
internal_weight=577373 563927 344450 325555 18895 219477 53613 165864 13446 10423 7746 3023 2677
internal_count=577373 563927 344450 325555 18895 219477 53613 165864 13446 10423 7746 3023 2677
is_linear=0
shrinkage=0.01


Tree=288
num_leaves=9
num_cat=0
split_feature=8 3 3 8 1 0 4 6
split_gain=10.7565 10.1504 11.5042 10.8542 9.03691 7.90404 7.47366 4.36121
threshold=-6.9081015586853018 -0.17910452187061307 0.44230642914772039 0.36729501187801367 -0.045528288930654519 0.4249050915241242 0.20027330517768863 0.23018271476030353
decision_type=2 2 2 2 2 2 2 2
left_child=-1 3 5 6 -4 -3 -2 -5
right_child=1 2 4 7 -6 -7 -8 -9
leaf_value=-0.00064716498590015187 -8.2671473775617325e-05 3.3240234818437915e-05 -0.00015632957559350008 -0.0004929969350820489 6.5714134271897481e-06 0.00016365439468923331 8.547406989318697e-05 2.0939164453565373e-05
leaf_weight=2376 119526 149771 43119 7737 149910 71093 32688 1153
leaf_count=2376 119526 149771 43119 7737 149910 71093 32688 1153
internal_value=-2.37487e-06 1.65923e-07 2.67256e-05 -6.67773e-05 -2.89067e-05 7.62335e-05 -4.51852e-05 -0.000405345
internal_weight=577373 574997 413893 161104 193029 220864 152214 8890
internal_count=577373 574997 413893 161104 193029 220864 152214 8890
is_linear=0
shrinkage=0.01


Tree=289
num_leaves=14
num_cat=0
split_feature=3 3 4 1 4 6 2 1 1 6 3 6 2
split_gain=10.6666 10.1022 12.8388 10.7128 9.6999 7.23943 6.36261 4.93905 9.0373 3.43545 2.5139 5.41313 1.84949
threshold=-2.2965553998947139 1.0783194899559023 1.5633385777473452 0.45464658737182623 0.26756148040294653 0.15839611738920215 0.95469406247138988 0.13393108546733859 -0.18681664019823072 -0.95244386792182911 -4.2125575542449942 -0.12622503191232678 -1.3162750601768491
decision_type=2 2 2 2 2 2 2 2 2 2 2 2 2
left_child=7 4 3 -3 6 -6 -2 8 9 -1 -9 -12 -10
right_child=1 2 -4 -5 5 -7 -8 10 12 -11 11 -13 -14
leaf_value=-3.0997678867350214e-05 -9.0279130915552552e-06 -0.00024472305851156779 -0.0011914558426719772 0.00045165607388423498 1.5980802394870602e-05 0.00012979202085143009 -0.00016878078253691915 -0.0009457319811494205 0 -0.00049467736827967196 7.1601662398889233e-05 -0.00051577200196066899 0.00046083081851042092
leaf_weight=4285 268270 14620 1137 2248 152166 92888 27755 1174 1383 3995 1717 3557 2178
leaf_count=4285 268270 14620 1137 2248 152166 92888 27755 1174 1383 3995 1717 3557 2178
internal_value=-2.34789e-06 5.11529e-06 -0.000225988 -0.000135994 1.32557e-05 6.00072e-05 -2.47852e-05 -0.000238898 -9.27707e-05 -0.000284693 -0.000466295 -0.000292381 0.000291716
internal_weight=577373 559084 18005 16868 541079 245054 296025 18289 11841 8280 6448 5274 3561
internal_count=577373 559084 18005 16868 541079 245054 296025 18289 11841 8280 6448 5274 3561
is_linear=0
shrinkage=0.01


Tree=290
num_leaves=14
num_cat=0
split_feature=2 6 8 0 2 1 9 0 8 9 6 8 4
split_gain=10.5349 9.47484 13.5319 13.121 9.88014 9.59262 10.2154 7.11672 3.85871 7.78489 5.76437 4.82234 0.728024
threshold=-1.846064507961273 0.14386958628892901 0.42785915732383734 0.26936380565166479 0.83389055728912365 0.46811886131763464 0.23906202614307406 0.55740085244178783 0.029868573881685737 -0.89413523674011219 -0.45399881899356836 0.087740603834390654 -1.745578348636627
decision_type=2 2 2 2 2 2 2 2 2 2 2 2 2
left_child=8 2 3 -2 -4 7 -7 -3 9 12 -11 -10 -1
right_child=1 5 4 -5 -6 6 -8 -9 11 10 -12 -13 -14
leaf_value=-0.00087067527427774126 -7.175180548076142e-05 3.6860534480455306e-05 -2.9527917009737368e-05 5.5274731671040114e-05 -0.00051062899861342053 0.00029177224090190431 4.2740838177888227e-06 -0.00020426266676683822 -0.0010417285310128966 0.00032191567813499226 -0.00021610643467367377 -8.8492275503753578e-05 -0.00019185876622098113
leaf_weight=1169 175402 152898 9280 150153 9615 30499 23114 12966 1322 3243 4503 1701 1508
leaf_count=1169 175402 152898 9280 150153 9615 30499 23114 12966 1322 3243 4503 1701 1508
internal_value=-2.33988e-06 3.95288e-06 -2.83789e-05 -1.25525e-05 -0.000287601 5.55849e-05 0.000172017 1.65837e-05 -0.000277105 -0.000153219 0 -0.000606185 -0.000597723
internal_weight=577373 563927 344450 325555 18895 219477 53613 165864 13446 10423 7746 3023 2677
internal_count=577373 563927 344450 325555 18895 219477 53613 165864 13446 10423 7746 3023 2677
is_linear=0
shrinkage=0.01


Tree=291
num_leaves=9
num_cat=0
split_feature=8 3 3 8 1 0 4 6
split_gain=10.4839 9.82228 11.2409 10.6067 8.76237 7.7266 7.20783 4.27817
threshold=-6.9081015586853018 -0.17910452187061307 0.44230642914772039 0.36729501187801367 -0.045528288930654519 0.4249050915241242 0.20027330517768863 0.23018271476030353
decision_type=2 2 2 2 2 2 2 2
left_child=-1 3 5 6 -4 -3 -2 -5
right_child=1 2 4 7 -6 -7 -8 -9
leaf_value=-0.00063890540012016014 -8.1147856136690419e-05 3.2717542480353741e-05 -0.00015415244332647436 -0.00048725072005802297 6.2303663537376978e-06 0.00016168198579485514 8.3944281490093721e-05 2.0639625867017866e-05
leaf_weight=2376 119526 149771 43119 7737 149910 71093 32688 1153
leaf_count=2376 119526 149771 43119 7737 149910 71093 32688 1153
internal_value=-2.33558e-06 1.68385e-07 2.63008e-05 -6.56781e-05 -2.86835e-05 7.52428e-05 -4.43184e-05 -0.000400372
internal_weight=577373 574997 413893 161104 193029 220864 152214 8890
internal_count=577373 574997 413893 161104 193029 220864 152214 8890
is_linear=0
shrinkage=0.01


Tree=292
num_leaves=14
num_cat=0
split_feature=3 3 8 6 4 1 1 1 6 0 8 0 6
split_gain=10.3886 9.76056 10.4604 10.2215 9.14951 7.72622 7.12174 11.6963 7.75946 6.67323 2.23232 1.10745 6.68188
threshold=-2.9027111530303951 1.5428064465522768 0.1923843398690224 0.24418320506811145 0.58148950338363659 0.56037122011184703 0.09754276275634767 -0.54208210110664357 -0.63917815685272206 -0.73403543233871449 -1.3161945939064024 -0.70087131857871998 -0.12622503191232678
decision_type=2 2 2 2 2 2 2 2 2 2 2 2 2
left_child=6 4 3 -3 9 -6 7 10 -9 -2 -1 -8 -13
right_child=1 2 -4 -5 5 -7 11 8 -10 -11 -12 12 -14
leaf_value=-9.4541414213408502e-05 -0.0001377546207875237 4.932661399503714e-05 -0.0011936428248771423 -0.00092086247052198828 3.7884786593178706e-05 0.00022710498910044911 -0.0010607081651056059 -9.4212243499324991e-05 0.00074388762746106687 -4.5064033809430642e-06 -0.00071444653810102151 6.5984536327105703e-05 -0.00075450124347913332
leaf_weight=2145 42974 4500 1123 1115 170143 25469 1035 1608 1796 320653 1909 1203 1700
leaf_count=2145 42974 4500 1123 1115 170143 25469 1035 1608 1796 320653 1909 1203 1700
internal_value=-2.30895e-06 3.41124e-06 -0.000368736 -0.000133981 8.38278e-06 6.37498e-05 -0.000298806 -8.0178e-05 0.00030923 -2.08707e-05 -0.00045333 -0.000640636 -0.000367701
internal_weight=577373 565977 6738 5615 559239 195612 11396 7458 3404 363627 4054 3938 2903
internal_count=577373 565977 6738 5615 559239 195612 11396 7458 3404 363627 4054 3938 2903
is_linear=0
shrinkage=0.01


Tree=293
num_leaves=9
num_cat=0
split_feature=8 3 3 8 1 3 4 6
split_gain=10.2691 9.53971 11.0064 10.4214 8.53688 7.67706 6.99825 4.211
threshold=-6.9081015586853018 -0.17910452187061307 0.44230642914772039 0.36729501187801367 -0.045528288930654519 0.41298682987689977 0.20027330517768863 0.23018271476030353
decision_type=2 2 2 2 2 2 2 2
left_child=-1 3 5 6 -4 -3 -2 -5
right_child=1 2 4 7 -6 -7 -8 -9
leaf_value=-0.00063232481133923806 -7.9842927560071271e-05 5.790206336337845e-05 -0.00015231857984384273 -0.00048271933149030341 5.9668024552518173e-06 0.00030642155767770499 8.2805929365131447e-05 2.0206624568706408e-05
leaf_weight=2376 119526 207279 43119 7737 149910 13585 32688 1153
leaf_count=2376 119526 207279 43119 7737 149910 13585 32688 1153
internal_value=-2.30958e-06 1.65013e-07 2.59238e-05 -6.47222e-05 -2.84772e-05 7.43562e-05 -4.3539e-05 -0.00039648
internal_weight=577373 574997 413893 161104 193029 220864 152214 8890
internal_count=577373 574997 413893 161104 193029 220864 152214 8890
is_linear=0
shrinkage=0.01


Tree=294
num_leaves=14
num_cat=0
split_feature=2 1 8 3 2 6 6 8 9 6 8 6 4
split_gain=10.1971 9.22074 16.6715 11.3933 35.1803 8.57356 7.71136 3.83927 7.61528 5.67611 4.72419 3.30506 0.706387
threshold=-1.846064507961273 0.68791750073432933 0.11251875385642053 1.2348897457122805 1.2987920641899111 0.062204292044043548 0.17779557406902316 0.029868573881685737 -0.89413523674011219 -0.45399881899356836 0.087740603834390654 0.070266135036945357 -1.745578348636627
decision_type=2 2 2 2 2 2 2 2 2 2 2 2 2
left_child=7 3 11 6 -5 -4 -2 8 12 -10 -9 -3 -1
right_child=1 2 5 4 -6 -7 -8 10 9 -11 -12 -13 -14
leaf_value=-0.00085853585980865234 -1.8005599235044924e-05 4.0524892960092981e-05 -0.00057243613234904509 -2.3391613800079025e-05 -0.0015705678041115123 0.00019118018325009963 6.7347742751229354e-05 -0.0010315755116153613 0.00032153235472261952 -0.0002121460867037903 -8.666596714914755e-05 0.00096622697918400237 -0.00018689370185215315
leaf_weight=1169 399481 1000 1759 8038 1683 5694 143339 1322 3243 4503 1701 2933 1508
leaf_count=1169 399481 1000 1759 8038 1683 5694 143339 1322 3243 4503 1701 2933 1508
internal_value=-2.28259e-06 3.90282e-06 0.000283207 -1.59125e-06 -0.000337676 0 4.1813e-06 -0.000272611 -0.000149227 0 -0.000600313 0.000792601 -0.000588999
internal_weight=577373 563927 11386 552541 9721 7453 542820 13446 10423 7746 3023 3933 2677
internal_count=577373 563927 11386 552541 9721 7453 542820 13446 10423 7746 3023 3933 2677
is_linear=0
shrinkage=0.01


Tree=295
num_leaves=15
num_cat=0
split_feature=3 1 6 3 2 9 4 1 1 6 3 8 0 6
split_gain=10.1411 9.51055 15.992 15.0505 25.7332 10.4461 7.35665 7.00774 11.4559 7.6336 3.74746 2.21977 1.08778 6.57767
threshold=-2.9027111530303951 0.68791750073432933 0.062204292044043548 1.3669795393943789 1.2987920641899111 0.092859849333763136 0.58148950338363659 0.09754276275634767 -0.54208210110664357 -0.63917815685272206 0.30304086208343511 -1.3161945939064024 -0.70087131857871998 -0.12622503191232678
decision_type=2 2 2 2 2 2 2 2 2 2 2 2 2 2
left_child=7 3 10 6 -5 -4 -2 8 11 -10 -3 -1 -9 -14
right_child=1 2 5 4 -6 -7 -8 12 9 -11 -12 -13 13 -15
leaf_value=-9.0744052183574082e-05 -2.2328565958940476e-05 -0.00065039136157776388 0.00079703066119265434 -0.00011310224969502127 -0.0015375001448792276 3.9408650653445496e-05 5.4677245031520314e-05 -0.0010511300259289568 -9.246579274165329e-05 0.00073807130493540958 0 -0.00070750048878352528 6.6341167023433313e-05 -0.00074709150945694231
leaf_weight=2145 356954 1431 4959 6953 1484 3757 189230 1035 1608 1796 1209 1909 1203 1700
leaf_count=2145 356954 1431 4959 6953 1484 3757 189230 1035 1608 1796 1209 1909 1203 1700
internal_value=-2.28045e-06 3.367e-06 0.000287445 -2.19061e-06 -0.0004166 0.000501102 3.99494e-06 -0.000295226 -7.82059e-05 0.000306885 -0.000333136 -0.000447793 -0.000634254 -0.000363003
internal_weight=577373 565977 11356 554621 8437 8716 546184 11396 7458 3404 2640 4054 3938 2903
internal_count=577373 565977 11356 554621 8437 8716 546184 11396 7458 3404 2640 4054 3938 2903
is_linear=0
shrinkage=0.01


Tree=296
num_leaves=13
num_cat=0
split_feature=2 6 8 0 2 1 9 0 9 6 4 4
split_gain=10.0203 9.18714 13.1974 12.9235 9.69317 9.06665 9.83885 6.87296 6.21672 6.6835 4.80763 2.10059
threshold=-1.8768151998519895 0.14386958628892901 0.42785915732383734 0.26936380565166479 0.93248948454856884 0.46811886131763464 0.23906202614307406 0.55740085244178783 -0.89413523674011219 -0.58773475885391224 -1.6829031109809873 -1.7992970347404478
decision_type=2 2 2 2 2 2 2 2 2 2 2 2
left_child=8 2 3 -2 -4 7 -7 -3 -1 11 -11 -10
right_child=1 5 4 -5 -6 6 -8 -9 9 10 -12 -13
leaf_value=-0.0007730917142729837 -7.1249051013249257e-05 3.6150746684130573e-05 -5.0543234201980313e-05 5.4514034398943973e-05 -0.00052849432207984631 0.00028485101196455226 2.6323831267941637e-06 -0.00020065266682904752 0.00048670472549437082 -0.00071298299019187882 -6.5039440255622647e-05 0
leaf_weight=2191 176960 153369 10194 150320 8709 30501 23114 12979 1204 2162 3918 1752
leaf_count=2191 176960 153369 10194 150320 8709 30501 23114 12979 1204 2162 3918 1752
internal_value=-2.27753e-06 3.28966e-06 -2.84388e-05 -1.28772e-05 -0.000284442 5.41136e-05 0.000167362 1.6255e-05 -0.000295661 -0.000144008 -0.000342659 0.000197033
internal_weight=577373 566146 346183 327280 18903 219963 53615 166348 11227 9036 6080 2956
internal_count=577373 566146 346183 327280 18903 219963 53615 166348 11227 9036 6080 2956
is_linear=0
shrinkage=0.01


Tree=297
num_leaves=12
num_cat=0
split_feature=3 1 8 3 2 6 4 1 2 2 0
split_gain=9.98188 9.26352 16.201 14.6817 25.2784 8.25004 7.18616 3.38461 8.65233 2.92277 1.53042
threshold=-3.60377025604248 0.68791750073432933 0.11251875385642053 1.3669795393943789 1.2987920641899111 0.062204292044043548 0.58148950338363659 0.14001757651567462 -1.6586256027221677 0.53688406944274913 -0.60725948214530934
decision_type=2 2 2 2 2 2 2 2 2 2 2
left_child=7 3 9 6 -5 -4 -2 8 -1 -3 -10
right_child=1 2 5 4 -6 -7 -8 -9 10 -11 -12
leaf_value=-0.00065405022971196775 -2.3148229561634417e-05 0.0001315675813977499 -0.00055969738259647247 -0.00011162268262586551 -0.0015236974297421254 0.00019010117156120131 5.2801887056258991e-05 -0.00075288125552108677 0 0.00098513981974635446 0.00040856730097929312
leaf_weight=2056 361239 1237 1754 6953 1484 5691 189447 1895 1906 2695 1016
leaf_count=2056 361239 1237 1754 6953 1484 5691 189447 1895 1906 2695 1016
internal_value=-2.26461e-06 2.01504e-06 0.000282222 -3.42789e-06 -0.000412683 0 2.62676e-06 -0.000375789 -0.00017008 0.000784376 0.000126478
internal_weight=577373 570500 11377 559123 8437 7445 550686 6873 4978 3932 2922
internal_count=577373 570500 11377 559123 8437 7445 550686 6873 4978 3932 2922
is_linear=0
shrinkage=0.01


Tree=298
num_leaves=12
num_cat=0
split_feature=3 1 8 3 2 6 0 1 2 6 0
split_gain=9.80533 9.09921 15.9248 14.4322 24.8248 8.09971 7.11366 3.31561 8.49824 2.90894 1.50708
threshold=-3.60377025604248 0.68791750073432933 0.11251875385642053 1.3669795393943789 1.2987920641899111 0.062204292044043548 0.27656099200248724 0.14001757651567462 -1.6586256027221677 0.092979509383440032 -0.60725948214530934
decision_type=2 2 2 2 2 2 2 2 2 2 2
left_child=7 3 9 6 -5 -4 -2 8 -1 -3 -10
right_child=1 2 5 4 -6 -7 -8 -9 10 -11 -12
leaf_value=-0.0006480895340737721 -3.3470044413064761e-05 0.00013800335092184268 -0.00055467328750161843 -0.0001105376639049079 -0.0015102701224112246 0.00018826470440236223 3.83382193012111e-05 -0.00074607117113052724 0 0.00098271649293739144 0.00040515362116964659
leaf_weight=2056 271315 1273 1754 6953 1484 5691 279371 1895 1906 2659 1016
leaf_count=2056 271315 1273 1754 6953 1484 5691 279371 1895 1906 2659 1016
internal_value=-2.25016e-06 1.98837e-06 0.000279701 -3.40293e-06 -0.000409166 0 2.59697e-06 -0.000372458 -0.000168284 0.000777557 0.000125149
internal_weight=577373 570500 11377 559123 8437 7445 550686 6873 4978 3932 2922
internal_count=577373 570500 11377 559123 8437 7445 550686 6873 4978 3932 2922
is_linear=0
shrinkage=0.01


Tree=299
num_leaves=13
num_cat=0
split_feature=2 6 8 0 2 1 9 0 9 6 4 4
split_gain=9.74425 8.93674 12.9823 12.4965 9.50543 8.75204 9.58304 6.72854 6.08369 6.59779 4.70387 2.08396
threshold=-1.8768151998519895 0.14386958628892901 0.42785915732383734 0.26936380565166479 0.83389055728912365 0.46811886131763464 0.23906202614307406 0.55740085244178783 -0.89413523674011219 -0.58773475885391224 -1.6829031109809873 -1.7992970347404478
decision_type=2 2 2 2 2 2 2 2 2 2 2 2
left_child=8 2 3 -2 -4 7 -7 -3 -1 11 -11 -10
right_child=1 5 4 -5 -6 6 -8 -9 9 10 -12 -13
leaf_value=-0.00076391140609591681 -7.0007638339333915e-05 3.5855610405120121e-05 -2.8550911209117542e-05 5.365704463609215e-05 -0.00050077546230710131 0.00028059905430048639 1.9916203246215978e-06 -0.0001984286243689327 0.0004858447129377482 -0.00070526487345312031 -6.3697627386456599e-05 0
leaf_weight=2191 176960 153369 9288 150320 9615 30501 23114 12979 1204 2162 3918 1752
leaf_count=2191 176960 153369 9288 150320 9615 30501 23114 12979 1204 2162 3918 1752
internal_value=-2.23583e-06 3.2493e-06 -2.80386e-05 -1.25995e-05 -0.000281945 5.33801e-05 0.000164659 1.61588e-05 -0.000291553 -0.000141302 -0.000338876 0.000197425
internal_weight=577373 566146 346183 327280 18903 219963 53615 166348 11227 9036 6080 2956
internal_count=577373 566146 346183 327280 18903 219963 53615 166348 11227 9036 6080 2956
is_linear=0
shrinkage=0.01


Tree=300
num_leaves=10
num_cat=0
split_feature=3 1 6 3 2 9 0 3 8
split_gain=9.68915 8.8042 17.5088 13.45 21.2202 12.6976 7.30388 4.52071 1.48327
threshold=-5.3401625156402579 0.67243948578834545 0.062204292044043548 1.3669795393943789 1.240332365036011 0.092859849333763136 0.27656099200248724 -0.041261265054345124 -0.84437102079391468
decision_type=2 2 2 2 2 2 2 2 2
left_child=8 3 7 6 -5 -4 -2 -3 -1
right_child=1 2 5 4 -6 -7 -8 -9 -10
leaf_value=-0.00014017720085726692 -3.6057910277801321e-05 -0.00081185777497328263 0.00075723894024229865 -0.00011118208348406457 -0.0013917878965004013 1.0249178136254623e-05 3.6606890148616928e-05 0 -0.00093123710933033983
leaf_weight=1327 274947 1089 5878 6858 1554 4542 277888 2233 1057
leaf_count=1327 274947 1089 5878 6858 1554 4542 277888 2233 1057
internal_value=-2.22305e-06 1.74967e-07 0.000248734 -5.64115e-06 -0.000397808 0.000456789 1.06162e-07 -0.00033596 -0.000613241
internal_weight=577373 574989 13742 561247 8412 10420 552835 3322 2384
internal_count=577373 574989 13742 561247 8412 10420 552835 3322 2384
is_linear=0
shrinkage=0.01


Tree=301
num_leaves=13
num_cat=0
split_feature=3 3 4 1 4 1 2 1 0 6 8 3
split_gain=9.55087 8.94464 12.4671 10.479 8.63463 6.70109 6.43587 4.89123 4.52502 6.49116 2.95776 0.406477
threshold=-2.2965553998947139 1.0783194899559023 1.5633385777473452 -1.5246364474296568 0.26756148040294653 0.46811886131763464 0.95469406247138988 0.36972695589065557 -0.21792905777692792 -0.1166810169816017 -0.41481736302375788 -2.9027111530303951
decision_type=2 2 2 2 2 2 2 2 2 2 2 2
left_child=7 4 3 -3 6 -6 -2 8 10 -10 -1 -9
right_child=1 2 -4 -5 5 -7 -8 11 9 -11 -12 -13
leaf_value=-0.000117283981490832 -7.5250747498496629e-06 -0.00078743770418332449 -0.0011626295384647039 -1.6990072158910637e-05 2.1675467890120943e-05 0.00013861007008052523 -0.00016810920998026758 -0.00088601147749380049 0.00044032214737748038 -0.00023795810619230696 -0.00053550451615587999 -0.00016990811804555789
leaf_weight=7955 268270 1906 1137 14962 173694 71360 27755 1211 2552 2383 3057 1131
leaf_count=7955 268270 1906 1137 14962 173694 71360 27755 1211 2552 2383 3057 1131
internal_value=-2.21918e-06 4.82409e-06 -0.0002126 -0.000123972 1.25045e-05 5.66277e-05 -2.33598e-05 -0.000226068 -0.000142656 7.73361e-05 -0.000258704 -0.000659445
internal_weight=577373 559084 18005 16868 541079 245054 296025 18289 15947 4935 11012 2342
internal_count=577373 559084 18005 16868 541079 245054 296025 18289 15947 4935 11012 2342
is_linear=0
shrinkage=0.01


Tree=302
num_leaves=13
num_cat=0
split_feature=2 6 8 0 2 1 9 0 9 6 4 4
split_gain=9.49675 8.70023 12.7896 12.0525 9.3059 8.41444 9.35622 6.6038 5.9678 6.49431 4.61163 2.05456
threshold=-1.8768151998519895 0.14386958628892901 0.42785915732383734 0.26936380565166479 0.83389055728912365 0.46811886131763464 0.23906202614307406 0.55740085244178783 -0.89413523674011219 -0.58773475885391224 -1.6829031109809873 -1.7992970347404478
decision_type=2 2 2 2 2 2 2 2 2 2 2 2
left_child=8 2 3 -2 -4 7 -7 -3 -1 11 -11 -10
right_child=1 5 4 -5 -6 6 -8 -9 9 10 -12 -13
leaf_value=-0.00075572826249493009 -6.8745150525963933e-05 3.5645797267777108e-05 -2.8692562444380386e-05 5.2698398936936324e-05 -0.00049626512094876171 0.00027631397232010462 9.7858624934167258e-07 -0.00019643729289106539 0.00048330637718346222 -0.00069783859883863276 -6.2117501990412808e-05 0
leaf_weight=2191 176960 153369 9288 150320 9615 30501 23114 12979 1204 2162 3918 1752
leaf_count=2191 176960 153369 9288 150320 9615 30501 23114 12979 1204 2162 3918 1752
internal_value=-2.22985e-06 3.18068e-06 -2.76856e-05 -1.23572e-05 -0.000279698 5.26481e-05 0.000161775 1.61229e-05 -0.000287851 -0.000138839 -0.000335047 0.000197013
internal_weight=577373 566146 346183 327280 18903 219963 53615 166348 11227 9036 6080 2956
internal_count=577373 566146 346183 327280 18903 219963 53615 166348 11227 9036 6080 2956
is_linear=0
shrinkage=0.01


Tree=303
num_leaves=10
num_cat=0
split_feature=3 2 4 3 1 9 9 6 8
split_gain=9.47804 8.57675 13.2223 17.1224 12.2442 6.71093 12.9558 7.07522 1.44993
threshold=-5.3401625156402579 -0.60262617468833912 1.5270777344703677 1.114936411380768 -0.66213485598564137 0.48125684261322027 0.54180467128753673 0.20159309357404712 -0.84437102079391468
decision_type=2 2 2 2 2 2 2 2 2
left_child=8 5 4 -4 -3 7 -7 -2 -1
right_child=1 2 3 -5 -6 6 -8 -9 -10
leaf_value=-0.00013700844929965254 -0.00010361488154809016 -0.00033742477182064327 -0.00014081718528819004 -0.0013804538124473765 4.6793158848441058e-05 0.00065110311913435688 -0.00013679703932002491 5.7752991819207647e-05 -0.00092131092921403162
leaf_weight=1327 136238 8175 13730 1100 376253 3602 3814 32077 1057
leaf_count=1327 136238 8175 13730 1100 376253 3602 3814 32077 1057
internal_value=-2.21704e-06 1.509e-07 2.61187e-05 -0.000263218 3.79314e-05 -5.76733e-05 0.000226679 -7.1643e-05 -0.00060654
internal_weight=577373 574989 399258 14830 384428 175731 7416 168315 2384
internal_count=577373 574989 399258 14830 384428 175731 7416 168315 2384
is_linear=0
shrinkage=0.01


Tree=304
num_leaves=10
num_cat=0
split_feature=3 1 6 3 2 9 4 3 8
split_gain=9.33843 8.53203 17.1346 12.9698 20.7709 12.3947 7.079 4.43417 1.40595
threshold=-5.3401625156402579 0.67243948578834545 0.062204292044043548 1.3669795393943789 1.240332365036011 0.092859849333763136 0.58148950338363659 -0.041261265054345124 -0.84437102079391468
decision_type=2 2 2 2 2 2 2 2 2
left_child=8 3 7 6 -5 -4 -2 -3 -1
right_child=1 2 5 4 -6 -7 -8 -9 -10
leaf_value=-0.00013581781405586562 -2.5311535916667708e-05 -0.00080467301471082273 0.00074759889089079552 -0.00010693683688004224 -0.0013739039180522886 9.1316872793876297e-06 5.0147563520239972e-05 0 -0.00091356369095421772
leaf_weight=1327 364434 1089 5878 6858 1554 4542 188401 2233 1057
leaf_count=1327 364434 1089 5878 6858 1554 4542 188401 2233 1057
internal_value=-2.21358e-06 1.3429e-07 0.000244828 -5.58584e-06 -0.000390686 0.000450773 5.14145e-08 -0.00033328 -0.000602068
internal_weight=577373 574989 13742 561247 8412 10420 552835 3322 2384
internal_count=577373 574989 13742 561247 8412 10420 552835 3322 2384
is_linear=0
shrinkage=0.01


Tree=305
num_leaves=13
num_cat=0
split_feature=2 6 8 0 2 1 8 9 9 6 4 4
split_gain=9.25788 8.40827 12.5912 11.6665 9.13078 8.16768 9.17077 6.47547 5.85682 6.40107 4.51855 2.02805
threshold=-1.8768151998519895 0.14386958628892901 0.42785915732383734 0.26936380565166479 0.93248948454856884 0.46811886131763464 0.11127312481403352 0.060292588546872146 -0.89413523674011219 -0.58773475885391224 -1.6829031109809873 -1.7992970347404478
decision_type=2 2 2 2 2 2 2 2 2 2 2 2
left_child=8 2 3 -2 -4 7 -7 -3 -1 11 -11 -10
right_child=1 5 4 -5 -6 6 -8 -9 9 10 -12 -13
leaf_value=-0.00074775294205606203 -6.7483471617456965e-05 -7.7827310272510848e-05 -4.954055894457057e-05 5.1998734186147783e-05 -0.00051424912223681956 0.0004781469369172766 9.8567351199296078e-05 5.7507564272490133e-05 0.00048120007254637677 -0.00069054948440835722 -6.0722737130819246e-05 0
leaf_weight=2191 176960 49784 10194 150320 8709 7829 45786 116564 1204 2162 3918 1752
leaf_count=2191 176960 49784 10194 150320 8709 7829 45786 116564 1204 2162 3918 1752
internal_value=-2.20957e-06 3.12805e-06 -2.72095e-05 -1.19962e-05 -0.000277253 5.17637e-05 0.000159282 1.57594e-05 -0.000284217 -0.000136409 -0.000331391 0.000196851
internal_weight=577373 566146 346183 327280 18903 219963 53615 166348 11227 9036 6080 2956
internal_count=577373 566146 346183 327280 18903 219963 53615 166348 11227 9036 6080 2956
is_linear=0
shrinkage=0.01


Tree=306
num_leaves=10
num_cat=0
split_feature=3 1 6 3 2 9 4 3 8
split_gain=9.18121 8.30187 16.7843 12.7277 20.4067 12.0947 6.90021 4.35255 1.37368
threshold=-5.3401625156402579 0.67243948578834545 0.062204292044043548 1.3669795393943789 1.240332365036011 0.092859849333763136 0.58148950338363659 -0.041261265054345124 -0.84437102079391468
decision_type=2 2 2 2 2 2 2 2 2
left_child=8 3 7 6 -5 -4 -2 -3 -1
right_child=1 2 5 4 -6 -7 -8 -9 -10
leaf_value=-0.0001337353631667427 -2.4962942986055736e-05 -0.00079741610062747175 0.0007386654691619015 -0.0001054901071322482 -0.001361618276594614 8.6428360936666158e-06 4.9536550842508571e-05 0 -0.00090563169285260857
leaf_weight=1327 364434 1089 5878 6858 1554 4542 188401 2233 1057
leaf_count=1327 364434 1089 5878 6858 1554 4542 188401 2233 1057
internal_value=-2.19548e-06 1.29593e-07 0.000241505 -5.50813e-06 -0.000386998 0.000445442 7.28801e-08 -0.000330361 -0.000596979
internal_weight=577373 574989 13742 561247 8412 10420 552835 3322 2384
internal_count=577373 574989 13742 561247 8412 10420 552835 3322 2384
is_linear=0
shrinkage=0.01


Tree=307
num_leaves=14
num_cat=0
split_feature=2 6 8 0 0 1 8 0 8 9 6 3 4
split_gain=9.0801 8.02323 12.4766 12.4712 8.71907 8.01902 9.10306 6.54383 3.99104 7.00716 5.35529 4.70389 0.811153
threshold=-1.846064507961273 0.14386958628892901 0.39649604260921484 0.26936380565166479 0.34244433045387274 0.46811886131763464 0.11127312481403352 0.55740085244178783 0.029868573881685737 -0.89413523674011219 -0.77437171339988697 0.26004506647586828 -1.745578348636627
decision_type=2 2 2 2 2 2 2 2 2 2 2 2 2
left_child=8 2 3 -2 -4 7 -7 -3 9 12 -11 -10 -1
right_child=1 5 4 -5 -6 6 -8 -9 11 10 -12 -13 -14
leaf_value=-0.00082288192641064852 -6.4463162332498012e-05 3.4878648104871854e-05 -0.001067063564610532 6.1532015763899836e-05 -0.00017927388930179911 0.00047534117857834574 9.7173360059100969e-05 -0.00019632205865739545 -0.00085475854272299063 0.00038056746367184582 -0.0001596883721216135 0 -0.00016000555782410942
leaf_weight=1169 175184 152898 1092 141455 26719 7827 45786 12966 1968 2547 5199 1055 1508
leaf_count=1169 175184 152898 1092 141455 26719 7827 45786 12966 1968 2547 5199 1055 1508
internal_value=-2.19157e-06 3.6255e-06 -2.60961e-05 -7.54165e-06 -0.000228643 5.11626e-05 0.00015766 1.53861e-05 -0.000257294 -0.000133348 0 -0.000587801 -0.000556071
internal_weight=577373 563927 344450 316639 27811 219477 53613 165864 13446 10423 7746 3023 2677
internal_count=577373 563927 344450 316639 27811 219477 53613 165864 13446 10423 7746 3023 2677
is_linear=0
shrinkage=0.01


Tree=308
num_leaves=10
num_cat=0
split_feature=3 2 4 3 1 9 9 6 8
split_gain=9.02982 8.10107 13.0032 16.6003 11.8753 6.55078 12.6756 6.87233 1.34092
threshold=-5.3401625156402579 -0.60262617468833912 1.5270777344703677 1.114936411380768 -0.66213485598564137 0.48125684261322027 0.54180467128753673 0.20159309357404712 -0.84437102079391468
decision_type=2 2 2 2 2 2 2 2 2
left_child=8 5 4 -4 -3 7 -7 -2 -1
right_child=1 2 3 -5 -6 6 -8 -9 -10
leaf_value=-0.00013179379329710501 -0.00010141316019901672 -0.00033254667038401834 -0.00014074161573723849 -0.0013622587222220878 4.5818675380812353e-05 0.00064472667535402344 -0.00013419442307551456 5.7606518358519035e-05 -0.00089784601106530307
leaf_weight=1327 136238 8175 13730 1100 376253 3602 3814 32077 1057
leaf_count=1327 136238 8175 13730 1100 376253 3602 3814 32077 1057
internal_value=-2.1858e-06 1.1715e-07 2.53644e-05 -0.000261575 3.70839e-05 -5.60711e-05 0.000224868 -6.98884e-05 -0.000592044
internal_weight=577373 574989 399258 14830 384428 175731 7416 168315 2384
internal_count=577373 574989 399258 14830 384428 175731 7416 168315 2384
is_linear=0
shrinkage=0.01


Tree=309
num_leaves=14
num_cat=0
split_feature=3 1 8 3 2 6 4 1 0 6 2 0 3
split_gain=8.94158 8.39559 15.2048 13.2725 23.1031 6.94825 6.35423 4.92871 4.37975 6.43953 3.04086 2.99234 0.34819
threshold=-2.2965553998947139 0.68791750073432933 0.11251875385642053 1.3669795393943789 1.2987920641899111 0.062204292044043548 0.58148950338363659 0.36972695589065557 -0.21792905777692792 -0.1166810169816017 0.53688406944274913 -0.4806275069713592 -2.9027111530303951
decision_type=2 2 2 2 2 2 2 2 2 2 2 2 2
left_child=7 3 10 6 -5 -4 -2 8 11 -10 -3 -1 -9
right_child=1 2 5 4 -6 -7 -8 12 9 -11 -12 -13 -14
leaf_value=-0.00014255595886458045 -1.9552506771773595e-05 0.00010532571306818901 -0.00051737633297042635 -0.00010095155249641682 -0.001451949463654336 0.00017292333646602619 5.2250184894576954e-05 -0.00087431790676954042 0.00044206781702763861 -0.00023263822072921113 0.00096090394950905649 -0.00064442686506073585 -0.00016869416232112374
leaf_weight=9268 350489 1217 1739 6953 1484 5679 188842 1211 2552 2383 2681 1744 1131
leaf_count=9268 350489 1217 1739 6953 1484 5679 188842 1211 2552 2383 2681 1744 1131
internal_value=-2.18247e-06 4.62104e-06 0.000271886 -6.32444e-07 -0.000389856 0 5.22793e-06 -0.000218779 -0.000135432 8.09476e-05 0.000760764 -0.000249954 -0.000652319
internal_weight=577373 559084 11316 547768 8437 7418 539331 18289 15947 4935 3898 11012 2342
internal_count=577373 559084 11316 547768 8437 7418 539331 18289 15947 4935 3898 11012 2342
is_linear=0
shrinkage=0.01


Tree=310
num_leaves=13
num_cat=0
split_feature=2 6 8 0 2 1 9 0 9 6 4 4
split_gain=8.87175 7.94333 12.225 11.0477 8.95846 7.72016 8.91194 6.31895 5.69167 6.20465 4.44153 1.99838
threshold=-1.8768151998519895 0.14386958628892901 0.42785915732383734 0.26936380565166479 0.83389055728912365 0.46811886131763464 0.23906202614307406 0.55740085244178783 -0.89413523674011219 -0.58773475885391224 -1.6829031109809873 -1.7992970347404478
decision_type=2 2 2 2 2 2 2 2 2 2 2 2
left_child=8 2 3 -2 -4 7 -7 -3 -1 11 -11 -10
right_child=1 5 4 -5 -6 6 -8 -9 9 10 -12 -13
leaf_value=-0.0007351604117192944 -6.5450434262105434e-05 3.4402527065174803e-05 -2.6224011084890586e-05 5.0817646134839384e-05 -0.00048524583452012844 0.00026658149435016746 0 -0.00019262832748068786 0.00047764000152765066 -0.0006801632288002561 -5.6292738697993537e-05 0
leaf_weight=2191 176960 153369 9288 150320 9615 30501 23114 12979 1204 2162 3918 1752
leaf_count=2191 176960 153369 9288 150320 9615 30501 23114 12979 1204 2162 3918 1752
internal_value=-2.17941e-06 3.03834e-06 -2.64379e-05 -1.14393e-05 -0.000272811 5.0319e-05 0.000154861 1.5278e-05 -0.000278246 -0.000132281 -0.000324579 0.000195376
internal_weight=577373 566146 346183 327280 18903 219963 53615 166348 11227 9036 6080 2956
internal_count=577373 566146 346183 327280 18903 219963 53615 166348 11227 9036 6080 2956
is_linear=0
shrinkage=0.01


Tree=311
num_leaves=10
num_cat=0
split_feature=3 1 6 3 2 9 3 3 8
split_gain=8.83237 7.87677 16.2077 12.1874 19.6085 11.6997 6.63467 4.28282 1.3187
threshold=-5.3401625156402579 0.67243948578834545 0.062204292044043548 1.3669795393943789 1.240332365036011 0.092859849333763136 -0.17910452187061307 -0.041261265054345124 -0.84437102079391468
decision_type=2 2 2 2 2 2 2 2 2
left_child=8 3 7 6 -5 -4 -2 -3 -1
right_child=1 2 5 4 -6 -7 -8 -9 -10
leaf_value=-0.00012835710501012723 -5.4518189033986031e-05 -0.00078935888583596316 0.00072413799795822032 -0.00010216454155319554 -0.0013341716451327737 5.760306901506425e-06 2.2256862739289678e-05 0 -0.00088865206084549789
leaf_weight=1327 157021 1089 5878 6858 1554 4542 395814 2233 1057
leaf_count=1327 157021 1089 5878 6858 1554 4542 395814 2233 1057
internal_value=-2.16778e-06 1.06027e-07 0.00023523 -5.37645e-06 -0.000378683 0.000435841 7.70748e-08 -0.00032625 -0.000585541
internal_weight=577373 574989 13742 561247 8412 10420 552835 3322 2384
internal_count=577373 574989 13742 561247 8412 10420 552835 3322 2384
is_linear=0
shrinkage=0.01


Tree=312
num_leaves=11
num_cat=0
split_feature=3 3 4 1 4 1 2 1 2 0
split_gain=8.70616 7.90246 11.7099 10.1789 8.02719 6.48493 6.01694 3.28981 8.2942 1.5007
threshold=-3.60377025604248 1.0783194899559023 1.5633385777473452 -1.5246364474296568 0.26756148040294653 0.46811886131763464 0.95469406247138988 0.14001757651567462 -1.6586256027221677 -0.60725948214530934
decision_type=2 2 2 2 2 2 2 2 2 2
left_child=7 4 3 -3 6 -6 -2 8 -1 -10
right_child=1 2 -4 -5 5 -7 -8 -9 9 -11
leaf_value=-0.0006261175069689251 -9.8900054213158097e-06 -0.00076972622518557687 -0.0011234625871554462 -1.1059405121861402e-05 1.746282934304725e-05 0.00013226414244096171 -0.00016420754776887738 -0.00071941387294713842 0 0.00041679228485966302
leaf_weight=2056 278580 1906 1137 14962 174373 71454 28088 1895 1906 1016
leaf_count=2056 278580 1906 1137 14962 174373 71454 28088 1895 1906 1016
internal_value=-2.16412e-06 1.80964e-06 -0.000202735 -0.000116518 8.90827e-06 5.17252e-05 -2.47736e-05 -0.00035101 -0.000149773 0.000139974
internal_weight=577373 570500 18005 16868 552495 245827 306668 6873 4978 2922
internal_count=577373 570500 18005 16868 552495 245827 306668 6873 4978 2922
is_linear=0
shrinkage=0.01


Tree=313
num_leaves=13
num_cat=0
split_feature=2 6 8 0 0 8 9 2 9 6 4 4
split_gain=8.62759 7.72883 12.0483 12.0768 8.577 7.57892 16.6138 10.3595 5.57797 6.11823 4.35318 1.9765
threshold=-1.8768151998519895 0.14386958628892901 0.39649604260921484 0.26936380565166479 0.34244433045387274 0.5027194917201997 0.6343391239643098 0.86610078811645519 -0.89413523674011219 -0.58773475885391224 -1.7023220658302305 -1.7992970347404478
decision_type=2 2 2 2 2 2 2 2 2 2 2 2
left_child=8 2 3 -2 -4 6 -3 -7 -1 11 -11 -10
right_child=1 5 4 -5 -6 7 -8 -9 9 10 -12 -13
leaf_value=-0.00072675315351280459 -6.3592017588655898e-05 4.9679997359526554e-05 -0.0010566524024865369 6.0097720600200323e-05 -0.00017616697224833908 -3.6324244067195463e-05 -0.00075524396221269359 0.00077225632775551546 0.00047613884881785555 -0.00068897324075332348 -6.3649150117691213e-05 0
leaf_weight=2191 176742 212297 1092 141619 26730 2136 2371 3159 1204 2043 4037 1752
leaf_count=2191 176742 212297 1092 141619 26730 2136 2371 3159 1204 2043 4037 1752
internal_value=-2.16397e-06 2.97663e-06 -2.60939e-05 -7.93914e-06 -0.000225158 4.9619e-05 3.91641e-05 0.000420228 -0.000274407 -0.000129708 -0.000320868 0.00019552
internal_weight=577373 566146 346183 318361 27822 219963 214668 5295 11227 9036 6080 2956
internal_count=577373 566146 346183 318361 27822 219963 214668 5295 11227 9036 6080 2956
is_linear=0
shrinkage=0.01


Tree=314
num_leaves=10
num_cat=0
split_feature=3 1 6 3 2 9 3 3 8
split_gain=8.60036 7.67183 15.9035 11.8345 19.2721 11.4697 6.41091 4.19545 1.30805
threshold=-5.3401625156402579 0.67243948578834545 0.062204292044043548 1.3669795393943789 1.240332365036011 0.092859849333763136 -0.17910452187061307 -0.041261265054345124 -0.84437102079391468
decision_type=2 2 2 2 2 2 2 2 2
left_child=8 3 7 6 -5 -4 -2 -3 -1
right_child=1 2 5 4 -6 -7 -8 -9 -10
leaf_value=-0.00012360943313831366 -5.3620612096159746e-05 -0.00078226522000288319 0.00071637816294645802 -9.8907760208352926e-05 -0.0013202969784245208 4.7608066122104556e-06 2.1849326819152362e-05 0 -0.00087854482628058354
leaf_weight=1327 157021 1089 5878 6858 1554 4542 395814 2233 1057
leaf_count=1327 157021 1089 5878 6858 1554 4542 395814 2233 1057
internal_value=-2.16126e-06 7.78843e-08 0.000232129 -5.32827e-06 -0.000373188 0.000430953 4.04189e-08 -0.000323789 -0.000577818
internal_weight=577373 574989 13742 561247 8412 10420 552835 3322 2384
internal_count=577373 574989 13742 561247 8412 10420 552835 3322 2384
is_linear=0
shrinkage=0.01


Tree=315
num_leaves=10
num_cat=0
split_feature=3 1 2 4 1 9 0 0 8
split_gain=8.47463 7.59842 13.0293 10.7517 8.79207 8.36812 7.2071 2.55977 1.26734
threshold=-5.3401625156402579 -0.66213485598564137 -0.2803343385457992 1.5633385777473452 0.67243948578834545 -0.28275166451930994 0.58020114898681652 0.26593969762325292 -0.84437102079391468
decision_type=2 2 2 2 2 2 2 2 2
left_child=8 2 5 4 -3 -2 -5 -4 -1
right_child=1 3 7 6 -6 -7 -8 -9 -10
leaf_value=-0.00012253524001246195 0.00010133999231882334 1.3380434706001119e-05 -0.0007088714163081979 -0.0001443695379153075 0.00027449350725067343 -0.00014595923884648746 -0.00085269662481475398 0 -0.00087115723182400575
leaf_weight=1327 20314 486513 3874 10430 13175 37760 1791 1132 1057
leaf_count=1327 20314 486513 3874 10430 13175 37760 1791 1132 1057
internal_value=-2.15757e-06 6.25962e-08 -0.000102962 1.31836e-05 2.07722e-05 -5.59722e-05 -0.000276336 -0.000586571 -0.00057359
internal_weight=577373 574989 63080 511909 499688 58074 12221 5006 2384
internal_count=577373 574989 63080 511909 499688 58074 12221 5006 2384
is_linear=0
shrinkage=0.01


Tree=316
num_leaves=13
num_cat=0
split_feature=2 6 8 0 2 8 9 2 9 6 4 1
split_gain=8.42176 7.52874 11.8608 10.4716 8.78214 7.42715 16.3002 10.186 5.50527 6.02583 4.26879 1.9663
threshold=-1.8768151998519895 0.14386958628892901 0.42785915732383734 0.26936380565166479 0.93248948454856884 0.5027194917201997 0.6343391239643098 0.86610078811645519 -0.89413523674011219 -0.58773475885391224 -1.6829031109809873 -3.0610306262969966
decision_type=2 2 2 2 2 2 2 2 2 2 2 2
left_child=8 2 3 -2 -4 6 -3 -7 -1 11 -11 -10
right_child=1 5 4 -5 -6 7 -8 -9 9 10 -12 -13
leaf_value=-0.00072040293646993109 -6.3583024927034101e-05 4.9024895686913463e-05 -4.4924518846145463e-05 4.9609667912531915e-05 -0.00050073216482809837 -3.6185334908610732e-05 -0.00074824843668504411 0.00076501468365597683 0.00047347526127506111 -0.00066581081101508904 -5.3281962598097071e-05 0
leaf_weight=2191 176960 212297 10194 150320 8709 2136 2371 3159 1214 2162 3918 1742
leaf_count=2191 176960 212297 10194 150320 8709 2136 2371 3159 1214 2162 3918 1742
internal_value=-2.15429e-06 2.92041e-06 -2.57665e-05 -1.09842e-05 -0.000268438 4.89594e-05 3.86e-05 0.000415861 -0.000271132 -0.0001273 -0.000317207 0.000195286
internal_weight=577373 566146 346183 327280 18903 219963 214668 5295 11227 9036 6080 2956
internal_count=577373 566146 346183 327280 18903 219963 214668 5295 11227 9036 6080 2956
is_linear=0
shrinkage=0.01


Tree=317
num_leaves=9
num_cat=0
split_feature=8 3 3 8 6 3 6 6
split_gain=8.38175 7.94781 10.4791 10.1823 7.59253 7.48465 6.31766 4.03237
threshold=-6.9081015586853018 -0.17910452187061307 0.44230642914772039 0.36729501187801367 0.15839611738920215 0.41298682987689977 0.24418320506811145 0.23018271476030353
decision_type=2 2 2 2 2 2 2 2
left_child=-1 3 5 6 -4 -3 -2 -5
right_child=1 2 4 7 -6 -7 -8 -9
leaf_value=-0.00057132623027608828 -6.3480762058441478e-05 5.4626317497776532e-05 -7.6584900991142938e-05 -0.00047126078554556429 5.3338926841972423e-05 0.00029989748775765326 0.00012880326150474994 1.8103234598954144e-05
leaf_weight=2376 133360 207279 124601 7737 68428 13585 18854 1153
leaf_count=2376 133360 207279 124601 7737 68428 13585 18854 1153
internal_value=-2.14924e-06 5.28442e-08 2.35951e-05 -5.91441e-05 -2.94849e-05 7.0875e-05 -3.82135e-05 -0.000386788
internal_weight=577373 574997 413893 161104 193029 220864 152214 8890
internal_count=577373 574997 413893 161104 193029 220864 152214 8890
is_linear=0
shrinkage=0.01


Tree=318
num_leaves=10
num_cat=0
split_feature=3 2 4 3 1 9 9 9 8
split_gain=8.30369 7.47167 12.5454 15.7359 11.2383 6.38124 12.3654 7.0231 1.25202
threshold=-5.3401625156402579 -0.60262617468833912 1.5270777344703677 1.114936411380768 -0.66213485598564137 0.48125684261322027 0.54180467128753673 -0.028451657854020592 -1.3161945939064024
decision_type=2 2 2 2 2 2 2 2 2
left_child=8 5 4 -4 -3 7 -7 -2 -1
right_child=1 2 3 -5 -6 6 -8 -9 -10
leaf_value=-5.562757686487345e-05 2.0358662058050805e-05 -0.00032366369548182477 -0.00013935927448720424 -0.0013300351683395162 4.4362842246395294e-05 0.00063814158619308978 -0.00013065698558574159 -0.00011365988266657167 -0.00079810845572921083
leaf_weight=1086 56477 8175 13730 1100 376253 3602 3814 111838 1298
leaf_count=1086 56477 8175 13730 1100 376253 3602 3814 111838 1298
internal_value=-2.12299e-06 7.11424e-08 2.43318e-05 -0.000257506 3.58524e-05 -5.38768e-05 0.000223445 -6.75332e-05 -0.000567765
internal_weight=577373 574989 399258 14830 384428 175731 7416 168315 2384
internal_count=577373 574989 399258 14830 384428 175731 7416 168315 2384
is_linear=0
shrinkage=0.01


Tree=319
num_leaves=15
num_cat=0
split_feature=3 6 8 1 1 3 4 0 8 4 6 9 6 2
split_gain=8.23373 7.92619 7.74488 9.38257 7.33097 7.27347 10.0676 7.15014 6.10134 4.42113 7.36461 4.04168 2.27888 2.3857
threshold=-1.9160559177398679 -0.13651221990585324 -0.012306282762438057 -0.9940618872642516 0.23513637483119967 0.64041540026664745 -0.43148007988929743 -0.23193993419408795 0.37772189080715185 -1.6089575886726377 -0.1166810169816017 -0.12308857589960097 -0.22828411310911176 0.51297646760940563
decision_type=2 2 2 2 2 2 2 2 2 2 2 2 2 2
left_child=4 2 7 -4 9 6 -3 -2 -7 11 -11 -1 -6 -14
right_child=1 5 3 -5 12 8 -8 -9 -10 10 -12 -13 13 -15
leaf_value=0 -3.3674017875775617e-05 -3.1795084365816961e-05 -0.00059695216235262655 -0.00011973015696227595 0 -1.9415378582490128e-05 7.5198709380004357e-05 0.00042795039877021262 -0.00023868995176428668 0.00040678827107095322 -0.00016841607073125119 -0.00041006844399741309 -0.00067480595584865999 -6.2071950584276247e-05
leaf_weight=5202 23334 129253 5009 32011 1454 82258 261323 3644 15465 4060 3930 4651 4073 1706
leaf_count=5202 23334 129253 5009 32011 1454 82258 261323 3644 15465 4060 3930 4651 4073 1706
internal_value=-2.11973e-06 5.60473e-06 -9.83457e-05 -0.000192535 -0.000178861 1.96729e-05 3.92814e-05 2.40105e-05 -5.65754e-05 -5.52401e-05 0.000102242 -0.000202333 -0.000447221 -0.0005355
internal_weight=577373 552297 63998 37020 25076 488299 390576 26978 97723 17843 7990 9853 7233 5779
internal_count=577373 552297 63998 37020 25076 488299 390576 26978 97723 17843 7990 9853 7233 5779
is_linear=0
shrinkage=0.01


Tree=320
num_leaves=9
num_cat=0
split_feature=8 3 3 8 6 3 6 6
split_gain=8.22806 7.69857 10.1536 10.0281 7.41072 7.33014 6.18749 3.97033
threshold=-6.9081015586853018 -0.17910452187061307 0.44230642914772039 0.36729501187801367 0.15839611738920215 0.41298682987689977 0.24418320506811145 0.23018271476030353
decision_type=2 2 2 2 2 2 2 2
left_child=-1 3 5 6 -4 -3 -2 -5
right_child=1 2 4 7 -6 -7 -8 -9
leaf_value=-0.00056606197283930084 -6.2443858764574858e-05 5.3680632190374222e-05 -7.555283986140759e-05 -0.00046719587376529905 5.2797239987409593e-05 0.00029642755994579989 0.00012784727929273629 1.7393993200694334e-05
leaf_weight=2376 133360 207279 124601 7737 68428 13585 18854 1153
leaf_count=2376 133360 207279 124601 7737 68428 13585 18854 1153
internal_value=-2.12721e-06 5.13868e-08 2.3227e-05 -5.82044e-05 -2.90107e-05 6.9771e-05 -3.74244e-05 -0.000383344
internal_weight=577373 574997 413893 161104 193029 220864 152214 8890
internal_count=577373 574997 413893 161104 193029 220864 152214 8890
is_linear=0
shrinkage=0.01


Tree=321
num_leaves=13
num_cat=0
split_feature=2 1 8 3 2 6 6 9 6 4 2 4
split_gain=8.15549 7.07259 14.6257 8.36055 30.5251 7.07773 6.45866 5.39552 5.94898 4.17745 2.76847 1.96315
threshold=-1.8768151998519895 0.68791750073432933 0.11251875385642053 1.2348897457122805 1.2987920641899111 0.062204292044043548 0.17779557406902316 -0.89413523674011219 -0.58773475885391224 -1.7023220658302305 0.53688406944274913 -1.7992970347404478
decision_type=2 2 2 2 2 2 2 2 2 2 2 2
left_child=7 3 10 6 -5 -4 -2 -1 11 -10 -3 -9
right_child=1 2 5 4 -6 -7 -8 8 9 -11 -12 -13
leaf_value=-0.00071148717880232669 -1.7181819343781062e-05 9.6393918094040527e-05 -0.00053633466808528519 0 -0.0014364665079211118 0.00015644555867198176 6.0818626439217021e-05 0.0004757852940783674 -0.00067378803564055359 -6.0295983175096469e-05 0.00091623032111236486 0
leaf_weight=2191 401190 1232 1759 8149 1683 5694 143737 1204 2043 4037 2702 1752
leaf_count=2191 401190 1232 1759 8149 1683 5694 143737 1204 2043 4037 2702 1752
internal_value=-2.10117e-06 2.88711e-06 0.000247549 -1.86184e-06 -0.000288146 0 3.04047e-06 -0.000266796 -0.000124244 -0.000313182 0.000724948 0.000196218
internal_weight=577373 566146 11387 554759 9832 7453 544927 11227 9036 6080 3934 2956
internal_count=577373 566146 11387 554759 9832 7453 544927 11227 9036 6080 3934 2956
is_linear=0
shrinkage=0.01


Tree=322
num_leaves=10
num_cat=0
split_feature=3 1 6 3 2 9 4 3 8
split_gain=8.11708 7.20057 15.3806 11.2014 18.3747 11.1604 6.15804 4.10617 1.23108
threshold=-5.3401625156402579 0.67243948578834545 0.062204292044043548 1.3669795393943789 1.240332365036011 0.092859849333763136 0.58148950338363659 -0.041261265054345124 -0.84437102079391468
decision_type=2 2 2 2 2 2 2 2 2
left_child=8 3 7 6 -5 -4 -2 -3 -1
right_child=1 2 5 4 -6 -7 -8 -9 -10
leaf_value=-0.0001159034568048555 -2.35690917090422e-05 -0.00077513360672343528 0.00070201637609273592 -9.4572469046156368e-05 -0.0012879101169116938 1.4252193950646715e-07 4.6809597891450649e-05 0 -0.00085403376775601103
leaf_weight=1327 364434 1089 5878 6858 1554 4542 188401 2233 1057
leaf_count=1327 364434 1089 5878 6858 1554 4542 188401 2233 1057
internal_value=-2.09021e-06 7.52045e-08 0.000224896 -5.15141e-06 -0.000363038 0.000420672 6.19216e-08 -0.000321418 -0.000561341
internal_weight=577373 574989 13742 561247 8412 10420 552835 3322 2384
internal_count=577373 574989 13742 561247 8412 10420 552835 3322 2384
is_linear=0
shrinkage=0.01


Tree=323
num_leaves=12
num_cat=0
split_feature=3 3 4 1 4 6 2 1 2 2 9
split_gain=8.01411 7.21269 11.1652 9.95703 7.38588 6.33974 6.07788 3.27427 8.12169 1.5022 0.353055
threshold=-3.60377025604248 1.0783194899559023 1.5633385777473452 0.45464658737182623 0.26756148040294653 0.480051800608635 0.95469406247138988 0.14001757651567462 -1.4377228021621702 -1.7893295884132383 -0.17331703007221219
decision_type=2 2 2 2 2 2 2 2 2 2 2
left_child=7 4 3 -3 6 -6 -2 8 9 -1 -10
right_child=1 2 -4 -5 5 -7 -8 -9 10 -11 -12
leaf_value=-0.00075155281936016116 -8.8330226509792774e-06 -0.00021506576377553765 -0.0010924238589590188 0.00045827071294481916 5.9003911659106392e-05 -0.00023844511194610698 -0.0001638664553582481 -0.00070179679509372336 0.00039864752185739011 -7.9886335611754398e-05 0
leaf_weight=1374 278580 14620 1137 2248 238874 6953 28088 1895 1031 1504 1069
leaf_count=1374 278580 14620 1137 2248 238874 6953 28088 1895 1031 1504 1069
internal_value=-2.08685e-06 1.71155e-06 -0.000193683 -0.000109294 8.50881e-06 4.95909e-05 -2.3782e-05 -0.000336786 -0.000137471 -0.000493525 0.00026402
internal_weight=577373 570500 18005 16868 552495 245827 306668 6873 4978 2878 2100
internal_count=577373 570500 18005 16868 552495 245827 306668 6873 4978 2878 2100
is_linear=0
shrinkage=0.01


Tree=324
num_leaves=12
num_cat=0
split_feature=2 6 8 0 8 2 9 2 9 9 8
split_gain=7.94334 6.90424 14.1512 11.8149 11.3651 21.5014 12.9877 9.47446 5.28692 5.88725 3.27748
threshold=-1.8768151998519895 0.17779557406902316 0.41815310716629034 0.27294141054153448 0.5027194917201997 0.52473729848861705 0.6343391239643098 0.74094966053962719 -0.89413523674011219 -0.25689193606376642 -0.58148261904716481
decision_type=2 2 2 2 2 2 2 2 2 2 2
left_child=8 2 3 -2 6 -6 -3 -4 -1 -10 -11
right_child=1 4 7 -5 5 -7 -8 -9 9 10 -12
leaf_value=-0.00070356286722124363 -5.4902256970027211e-05 5.7747810166808072e-05 -6.5722956244108956e-06 5.5328710521798986e-05 -0.00045483585262977099 0.0010713317391755203 -0.00075259367270534951 -0.00040190335895676509 0.00039591285710632705 -0.00069670233288294863 -0.00010511370872842989
leaf_weight=2191 203640 144608 11740 185472 1008 2672 1777 15229 1364 1317 6355
leaf_count=2191 203640 144608 11740 185472 1008 2672 1777 15229 1364 1317 6355
internal_value=-2.08591e-06 2.83248e-06 -1.7771e-05 -1.84501e-06 6.12377e-05 0.000599851 4.55331e-05 -0.000238487 -0.000263317 -0.000121991 -0.000247195
internal_weight=577373 566146 416081 389112 150065 3680 146385 26969 11227 9036 7672
internal_count=577373 566146 416081 389112 150065 3680 146385 26969 11227 9036 7672
is_linear=0
shrinkage=0.01


Tree=325
num_leaves=10
num_cat=0
split_feature=3 1 6 9 3 2 4 3 8
split_gain=7.90451 7.03246 15.1009 10.9342 10.8619 18.0614 5.90815 4.02356 1.20505
threshold=-5.3401625156402579 0.67243948578834545 0.062204292044043548 0.092859849333763136 1.3669795393943789 1.240332365036011 0.58148950338363659 -0.041261265054345124 -0.84437102079391468
decision_type=2 2 2 2 2 2 2 2 2
left_child=8 4 7 -4 6 -6 -2 -3 -1
right_child=1 2 3 -5 5 -7 -8 -9 -10
leaf_value=-0.00011211365739465462 -2.3121119242555325e-05 -0.00076803521678368999 0.00069479568242417859 0 -9.1230671192617943e-05 -0.0012743055031814335 4.5815612201435245e-05 0 -0.0008434602806315733
leaf_weight=1327 364434 1089 5878 4542 6858 1554 188401 2233 1057
leaf_count=1327 364434 1089 5878 4542 6858 1554 188401 2233 1057
internal_value=-2.08096e-06 5.13227e-08 0.000222237 0.00041632 -5.10986e-06 -0.000357529 1.83064e-08 -0.00031882 -0.000553958
internal_weight=577373 574989 13742 10420 561247 8412 552835 3322 2384
internal_count=577373 574989 13742 10420 561247 8412 552835 3322 2384
is_linear=0
shrinkage=0.01


Tree=326
num_leaves=12
num_cat=0
split_feature=2 4 4 3 1 0 8 9 4 8 3
split_gain=7.79269 7.53645 9.28195 9.16435 8.36066 5.19147 4.13657 6.5758 6.17443 4.71127 3.89801
threshold=-1.846064507961273 1.5633385777473452 0.58148950338363659 1.114936411380768 0.56037122011184703 -0.73403543233871449 0.029868573881685737 -2.0428720712661739 -0.083497770130634294 0.087740603834390654 -0.65467691421508778
decision_type=2 2 2 2 2 2 2 2 2 2 2
left_child=6 2 5 10 -4 -2 7 -1 -9 -8 -3
right_child=1 3 4 -5 -6 -7 9 8 -10 -11 -12
leaf_value=-0.00068695982755148015 -0.00012209443040758731 -0.00064837553607247458 3.9571857115382417e-05 -0.0010834933165919981 0.00024131542343712353 -4.8784073365195244e-06 -0.00099738567666598534 -0.00011064628778935307 0.00062471063399241532 -6.4322702077264921e-05 -4.4274907505545459e-05
leaf_weight=1487 43300 1149 159785 1017 24267 323339 1322 7805 1131 1701 11070
leaf_count=1487 43300 1149 159785 1017 24267 323339 1322 7805 1131 1701 11070
internal_value=-2.07762e-06 3.28553e-06 9.3407e-06 -0.000230146 6.749e-05 -1.93258e-05 -0.000238417 -0.000114199 0 -0.000570989 -0.000126712
internal_weight=577373 563927 550691 13236 184052 366639 13446 10423 8936 3023 12219
internal_count=577373 563927 550691 13236 184052 366639 13446 10423 8936 3023 12219
is_linear=0
shrinkage=0.01


Tree=327
num_leaves=10
num_cat=0
split_feature=3 2 4 3 1 9 9 9 8
split_gain=7.75934 6.89108 12.196 14.7221 10.8253 6.22584 12.1101 7.00527 1.18805
threshold=-5.3401625156402579 -0.60262617468833912 1.5270777344703677 1.114936411380768 -0.66213485598564137 0.48125684261322027 0.54180467128753673 -0.028451657854020592 -1.3161945939064024
decision_type=2 2 2 2 2 2 2 2 2
left_child=8 5 4 -4 -3 7 -7 -2 -1
right_child=1 2 3 -5 -6 6 -8 -9 -10
leaf_value=-4.7268020550388704e-05 2.254885837650984e-05 -0.00031811909347550198 -0.00013959470251445575 -0.0012933776581444993 4.3067435619504003e-05 0.00063260301791469677 -0.00012776937275694791 -0.00011137635306201566 -0.00077268679455937312
leaf_weight=1086 56477 8175 13730 1100 376253 3602 3814 111838 1298
leaf_count=1086 56477 8175 13730 1100 376253 3602 3814 111838 1298
internal_value=-2.08405e-06 2.53499e-08 2.33383e-05 -0.000254554 3.47053e-05 -5.17708e-05 0.000222202 -6.52784e-05 -0.000548867
internal_weight=577373 574989 399258 14830 384428 175731 7416 168315 2384
internal_count=577373 574989 399258 14830 384428 175731 7416 168315 2384
is_linear=0
shrinkage=0.01


Tree=328
num_leaves=13
num_cat=0
split_feature=3 1 8 3 2 6 4 1 0 6 0 2
split_gain=7.67123 7.18988 14.2896 11.3153 20.621 6.20621 5.38801 4.95154 4.02258 5.92955 4.7235 2.92263
threshold=-2.2965553998947139 0.68791750073432933 0.11251875385642053 1.3669795393943789 1.2987920641899111 0.062204292044043548 0.58148950338363659 0.37809222936630255 -0.25979025661945337 -0.1166810169816017 -0.4806275069713592 0.53688406944274913
decision_type=2 2 2 2 2 2 2 2 2 2 2 2
left_child=7 3 11 6 -5 -4 -2 8 10 -10 -1 -3
right_child=1 2 5 4 -6 -7 -8 -9 9 -11 -12 -13
leaf_value=-0.00012055082081132577 -1.8043172717538154e-05 8.6502918688318811e-05 -0.00050013127738548428 -8.5866850840273095e-05 -0.0013631063508273006 0.00015188133774034977 4.8067095335540703e-05 -0.00064900185397771479 0.00040821957932175921 -0.00021573174047646935 -0.00075980994235766669 0.00092014112602129374
leaf_weight=9295 350489 1217 1739 6953 1484 5679 188842 2203 2758 2588 1445 2681
leaf_count=9295 350489 1217 1739 6953 1484 5679 188842 2203 2758 2588 1445 2681
internal_value=-2.08091e-06 4.1949e-06 0.000251533 -6.39671e-07 -0.000360041 0 4.7433e-06 -0.000202716 -0.000122097 7.32155e-05 -0.000237159 0.000725598
internal_weight=577373 559084 11316 547768 8437 7418 539331 18289 16086 5346 10740 3898
internal_count=577373 559084 11316 547768 8437 7418 539331 18289 16086 5346 10740 3898
is_linear=0
shrinkage=0.01


Tree=329
num_leaves=13
num_cat=0
split_feature=2 6 8 0 8 2 9 2 9 6 4 4
split_gain=7.62017 6.71297 13.9652 11.3806 11.1119 21.1149 12.7582 9.30586 5.16625 5.8512 4.09467 1.9577
threshold=-1.8768151998519895 0.17779557406902316 0.41815310716629034 0.27294141054153448 0.5027194917201997 0.52473729848861705 0.6343391239643098 0.74094966053962719 -0.89413523674011219 -0.58773475885391224 -1.6829031109809873 -1.7992970347404478
decision_type=2 2 2 2 2 2 2 2 2 2 2 2
left_child=8 2 3 -2 6 -6 -3 -4 -1 11 -11 -10
right_child=1 4 7 -5 5 -7 -8 -9 9 10 -12 -13
leaf_value=-0.00069294817793108629 -5.3833855883580403e-05 5.6905917385062384e-05 -6.8112503370805216e-06 5.4352374749186371e-05 -0.00045116978800650707 0.0010604477287989213 -0.00074623604091126781 -0.00039880761416264207 0.00047877306021263083 -0.00064682260783048941 -4.7007446877294025e-05 0
leaf_weight=2191 203640 144608 11740 185472 1008 2672 1777 15229 1204 2162 3918 1752
leaf_count=2191 203640 144608 11740 185472 1008 2672 1777 15229 1204 2162 3918 1752
internal_value=-2.07429e-06 2.7358e-06 -1.75754e-05 -1.75124e-06 6.03315e-05 0.000592936 4.47871e-05 -0.000236833 -0.000257938 -0.000118084 -0.000305951 0.000199857
internal_weight=577373 566146 416081 389112 150065 3680 146385 26969 11227 9036 6080 2956
internal_count=577373 566146 416081 389112 150065 3680 146385 26969 11227 9036 6080 2956
is_linear=0
shrinkage=0.01


Tree=330
num_leaves=10
num_cat=0
split_feature=3 1 6 9 3 2 6 3 8
split_gain=7.59688 6.69898 14.6642 10.6507 10.3689 17.3304 5.54987 3.95185 1.17374
threshold=-5.3401625156402579 0.67243948578834545 0.062204292044043548 0.092859849333763136 1.3669795393943789 1.240332365036011 0.17779557406902316 -0.041261265054345124 -0.84437102079391468
decision_type=2 2 2 2 2 2 2 2 2
left_child=8 4 7 -4 6 -6 -2 -3 -1
right_child=1 2 3 -5 5 -7 -8 -9 -10
leaf_value=-0.00010625715140916879 -1.8568381688925833e-05 -0.00076111631422419944 0.00068305033299888448 0 -8.7913214356453875e-05 -0.0012474607700237632 5.3371934129200296e-05 0 -0.00082824801112426629
leaf_weight=1327 407559 1089 5878 4542 6858 1554 145276 2233 1057
leaf_count=1327 407559 1089 5878 4542 6858 1554 145276 2233 1057
internal_value=-2.06948e-06 1.40628e-08 0.000216878 0.000408325 -5.01495e-06 -0.000349343 0 -0.000315927 -0.000543097
internal_weight=577373 574989 13742 10420 561247 8412 552835 3322 2384
internal_count=577373 574989 13742 10420 561247 8412 552835 3322 2384
is_linear=0
shrinkage=0.01


Tree=331
num_leaves=10
num_cat=0
split_feature=3 2 4 3 1 9 9 9 8
split_gain=7.48695 6.63565 11.9705 14.2792 10.5484 6.08141 11.8684 6.93762 1.13636
threshold=-5.3401625156402579 -0.60262617468833912 1.5270777344703677 1.114936411380768 -0.66213485598564137 0.48125684261322027 0.54180467128753673 -0.028451657854020592 -0.84437102079391468
decision_type=2 2 2 2 2 2 2 2 2
left_child=8 5 4 -4 -3 7 -7 -2 -1
right_child=1 2 3 -5 -6 6 -8 -9 -10
leaf_value=-0.00010533375593576856 2.3222490773311319e-05 -0.00031410506084922753 -0.00013891391391542988 -0.001276051137664427 4.2410044114541923e-05 0.00062629389011255537 -0.00012613188137406347 -0.00011007065347531446 -0.00082128333860812745
leaf_weight=1327 56477 8175 13730 1100 376253 3602 3814 111838 1057
leaf_count=1327 56477 8175 13730 1100 376253 3602 3814 111838 1057
internal_value=-2.06626e-06 0 2.28831e-05 -0.000252424 3.41493e-05 -5.08213e-05 0.000219915 -6.41837e-05 -0.000539163
internal_weight=577373 574989 399258 14830 384428 175731 7416 168315 2384
internal_count=577373 574989 399258 14830 384428 175731 7416 168315 2384
is_linear=0
shrinkage=0.01


Tree=332
num_leaves=13
num_cat=0
split_feature=2 6 8 0 0 8 9 2 9 6 4 4
split_gain=7.44772 6.44799 11.376 10.7395 8.43419 7.05157 15.4908 9.72695 5.08473 5.75958 4.01783 1.93037
threshold=-1.8768151998519895 0.14386958628892901 0.39649604260921484 0.26936380565166479 0.34244433045387274 0.5027194917201997 0.6343391239643098 0.86610078811645519 -0.89413523674011219 -0.58773475885391224 -1.7023220658302305 -1.7992970347404478
decision_type=2 2 2 2 2 2 2 2 2 2 2 2
left_child=8 2 3 -2 -4 6 -3 -7 -1 11 -11 -10
right_child=1 5 4 -5 -6 7 -8 -9 9 10 -12 -13
leaf_value=-0.00068657341807483159 -5.8704448166400345e-05 4.5396050180850913e-05 -0.0010407612586160401 5.7954408054025405e-05 -0.00016866733858783019 -3.7308432697064339e-05 -0.00073196778593284618 0.00074422082235507366 0.00047603409115969336 -0.00065580907782869405 -5.4260052146600222e-05 0
leaf_weight=2191 176742 212297 1092 141619 26730 2136 2371 3159 1204 2043 4037 1752
leaf_count=2191 176742 212297 1092 141619 26730 2136 2371 3159 1204 2043 4037 1752
internal_value=-2.0636e-06 2.68776e-06 -2.38324e-05 -6.17855e-06 -0.000217218 4.53179e-05 3.5206e-05 0.000402672 -0.000255017 -0.00011612 -0.000302688 0.000199112
internal_weight=577373 566146 346183 318361 27822 219963 214668 5295 11227 9036 6080 2956
internal_count=577373 566146 346183 318361 27822 219963 214668 5295 11227 9036 6080 2956
is_linear=0
shrinkage=0.01


Tree=333
num_leaves=15
num_cat=0
split_feature=3 1 1 6 1 8 3 2 6 4 2 8 0 6
split_gain=7.39154 6.83199 10.743 7.47979 6.70824 13.5234 10.7773 19.9019 6.23077 5.24823 3.00326 2.43955 1.35132 6.3727
threshold=-2.9027111530303951 0.09754276275634767 -0.54208210110664357 -0.63917815685272206 0.68791750073432933 0.11251875385642053 1.3669795393943789 1.2987920641899111 0.062204292044043548 0.58148950338363659 0.53688406944274913 -1.3161945939064024 -0.70087131857871998 -0.12622503191232678
decision_type=2 2 2 2 2 2 2 2 2 2 2 2 2 2
left_child=1 2 11 -4 6 10 9 -8 -7 -2 -6 -1 -3 -14
right_child=4 12 3 -5 5 8 7 -9 -10 -11 -12 -13 13 -15
leaf_value=-4.8042100667804562e-05 -1.8895613162410465e-05 -0.00099966276768474315 -6.0416864554719189e-05 0.00075598687633817439 6.9887803299222283e-05 -0.00050253033372540089 -8.2790644858605979e-05 -0.0013380568088615073 0.00014924950800943837 4.6133894357752787e-05 0.00089555925104349663 -0.00066264761201743666 0.00010705424044046009 -0.00069970747738813145
leaf_weight=2145 356954 1035 1608 1796 1230 1748 6953 1484 5687 189230 2691 1909 1203 1700
leaf_count=2145 356954 1035 1608 1796 1230 1748 6953 1484 5687 189230 2691 1909 1203 1700
internal_value=-2.06135e-06 -0.000252182 -4.05415e-05 0.000332885 2.7089e-06 0.000241321 -1.9015e-06 -0.00035261 0 3.277e-06 0.000701044 -0.000402018 -0.000583333 -0.000315581
internal_weight=577373 11396 7458 3404 565977 11356 554621 8437 7435 546184 3921 4054 3938 2903
internal_count=577373 11396 7458 3404 565977 11356 554621 8437 7435 546184 3921 4054 3938 2903
is_linear=0
shrinkage=0.01


Tree=334
num_leaves=10
num_cat=0
split_feature=3 1 8 3 2 6 3 2 8
split_gain=7.31959 6.43188 13.8832 10.4482 19.5432 6.56491 5.71742 2.36124 1.10824
threshold=-5.3401625156402579 0.68791750073432933 0.11251875385642053 1.3669795393943789 1.2987920641899111 0.062204292044043548 -0.17910452187061307 0.53688406944274913 -1.3161945939064024
decision_type=2 2 2 2 2 2 2 2 2
left_child=8 3 7 6 -5 -4 -2 -3 -1
right_child=1 2 5 4 -6 -7 -8 -9 -10
leaf_value=-4.1863251043683497e-05 -5.0035464321599512e-05 9.8721260541222161e-05 -0.00052357186505722205 -8.1985887692589325e-05 -0.0013262653789248866 0.00014255017746474708 2.1098196455583765e-05 0.00087963896435612357 -0.00075015376016439523
leaf_weight=1086 157498 1240 1758 6953 1484 5693 397665 2698 1298
leaf_count=1086 157498 1240 1758 6953 1484 5693 397665 2698 1298
internal_value=-2.05594e-06 0 0.000233519 -4.46281e-06 -0.000349644 0 5.46924e-07 0.000698732 -0.000533114
internal_weight=577373 574989 11389 563600 8437 7451 555163 3938 2384
internal_count=577373 574989 11389 563600 8437 7451 555163 3938 2384
is_linear=0
shrinkage=0.01


Tree=335
num_leaves=11
num_cat=0
split_feature=2 4 4 3 1 1 9 9 1 8
split_gain=7.27088 6.43161 8.80547 8.776 8.02025 5.52776 4.99393 5.6948 4.18671 3.30347
threshold=-1.8768151998519895 1.5633385777473452 0.58148950338363659 1.114936411380768 0.56037122011184703 -0.49025975167751307 -0.89413523674011219 -0.25689193606376642 -0.51468822360038746 -0.58148261904716481
decision_type=2 2 2 2 2 2 2 2 2 2
left_child=6 2 5 8 -4 -2 -1 -8 -3 -9
right_child=1 3 4 -5 -6 -7 7 9 -10 -11
leaf_value=-0.00067969308488274676 -0.0001104070240265297 0.00037776290750361373 3.7584768322255927e-05 -0.0010432592213566239 0.00023517027465298109 -2.3756282480719192e-06 0.00039531246257012189 -0.00068653257043716669 -0.00018434450075544936 -9.6264201459236837e-05
leaf_weight=2191 56560 1122 159936 1024 24267 312111 1364 1317 11126 6355
leaf_count=2191 56560 1122 159936 1024 24267 312111 1364 1317 11126 6355
internal_value=-2.04449e-06 2.64594e-06 8.25197e-06 -0.000212695 6.49262e-05 -1.95424e-05 -0.000251979 -0.000114142 -0.000111543 -0.000237866
internal_weight=577373 566146 552874 13272 184203 368671 11227 9036 12248 7672
internal_count=577373 566146 552874 13272 184203 368671 11227 9036 12248 7672
is_linear=0
shrinkage=0.01


Tree=336
num_leaves=11
num_cat=0
split_feature=3 1 2 4 9 1 0 8 2 0
split_gain=7.19606 6.48747 12.2596 9.36658 7.55593 7.50325 7.05188 4.3179 3.29758 2.69035
threshold=-4.2125575542449942 -0.66213485598564137 -0.2803343385457992 1.5633385777473452 -0.28275166451930994 0.67243948578834545 0.58020114898681652 -0.16133298724889752 -1.3162750601768491 0.26593969762325292
decision_type=2 2 2 2 2 2 2 2 2 2
left_child=7 2 4 5 -2 -3 -5 8 -1 -4
right_child=1 3 9 6 -6 -7 -8 -9 -10 -11
leaf_value=-0.00038927519351040281 0.00010237709318919868 1.3198024115541542e-05 -0.00068818674396688151 -0.00012715396861639824 -0.00013457179792021769 0.00025461740665277602 -0.00082497185186920568 -0.00092385590486264858 0.00015177315595941952 0
leaf_weight=2141 19908 485072 3857 10412 37451 13170 1791 1080 1359 1132
leaf_count=2141 19908 485072 3857 10412 37451 13170 1791 1080 1359 1132
internal_value=-2.03706e-06 8.38868e-07 -9.49083e-05 1.29581e-05 -4.87876e-05 2.00803e-05 -0.000257347 -0.000388539 -0.000128292 -0.000564301
internal_weight=577373 572793 62348 510445 57359 498242 12203 4580 3500 4989
internal_count=577373 572793 62348 510445 57359 498242 12203 4580 3500 4989
is_linear=0
shrinkage=0.01


Tree=337
num_leaves=9
num_cat=0
split_feature=8 3 8 3 3 6 6 6
split_gain=7.13423 6.80007 9.9007 9.77884 7.15551 6.89411 5.85543 3.84641
threshold=-6.9081015586853018 -0.17910452187061307 0.36729501187801367 0.44230642914772039 0.41298682987689977 0.15839611738920215 0.24418320506811145 0.23018271476030353
decision_type=2 2 2 2 2 2 2 2
left_child=-1 2 6 4 -3 -5 -2 -4
right_child=1 3 7 5 -6 -7 -8 -9
leaf_value=-0.00052713864168129807 -5.8503857591625263e-05 5.1563427341033105e-05 -0.00046016489051751839 -7.4378819371093325e-05 0.00029135291951172743 4.9325979183909472e-05 0.00012668725138824681 1.4497797871841406e-05
leaf_weight=2376 133360 207279 7737 124601 13585 68428 18854 1153
leaf_count=2376 133360 207279 7737 124601 13585 68428 18854 1153
internal_value=-2.03139e-06 0 -5.47574e-05 2.17758e-05 6.74675e-05 -2.94853e-05 -3.41168e-05 -0.000377636
internal_weight=577373 574997 161104 413893 220864 193029 152214 8890
internal_count=577373 574997 161104 413893 220864 193029 152214 8890
is_linear=0
shrinkage=0.01


Tree=338
num_leaves=13
num_cat=0
split_feature=2 6 8 8 2 9 0 2 9 6 1 1
split_gain=7.09335 6.18558 13.5642 10.7351 20.5819 12.2966 10.7322 9.17363 4.9057 5.6941 4.06309 1.91921
threshold=-1.8768151998519895 0.17779557406902316 0.41815310716629034 0.5027194917201997 0.52473729848861705 0.6343391239643098 0.27294141054153448 0.74094966053962719 -0.89413523674011219 -0.58773475885391224 -0.17312947660684583 -3.0610306262969966
decision_type=2 2 2 2 2 2 2 2 2 2 2 2
left_child=8 2 6 5 -5 -3 -2 -4 -1 11 -11 -10
right_child=1 3 7 4 -6 -7 -8 -9 9 10 -12 -13
leaf_value=-0.0006727979524374252 -5.1854002545697907e-05 5.4548204924978557e-05 -4.5626791325090436e-06 -0.00044799320101687864 0.00104346390684527 -0.0007339905899039072 5.3212544702162205e-05 -0.00039368029390639422 0.00047570022053903302 -0.00011871556772193911 -0.00084880350172512095 0
leaf_weight=2191 203640 144608 11740 1008 2672 1777 185472 15229 1214 5045 1035 1742
leaf_count=2191 203640 144608 11740 1008 2672 1777 185472 15229 1214 5045 1035 1742
internal_value=-2.00619e-06 2.62235e-06 -1.68598e-05 5.79215e-05 0.000581354 4.26232e-05 -1.25822e-06 -0.000232934 -0.000248873 -0.000112085 -0.00029792 0.000201432
internal_weight=577373 566146 416081 150065 3680 146385 389112 26969 11227 9036 6080 2956
internal_count=577373 566146 416081 150065 3680 146385 389112 26969 11227 9036 6080 2956
is_linear=0
shrinkage=0.01


Tree=339
num_leaves=9
num_cat=0
split_feature=3 3 4 1 4 2 6 8
split_gain=7.07027 6.1851 10.0292 9.73635 7.01826 6.5531 6.35932 1.11147
threshold=-5.3401625156402579 1.0783194899559023 1.5633385777473452 -1.5246364474296568 0.26756148040294653 0.95469406247138988 0.480051800608635 -0.84437102079391468
decision_type=2 2 2 2 2 2 2 2
left_child=7 4 3 -3 5 -2 -6 -1
right_child=1 2 -4 -5 6 -7 -8 -9
leaf_value=-9.6342850924172507e-05 -9.5815975063894115e-06 -0.00073760767498123588 -0.0010332423460086607 0 5.5941045759161697e-05 -0.00017013677541484313 -0.00023998949817116897 -0.00080091294660544006
leaf_weight=1327 282753 1906 1137 14962 238967 28197 7067 1057
leaf_count=1327 282753 1906 1137 14962 238967 28197 7067 1057
internal_value=-2.00285e-06 0 -0.000181031 -0.000100434 6.26854e-06 -2.48835e-05 4.64406e-05 -0.000523941
internal_weight=577373 574989 18005 16868 556984 310950 246034 2384
internal_count=577373 574989 18005 16868 556984 310950 246034 2384
is_linear=0
shrinkage=0.01


Tree=340
num_leaves=16
num_cat=0
split_feature=3 6 8 1 8 1 3 4 8 3 6 4 6 1 1
split_gain=6.973 6.90656 9.33189 9.26551 7.0075 11.1367 10.4687 6.4326 5.81088 4.6004 4.84151 4.52234 3.28528 2.99367 2.84653
threshold=-2.0281132459640498 -0.13651221990585324 -0.012306282762438057 -0.9940618872642516 0.33609521389007574 0.47053733468055731 1.114936411380768 0.55764785408973705 -0.41481736302375788 -3.60377025604248 -1.0772026181221006 -1.0118523836135862 -0.1166810169816017 -0.18681664019823072 0.22730349004268649
decision_type=2 2 2 2 2 2 2 2 2 2 2 2 2 2 2
left_child=8 2 7 -4 5 -3 -6 -2 9 10 -1 12 -10 -11 -13
right_child=1 4 3 -5 6 -7 -8 -9 11 13 -12 14 -14 -15 -16
leaf_value=9.0363204850704628e-06 -7.4707559272835498e-06 9.7536625002827754e-06 -0.00059663515689576112 -0.00012319114412552397 -4.0934293580131151e-05 0.00014491343815099326 -0.00069406930070425431 0.00044660522869128117 -0.00018641555366415204 0 -0.00058256724156517128 0.00039846520155959071 -0.00064350919816608132 0.0004632923397606748 -0.00019611092774405448
leaf_weight=2124 24343 327323 5037 32259 84012 75902 2391 3262 5453 3822 1978 1065 4274 2149 1979
leaf_count=2124 24343 327323 5037 32259 84012 75902 2391 3262 5453 3822 1978 1065 4274 2149 1979
internal_value=-2.01342e-06 4.71728e-06 -9.15569e-05 -0.000195307 1.79191e-05 3.57508e-05 -6.28788e-05 4.18195e-05 -0.0001727 0 -0.000243568 -0.000312708 -0.000416326 0.000182184 0
internal_weight=577373 554529 64901 37296 489628 403225 86403 27605 22844 10073 4102 12771 9727 5971 3044
internal_count=577373 554529 64901 37296 489628 403225 86403 27605 22844 10073 4102 12771 9727 5971 3044
is_linear=0
shrinkage=0.01


Tree=341
num_leaves=9
num_cat=0
split_feature=8 3 8 3 3 6 6 6
split_gain=6.95831 6.54592 9.65701 9.54809 7.00772 6.68088 5.70393 3.7702
threshold=-6.9081015586853018 -0.17910452187061307 0.36729501187801367 0.44230642914772039 0.41298682987689977 0.15839611738920215 0.24418320506811145 0.23018271476030353
decision_type=2 2 2 2 2 2 2 2
left_child=-1 2 6 4 -3 -5 -2 -4
right_child=1 3 7 5 -6 -7 -8 -9
leaf_value=-0.00052059789782258757 -5.7406316533313401e-05 5.0772372892499953e-05 -0.00045438832312721537 -7.3477816661949899e-05 0.00028810017210597076 4.8272497853913031e-05 0.00012536569348137134 1.4415227793258975e-05
leaf_weight=2376 133360 207279 7737 124601 13585 68428 18854 1153
leaf_count=2376 133360 207279 7737 124601 13585 68428 18854 1153
internal_value=-2.00512e-06 0 -5.37212e-05 2.13682e-05 6.65222e-05 -2.92775e-05 -3.33202e-05 -0.000372605
internal_weight=577373 574997 161104 413893 220864 193029 152214 8890
internal_count=577373 574997 161104 413893 220864 193029 152214 8890
is_linear=0
shrinkage=0.01


Tree=342
num_leaves=12
num_cat=0
split_feature=2 4 4 3 1 0 8 9 4 8 3
split_gain=6.89727 6.89414 8.17509 8.04817 7.72661 4.81706 4.18261 6.1888 5.98692 4.65757 3.8425
threshold=-1.846064507961273 1.5633385777473452 0.58148950338363659 1.114936411380768 0.56037122011184703 -0.73403543233871449 0.029868573881685737 -2.0428720712661739 -0.083497770130634294 0.087740603834390654 -0.65467691421508778
decision_type=2 2 2 2 2 2 2 2 2 2 2
left_child=6 2 5 10 -4 -2 7 -1 -9 -8 -3
right_child=1 3 4 -5 -6 -7 9 8 -10 -11 -12
leaf_value=-0.00065613989812022058 -0.00011700122794241259 -0.0006389807278711178 3.6552372134129167e-05 -0.001022177325978136 0.0002305405272126767 -4.0882118836070203e-06 -0.0009786571274051361 -9.9096146588916381e-05 0.00062509678177240615 -5.4505031521229773e-05 -4.0161841933439718e-05
leaf_weight=1487 43300 1149 159785 1017 24267 323339 1322 7805 1131 1701 11070
leaf_count=1487 43300 1149 159785 1017 24267 323339 1322 7805 1131 1701 11070
internal_value=-1.98015e-06 3.04474e-06 8.85151e-06 -0.000220199 6.34374e-05 -1.80249e-05 -0.000224337 -0.000100552 0 -0.000556354 -0.000121959
internal_weight=577373 563927 550691 13236 184052 366639 13446 10423 8936 3023 12219
internal_count=577373 563927 550691 13236 184052 366639 13446 10423 8936 3023 12219
is_linear=0
shrinkage=0.01


Tree=343
num_leaves=8
num_cat=0
split_feature=3 8 9 4 4 4 8
split_gain=6.86607 6.17683 11.2913 11.9991 8.67569 4.70458 1.10771
threshold=-5.3401625156402579 0.60588741302490245 0.58994424343109142 1.1076869368553164 0.58148950338363659 0.69068682193756115 -0.84437102079391468
decision_type=2 2 2 2 2 2 2
left_child=6 2 4 -4 -2 -3 -1
right_child=1 5 3 -5 -6 -7 -8
leaf_value=-9.1457223670938936e-05 -2.1945273065093267e-05 0 -7.2368705929851029e-05 -0.00066611322878476725 6.1488043226527262e-05 0.00093330991287338019 -0.00079120395634439677
leaf_weight=1327 366279 1231 13742 4844 187846 1047 1057
leaf_count=1327 366279 1231 13742 4844 187846 1047 1057
internal_value=-1.98708e-06 0 -1.83055e-06 -0.000243204 5.98944e-06 0.00049849 -0.000516331
internal_weight=577373 574989 572711 18586 554125 2278 2384
internal_count=577373 574989 572711 18586 554125 2278 2384
is_linear=0
shrinkage=0.01


Tree=344
num_leaves=9
num_cat=0
split_feature=8 3 8 3 3 1 6 6
split_gain=6.78238 6.31715 9.4809 9.36569 6.86193 6.54972 5.58642 3.71113
threshold=-6.9081015586853018 -0.17910452187061307 0.36729501187801367 0.44230642914772039 0.41298682987689977 -0.045528288930654519 0.24418320506811145 0.23018271476030353
decision_type=2 2 2 2 2 2 2 2
left_child=-1 2 6 4 -3 -5 -2 -4
right_child=1 3 7 5 -6 -7 -8 -9
leaf_value=-0.00051397062089828904 -5.6394514113539822e-05 5.0125552881168533e-05 -0.00044991788748517648 -0.00013751175843448079 0.00028500906329849266 8.1881797844858144e-07 0.00012448926068691344 1.4295388412016877e-05
leaf_weight=2376 133360 207279 7737 43119 13585 149910 18854 1153
leaf_count=2376 133360 207279 7737 43119 13585 149910 18854 1153
internal_value=-1.97514e-06 0 -5.2768e-05 2.09974e-05 6.57224e-05 -2.91569e-05 -3.25432e-05 -0.000368719
internal_weight=577373 574997 161104 413893 220864 193029 152214 8890
internal_count=577373 574997 161104 413893 220864 193029 152214 8890
is_linear=0
shrinkage=0.01


Tree=345
num_leaves=12
num_cat=0
split_feature=2 4 3 4 1 1 9 6 1 1 4
split_gain=6.75435 6.09296 8.2421 8.0207 7.58766 5.15226 4.75736 5.60935 4.11115 4.00113 1.92863
threshold=-1.8768151998519895 1.5633385777473452 1.114936411380768 0.58148950338363659 0.56037122011184703 -0.49025975167751307 -0.89413523674011219 -0.58773475885391224 -0.51468822360038746 -0.17312947660684583 -1.7992970347404478
decision_type=2 2 2 2 2 2 2 2 2 2 2
left_child=6 3 8 5 -5 -2 -1 10 -3 -9 -8
right_child=1 2 -4 4 -6 -7 7 9 -10 -11 -12
leaf_value=-0.00066019715840711789 -0.0001061977272629385 0.00037648279082404138 -0.0010127103284773267 3.5496004196744189e-05 0.0002277087020025632 -1.8904191470159836e-06 0.00047986549418320098 -0.00011481095497741187 -0.00018075118712528065 -0.0008388327054145863 0
leaf_weight=2191 56560 1122 1024 159936 24267 312111 1204 5045 11126 1035 1752
leaf_count=2191 56560 1122 1024 159936 24267 312111 1204 5045 11126 1035 1752
internal_value=-1.95083e-06 2.55731e-06 -0.000207025 8.02308e-06 6.21223e-05 -1.84839e-05 -0.000242852 -0.000107897 -0.000108409 -0.000292698 0.000203298
internal_weight=577373 566146 13272 552874 184203 368671 11227 9036 12248 6080 2956
internal_count=577373 566146 13272 552874 184203 368671 11227 9036 12248 6080 2956
is_linear=0
shrinkage=0.01


Tree=346
num_leaves=8
num_cat=0
split_feature=3 8 9 4 4 4 8
split_gain=6.73577 6.07929 11.0955 11.7751 8.33904 4.60711 1.10202
threshold=-5.3401625156402579 0.60588741302490245 0.58994424343109142 1.1076869368553164 0.6071077585220338 0.69068682193756115 -1.3161945939064024
decision_type=2 2 2 2 2 2 2
left_child=6 2 4 -4 -2 -3 -1
right_child=1 5 3 -5 -6 -7 -8
leaf_value=-2.8846963245565042e-05 -2.093614056510763e-05 0 -7.1678143230930833e-05 -0.00066006674355735236 6.1337842399602547e-05 0.00092492727843087469 -0.00072385181360646081
leaf_weight=1086 370660 1231 13742 4844 183465 1047 1298
leaf_count=1086 370660 1231 13742 4844 183465 1047 1298
internal_value=-1.94502e-06 0 -1.79343e-06 -0.000241069 5.95542e-06 0.000494557 -0.000511388
internal_weight=577373 574989 572711 18586 554125 2278 2384
internal_count=577373 574989 572711 18586 554125 2278 2384
is_linear=0
shrinkage=0.01


Tree=347
num_leaves=8
num_cat=0
split_feature=3 8 9 4 4 4 8
split_gain=6.63711 5.98363 10.8909 11.5417 8.17349 4.52413 1.06843
threshold=-5.3401625156402579 0.60588741302490245 0.58994424343109142 1.1076869368553164 0.6071077585220338 0.69068682193756115 -0.84437102079391468
decision_type=2 2 2 2 2 2 2
left_child=6 2 4 -4 -2 -3 -1
right_child=1 5 3 -5 -6 -7 -8
leaf_value=-8.7533397817332845e-05 -2.0726892673510487e-05 0 -7.0971645839890365e-05 -0.00065372779786721413 6.072512938631137e-05 0.00091716145531501431 -0.00077808657430889199
leaf_weight=1327 370660 1231 13742 4844 183465 1047 1057
leaf_count=1327 370660 1231 13742 4844 183465 1047 1057
internal_value=-1.93304e-06 0 -1.7814e-06 -0.000238842 5.8924e-06 0.000490649 -0.000507631
internal_weight=577373 574989 572711 18586 554125 2278 2384
internal_count=577373 574989 572711 18586 554125 2278 2384
is_linear=0
shrinkage=0.01


Tree=348
num_leaves=12
num_cat=0
split_feature=2 4 3 4 1 1 9 6 1 4 4
split_gain=6.61768 6.01615 8.0973 7.60182 7.45501 5.05083 4.66586 5.52717 4.03865 3.95786 1.90365
threshold=-1.8768151998519895 1.5633385777473452 1.114936411380768 0.58148950338363659 0.56037122011184703 -0.49025975167751307 -0.89413523674011219 -0.58773475885391224 -0.51468822360038746 -1.7023220658302305 -1.7992970347404478
decision_type=2 2 2 2 2 2 2 2 2 2 2
left_child=6 3 8 5 -5 -2 -1 10 -3 -9 -8
right_child=1 2 -4 4 -6 -7 7 9 -10 -11 -12
leaf_value=-0.00065382389142801213 -0.00010465329176021672 0.0003722913665269007 -0.0010045710334982692 3.4244526903537375e-05 0.00022474685642956865 -1.3903416394572547e-06 0.00047696560914621571 -0.00063898089454878849 -0.00017958535581625475 -4.4465817638418684e-05 0
leaf_weight=2191 56560 1122 1024 159936 24267 312111 1204 2043 11126 4037 1752
leaf_count=2191 56560 1122 1024 159936 24267 312111 1204 2043 11126 4037 1752
internal_value=-1.92158e-06 2.53717e-06 -0.000205716 7.97058e-06 6.06425e-05 -1.78229e-05 -0.000240375 -0.000106483 -0.000107794 -0.000290069 0.000202206
internal_weight=577373 566146 13272 552874 184203 368671 11227 9036 12248 6080 2956
internal_count=577373 566146 13272 552874 184203 368671 11227 9036 12248 6080 2956
is_linear=0
shrinkage=0.01


Tree=349
num_leaves=9
num_cat=0
split_feature=8 3 8 3 3 6 6 6
split_gain=6.57199 6.04503 9.32207 9.1842 6.71414 6.53297 5.46698 3.65244
threshold=-6.9081015586853018 -0.17910452187061307 0.36729501187801367 0.44230642914772039 0.41298682987689977 0.15839611738920215 0.24418320506811145 0.23018271476030353
decision_type=2 2 2 2 2 2 2 2
left_child=-1 2 6 4 -3 -5 -2 -4
right_child=1 3 7 5 -6 -7 -8 -9
leaf_value=-0.00050591128318905343 -5.5136818219968927e-05 4.9425664834665844e-05 -0.00044546106992394974 -7.2803640411690421e-05 0.00028180188737347882 4.757386525222861e-05 0.00012382206903315576 1.4155022836106515e-05
leaf_weight=2376 133360 207279 7737 124601 13585 68428 18854 1153
leaf_count=2376 133360 207279 7737 124601 13585 68428 18854 1153
internal_value=-1.9151e-06 0 -5.15873e-05 2.05711e-05 6.48655e-05 -2.90902e-05 -3.15245e-05 -0.000364848
internal_weight=577373 574997 161104 413893 220864 193029 152214 8890
internal_count=577373 574997 161104 413893 220864 193029 152214 8890
is_linear=0
shrinkage=0.01


Tree=350
num_leaves=10
num_cat=0
split_feature=3 1 8 3 2 6 0 6 8
split_gain=6.51081 5.92217 13.6291 9.653 18.8739 6.38183 4.81126 2.31132 1.06095
threshold=-5.3401625156402579 0.68791750073432933 0.11251875385642053 1.3669795393943789 1.2987920641899111 0.062204292044043548 0.27656099200248724 0.092979509383440032 -1.3161945939064024
decision_type=2 2 2 2 2 2 2 2 2
left_child=8 3 7 6 -5 -4 -2 -3 -1
right_child=1 2 5 4 -6 -7 -8 -9 -10
leaf_value=-2.5869467934632668e-05 -2.8721220908444388e-05 0.00010246737641165885 -0.00052237252194486255 -7.2879102603275409e-05 -0.0012951245055339827 0.00013291151042101314 3.0118575944823634e-05 0.00086927881933199507 -0.00071152088824051553
leaf_weight=1086 275477 1279 1758 6953 1484 5693 279686 2659 1298
leaf_count=1086 275477 1279 1758 6953 1484 5693 279686 2659 1298
internal_value=-1.89097e-06 1.20888e-08 0.000224114 -4.23963e-06 -0.00033603 -5.17029e-06 5.61773e-07 0.000685553 -0.000502758
internal_weight=577373 574989 11389 563600 8437 7451 555163 3938 2384
internal_count=577373 574989 11389 563600 8437 7451 555163 3938 2384
is_linear=0
shrinkage=0.01


Tree=351
num_leaves=11
num_cat=0
split_feature=2 4 9 4 8 1 3 9 9 8
split_gain=6.46833 5.89923 12.7439 8.01242 6.57693 4.91042 4.76772 4.55861 5.47237 3.36037
threshold=-1.8768151998519895 1.5270777344703677 0.54768911004066478 0.58148950338363659 0.60588741302490245 -0.49025975167751307 -0.67626330256462086 -0.89413523674011219 -0.25689193606376642 -0.58148261904716481
decision_type=2 2 2 2 2 2 2 2 2 2
left_child=7 3 6 5 -5 -2 -3 -1 -9 -10
right_child=1 2 -4 4 -6 -7 -8 8 9 -11
leaf_value=-0.0006464946470538872 -0.00010315791565477179 -0.00060120797177027588 -0.00099638459716125264 5.7435250542146974e-05 0.00081199047871863609 -1.3319517120991347e-06 -4.5973545574301915e-06 0.0003945660899827064 -0.00067616542297843337 -8.5584938928989651e-05
leaf_weight=2191 56560 1364 1550 178646 1009 312111 14906 1364 1317 6355
leaf_count=2191 56560 1364 1550 178646 1009 312111 14906 1364 1317 6355
internal_value=-1.88079e-06 2.52341e-06 -0.000174995 8.71888e-06 6.36833e-05 -1.75433e-05 -7.34509e-05 -0.000237632 -0.000104986 -0.000226976
internal_weight=577373 566146 17820 548326 179655 368671 16270 11227 9036 7672
internal_count=577373 566146 17820 548326 179655 368671 16270 11227 9036 7672
is_linear=0
shrinkage=0.01


Tree=352
num_leaves=15
num_cat=0
split_feature=3 1 1 6 3 4 9 4 0 2 6 8 0 6
split_gain=6.39361 6.89269 10.3213 7.34377 6.07751 11.0709 7.29779 14.4148 6.86263 5.32425 5.22364 2.50937 1.42846 6.26534
threshold=-2.9027111530303951 0.09754276275634767 -0.54208210110664357 -0.63917815685272206 0.63436561822891246 -0.43148007988929743 0.58994424343109142 1.1076869368553164 -0.88895979523658741 0.94379776716232311 -0.16983106732368466 -1.3161945939064024 -0.70087131857871998 -0.12622503191232678
decision_type=2 2 2 2 2 2 2 2 2 2 2 2 2 2
left_child=1 2 11 -4 5 9 8 -8 -6 -2 -7 -1 -3 -14
right_child=4 12 3 -5 6 10 7 -9 -10 -11 -12 -13 13 -15
leaf_value=-2.837254916767536e-05 -2.9199451725863414e-05 -0.00098074398286874414 -4.5643650180509776e-05 0.00076032266797100567 -0.00036785003436647887 -0.00010839863407438271 -4.181615714870511e-06 -0.0010809228211581009 -1.9240943966552479e-05 -0.0002975120115686429 6.9655233149526564e-05 -0.00063936919543648501 0.00011957781259892363 -0.00068219841517765372
leaf_weight=2145 167513 1035 1608 1796 5942 16560 4056 1885 98814 7798 263409 1909 1203 1700
leaf_count=2145 167513 1035 1608 1796 5942 16560 4056 1885 98814 7798 263409 1909 1203 1700
internal_value=-1.88224e-06 -0.000234521 -2.34895e-05 0.000342697 2.52991e-06 1.90313e-05 -6.34461e-05 -0.000402462 -4.15837e-05 -4.25992e-05 5.83397e-05 -0.000379634 -0.000565401 -0.000299197
internal_weight=577373 11396 7458 3404 565977 455280 110697 5941 104756 175311 279969 4054 3938 2903
internal_count=577373 11396 7458 3404 565977 455280 110697 5941 104756 175311 279969 4054 3938 2903
is_linear=0
shrinkage=0.01


Tree=353
num_leaves=8
num_cat=0
split_feature=3 8 9 4 1 4 8
split_gain=6.35418 5.84476 10.6252 11.1099 7.91402 4.40601 1.04006
threshold=-5.3401625156402579 0.60588741302490245 0.58994424343109142 1.1076869368553164 0.64819130301475536 0.69068682193756115 -0.84437102079391468
decision_type=2 2 2 2 2 2 2
left_child=6 2 4 -4 -2 -3 -1
right_child=1 5 3 -5 -6 -7 -8
leaf_value=-8.1654812661246607e-05 -4.4506919052197545e-07 0 -7.0859485909956877e-05 -0.00064319020408488904 0.00022162412571455033 0.00090586230150590489 -0.00076276396620547149
leaf_weight=1327 537835 1231 13742 4844 16290 1047 1057
leaf_count=1327 537835 1231 13742 4844 16290 1047 1057
internal_value=-1.90267e-06 0 -1.77524e-06 -0.00023593 5.80006e-06 0.00048491 -0.000496703
internal_weight=577373 574989 572711 18586 554125 2278 2384
internal_count=577373 574989 572711 18586 554125 2278 2384
is_linear=0
shrinkage=0.01


Tree=354
num_leaves=12
num_cat=0
split_feature=2 4 3 1 6 4 9 8 0 1 8
split_gain=6.31749 5.80719 7.87872 7.21264 11.8661 5.43164 4.47363 5.47541 6.5371 3.96652 3.85424
threshold=-1.8768151998519895 1.5633385777473452 1.114936411380768 0.67243948578834545 0.062204292044043548 0.58148950338363659 -0.89413523674011219 0.015929823741316799 -0.20498944073915479 -0.51468822360038746 0.087740603834390654
decision_type=2 2 2 2 2 2 2 2 2 2 2
left_child=6 3 9 5 -5 -2 -1 8 -8 -3 -9
right_child=1 2 -4 4 -6 -7 7 10 -10 -11 -12
leaf_value=-0.00063997111526590167 -2.0105382312306285e-05 0.00037034495197304877 -0.00099024591026439647 -0.00024691604348718084 0.00041235601436265452 4.7311351008136085e-05 -9.2834549700097154e-05 -0.00083003309361991205 0.0006767776487356914 -0.00017665241284688918 0
leaf_weight=2191 361900 1122 1024 3171 10000 177803 5219 1288 1139 11126 1390
leaf_count=2191 361900 1122 1024 3171 10000 177803 5219 1288 1139 11126 1390
internal_value=-1.89082e-06 2.4576e-06 -0.00020214 7.802e-06 0.000237355 1.74365e-06 -0.000234877 -0.000103266 3.09751e-05 -0.000105332 -0.000471473
internal_weight=577373 566146 13272 552874 13171 539703 11227 9036 6358 12248 2678
internal_count=577373 566146 13272 552874 13171 539703 11227 9036 6358 12248 2678
is_linear=0
shrinkage=0.01


Tree=355
num_leaves=9
num_cat=0
split_feature=8 3 8 3 3 9 6 6
split_gain=6.28849 5.76505 9.18256 8.89899 6.5695 6.38092 5.33747 3.59251
threshold=-6.9081015586853018 -0.17910452187061307 0.36729501187801367 0.44230642914772039 0.41298682987689977 0.088203161954879775 0.24418320506811145 0.23018271476030353
decision_type=2 2 2 2 2 2 2 2
left_child=-1 2 6 4 -3 -5 -2 -4
right_child=1 3 7 5 -6 -7 -8 -9
leaf_value=-0.00049488998702212981 -5.3822109004137748e-05 4.840155390302879e-05 -0.00044124667981975801 -9.2503172251350558e-05 0.00027827295482663869 2.1857987069021233e-05 0.00012302249737607379 1.3546392669886109e-05
leaf_weight=2376 133360 207279 7737 87177 13585 105852 18854 1153
leaf_count=2376 133360 207279 7737 87177 13585 105852 18854 1153
internal_value=-1.8861e-06 0 -5.03909e-05 2.0077e-05 6.36843e-05 -2.87978e-05 -3.04723e-05 -0.000361259
internal_weight=577373 574997 161104 413893 220864 193029 152214 8890
internal_count=577373 574997 161104 413893 220864 193029 152214 8890
is_linear=0
shrinkage=0.01


Tree=356
num_leaves=8
num_cat=0
split_feature=3 8 9 4 1 4 8
split_gain=6.23181 5.75049 10.4375 10.897 7.6295 4.32001 1.02523
threshold=-5.3401625156402579 0.60588741302490245 0.58994424343109142 1.1076869368553164 0.64819130301475536 0.69068682193756115 -0.84437102079391468
decision_type=2 2 2 2 2 2 2
left_child=6 2 4 -4 -2 -3 -1
right_child=1 5 3 -5 -6 -7 -8
leaf_value=-7.9182658006525395e-05 -3.59516770595135e-07 0 -7.0176970892129741e-05 -0.00063721710467837484 0.00021767092935435687 0.00089787988000849617 -0.00075584846170224224
leaf_weight=1327 537835 1231 13742 4844 16290 1047 1057
leaf_count=1327 537835 1231 13742 4844 16290 1047 1057
internal_value=-1.86238e-06 0 -1.73948e-06 -0.000233819 5.7655e-06 0.000481001 -0.000491878
internal_weight=577373 574989 572711 18586 554125 2278 2384
internal_count=577373 574989 572711 18586 554125 2278 2384
is_linear=0
shrinkage=0.01


Tree=357
num_leaves=12
num_cat=0
split_feature=2 4 9 4 8 1 3 9 6 1 4
split_gain=6.19021 5.70417 12.2786 7.63808 6.25017 4.73774 4.69293 4.36733 5.46851 3.96707 1.88435
threshold=-1.8768151998519895 1.5270777344703677 0.54768911004066478 0.58148950338363659 0.60588741302490245 -0.49025975167751307 -0.67626330256462086 -0.89413523674011219 -0.58773475885391224 -0.17312947660684583 -1.7992970347404478
decision_type=2 2 2 2 2 2 2 2 2 2 2
left_child=7 3 6 5 -5 -2 -3 -1 10 -10 -9
right_child=1 2 -4 4 -6 -7 -8 8 9 -11 -12
leaf_value=-0.00063299742456414941 -0.00010117440384229633 -0.00059563691370160014 -0.00097856652444760724 5.6096779317783848e-05 0.00079204884582005186 -1.1488862798503963e-06 -3.7872497655156325e-06 0.00047829209946618649 -0.0001083854177786764 -0.0008274091920803155 0
leaf_weight=2191 56560 1364 1550 178646 1009 312111 14906 1204 5045 1035 1752
leaf_count=2191 56560 1364 1550 178646 1009 312111 14906 1204 5045 1035 1752
internal_value=-1.85091e-06 2.44996e-06 -0.000172102 8.548e-06 6.22183e-05 -1.70831e-05 -7.21789e-05 -0.000232481 -0.000102108 -0.000285085 0.000205091
internal_weight=577373 566146 17820 548326 179655 368671 16270 11227 9036 6080 2956
internal_count=577373 566146 17820 548326 179655 368671 16270 11227 9036 6080 2956
is_linear=0
shrinkage=0.01


Tree=358
num_leaves=13
num_cat=0
split_feature=3 3 4 9 4 6 2 6 6 4 4 9
split_gain=6.14602 5.70053 10.3377 7.04871 13.8636 6.70472 5.22066 5.17355 3.40443 2.31775 2.03846 5.24723
threshold=-3.60377025604248 0.63436561822891246 -0.43148007988929743 0.58994424343109142 1.1076869368553164 0.14479218423366549 0.94379776716232311 -0.16983106732368466 -1.0772026181221006 -1.745578348636627 -1.745578348636627 -0.021639659069478508
decision_type=2 2 2 2 2 2 2 2 2 2 2 2
left_child=8 2 6 5 -5 -3 -2 -4 9 -1 -10 -12
right_child=1 3 7 4 -6 -7 -8 -9 10 -11 11 -13
leaf_value=-0.00024545652023349297 -2.8274515495647508e-05 -0.00010670529706177661 -0.000110308762874719 -4.2005757581163396e-06 -0.0010612752327175668 5.4550481457827902e-05 -0.00029215688273611051 6.6786098377720406e-05 0 0.00029394347541536611 -0.0010049128787783567 -9.1598227087072981e-07
leaf_weight=1731 171538 63310 16610 4056 1885 41446 7901 263754 1166 1136 1468 1372
leaf_count=1731 171538 63310 16610 4056 1885 41446 7901 263754 1166 1136 1468 1372
internal_value=-1.85333e-06 1.42967e-06 1.7286e-05 -6.25416e-05 -0.000395805 -4.10176e-05 -4.13194e-05 5.55102e-05 -0.000294974 0 -0.00047672 -0.000617643
internal_weight=577373 570500 459803 110697 5941 104756 179439 280364 6873 2867 4006 2840
internal_count=577373 570500 459803 110697 5941 104756 179439 280364 6873 2867 4006 2840
is_linear=0
shrinkage=0.01


Tree=359
num_leaves=7
num_cat=0
split_feature=8 8 9 4 0 4
split_gain=6.12279 5.61626 10.1617 10.4857 8.11073 4.21792
threshold=-6.9081015586853018 0.60588741302490245 0.58994424343109142 1.1076869368553164 0.47500424087047582 0.69068682193756115
decision_type=2 2 2 2 2 2
left_child=-1 2 4 -4 -2 -3
right_child=1 5 3 -5 -6 -7
leaf_value=-0.00048832769147700238 -1.269856224958284e-05 0 -6.9844544176908454e-05 -0.00062664283530660867 8.3930673922873579e-05 0.00088726492735501528
leaf_weight=2376 446907 1231 13742 4844 107226 1047
leaf_count=2376 446907 1231 13742 4844 107226 1047
internal_value=-1.86277e-06 0 -1.73818e-06 -0.000230733 5.66216e-06 0.000475338
internal_weight=577373 574997 572719 18586 554133 2278
internal_count=577373 574997 572719 18586 554133 2278
is_linear=0
shrinkage=0.01


Tree=360
num_leaves=8
num_cat=0
split_feature=3 8 9 4 1 4 8
split_gain=6.07008 5.52778 9.97585 10.2773 7.43411 4.14173 1.03188
threshold=-5.3401625156402579 0.60588741302490245 0.58994424343109142 1.1076869368553164 0.64819130301475536 0.69068682193756115 -1.3161945939064024
decision_type=2 2 2 2 2 2 2
left_child=6 2 4 -4 -2 -3 -1
right_child=1 5 3 -5 -6 -7 -8
leaf_value=-1.6974310822591901e-05 -4.2451539573960632e-07 0 -6.9156120621507086e-05 -0.00062062488211197967 0.00021479580906526738 0.00087981530773074761 -0.00068932157308261132
leaf_weight=1086 537835 1231 13742 4844 16290 1047 1298
leaf_count=1086 537835 1231 13742 4844 16290 1047 1298
internal_value=-1.84715e-06 0 -1.71236e-06 -0.000228607 5.61688e-06 0.000471589 -0.000485462
internal_weight=577373 574989 572711 18586 554125 2278 2384
internal_count=577373 574989 572711 18586 554125 2278 2384
is_linear=0
shrinkage=0.01


Tree=361
num_leaves=12
num_cat=0
split_feature=2 4 3 4 1 1 9 6 4 1 1
split_gain=6.04466 5.60273 7.73401 6.86466 7.03602 4.59522 4.26388 5.39199 3.90642 3.88915 1.87864
threshold=-1.8768151998519895 1.5633385777473452 1.114936411380768 0.58148950338363659 0.56037122011184703 -0.49025975167751307 -0.89413523674011219 -0.58773475885391224 -1.6829031109809873 -0.51468822360038746 -3.0610306262969966
decision_type=2 2 2 2 2 2 2 2 2 2 2
left_child=6 3 9 5 -5 -2 -1 10 -9 -3 -8
right_child=1 2 -4 4 -6 -7 7 8 -10 -11 -12
leaf_value=-0.00062568030512526738 -9.9640815859123086e-05 0.00036841919028278409 -0.00097920129997267698 3.2052280250994853e-05 0.00021714405000154311 -1.1208125356428465e-06 0.00047536237871398179 -0.00061309368634809586 -3.0526112034658093e-05 -0.00017334335541145044 0
leaf_weight=2191 56560 1122 1024 159936 24267 312111 1214 2162 3918 11126 1742
leaf_count=2191 56560 1122 1024 159936 24267 312111 1214 2162 3918 11126 1742
internal_value=-1.83541e-06 2.41046e-06 -0.000198544 7.66612e-06 5.773e-05 -1.68234e-05 -0.00022974 -0.00010061 -0.000282458 -0.000102525 0.000204246
internal_weight=577373 566146 13272 552874 184203 368671 11227 9036 6080 12248 2956
internal_count=577373 566146 13272 552874 184203 368671 11227 9036 6080 12248 2956
is_linear=0
shrinkage=0.01


Tree=362
num_leaves=14
num_cat=0
split_feature=3 3 4 9 4 0 2 1 6 0 6 0 3
split_gain=5.98305 6.02364 9.87015 6.7993 13.3837 6.62346 6.05352 5.03473 4.3976 3.88495 6.37491 3.25954 0.236055
threshold=-2.2965553998947139 0.63436561822891246 -0.43148007988929743 0.58994424343109142 1.1076869368553164 -0.88895979523658741 0.95469406247138988 0.36972695589065557 -0.16983106732368466 -0.21792905777692792 -0.1166810169816017 -0.4806275069713592 -2.9027111530303951
decision_type=2 2 2 2 2 2 2 2 2 2 2 2 2
left_child=7 2 6 5 -5 -3 -2 9 -4 11 -11 -1 -9
right_child=1 3 8 4 -6 -7 -8 12 -10 10 -12 -13 -14
leaf_value=-9.9405505872754481e-05 -2.4872563077736877e-05 -0.00036124691559968154 -9.5747482467062019e-05 -3.6786215874818121e-06 -0.0010432002645821201 -1.8713319084669333e-05 -0.00031727816933765587 -0.00081589526867772533 6.7532549508320238e-05 0.00046419584605045266 -0.00020152328107401926 -0.00060485850132433144 -0.00014953508198185692
leaf_weight=9268 161844 5942 16449 4056 1885 98814 7405 1211 262689 2552 2383 1744 1131
leaf_count=9268 161844 5942 16449 4056 1885 98814 7405 1211 262689 2552 2383 1744 1131
internal_value=-1.82941e-06 3.67206e-06 2.03218e-05 -6.18807e-05 -0.000389306 -4.06995e-05 -3.92056e-05 -0.000179044 5.71332e-05 -9.66176e-05 0.000108458 -0.000206655 -0.000609858
internal_weight=577373 559084 448387 110697 5941 104756 169249 18289 279138 15947 4935 11012 2342
internal_count=577373 559084 448387 110697 5941 104756 169249 18289 279138 15947 4935 11012 2342
is_linear=0
shrinkage=0.01


Tree=363
num_leaves=9
num_cat=0
split_feature=8 3 8 3 3 6 6 6
split_gain=5.96482 5.47354 9.04587 8.54076 6.42489 6.27184 5.22236 3.53469
threshold=-6.9081015586853018 -0.17910452187061307 0.36729501187801367 0.44230642914772039 0.41298682987689977 0.15839611738920215 0.24418320506811145 0.23018271476030353
decision_type=2 2 2 2 2 2 2 2
left_child=-1 2 6 4 -3 -5 -2 -4
right_child=1 3 7 5 -6 -7 -8 -9
leaf_value=-0.00048199985253739218 -5.2457258085914547e-05 4.7151189344735193e-05 -0.0004370044336398783 -7.1167691077394127e-05 0.00027447416379111617 4.6763351621440426e-05 0.00012249992221765617 1.3134201511214794e-05
leaf_weight=2376 133360 207279 7737 124601 13585 68428 18854 1153
leaf_count=2376 133360 207279 7737 124601 13585 68428 18854 1153
internal_value=-1.85337e-06 0 -4.91173e-05 1.95463e-05 6.22739e-05 -2.83214e-05 -2.93416e-05 -0.000357616
internal_weight=577373 574997 161104 413893 220864 193029 152214 8890
internal_count=577373 574997 161104 413893 220864 193029 152214 8890
is_linear=0
shrinkage=0.01


Tree=364
num_leaves=8
num_cat=0
split_feature=3 8 9 4 1 4 8
split_gain=5.91908 5.46048 9.73315 9.95555 7.21386 4.06771 1.03307
threshold=-5.3401625156402579 0.60588741302490245 0.58994424343109142 1.1076869368553164 0.64819130301475536 0.69068682193756115 -0.84437102079391468
decision_type=2 2 2 2 2 2 2
left_child=6 2 4 -4 -2 -3 -1
right_child=1 5 3 -5 -6 -7 -8
leaf_value=-7.055990960451725e-05 -4.2024957943795339e-07 0 -6.8604375176246985e-05 -0.00061180589301699747 0.00021158317072206907 0.00087335356105472438 -0.0007406517617736389
leaf_weight=1327 537835 1231 13742 4844 16290 1047 1057
leaf_count=1327 537835 1231 13742 4844 16290 1047 1057
internal_value=-1.82978e-06 0 -1.70975e-06 -0.000225829 5.52545e-06 0.000468703 -0.00047939
internal_weight=577373 574989 572711 18586 554125 2278 2384
internal_count=577373 574989 572711 18586 554125 2278 2384
is_linear=0
shrinkage=0.01


Tree=365
num_leaves=12
num_cat=0
split_feature=2 4 9 4 1 3 1 4 4 4 6
split_gain=5.89334 5.50561 11.69 7.21494 5.95921 4.60964 4.46181 4.26411 7.05267 2.97758 0.515508
threshold=-1.8768151998519895 1.5270777344703677 0.54768911004066478 0.58148950338363659 0.56037122011184703 -0.67626330256462086 -0.49025975167751307 -1.9204999208450315 -1.7023220658302305 -1.5582371950149534 -0.58773475885391224
decision_type=2 2 2 2 2 2 2 2 2 2 2
left_child=7 3 5 6 -5 -3 -2 -1 10 -10 -9
right_child=1 2 -4 4 -6 -7 -8 8 9 -11 -12
leaf_value=0.00015033199270430886 -9.8137444028292676e-05 -0.0005900017654062895 -0.00095639353224392324 3.6324814103798385e-05 0.00020901011626273447 -3.3712001604816248e-06 -1.0500330072354403e-06 -0.00024256362136366078 0.00023915122707351792 -0.00022000557323194141 -0.00092694305566694073
leaf_weight=1689 56560 1364 1550 155840 23815 14906 312111 1400 1407 5087 1644
leaf_count=1689 56560 1364 1550 155840 23815 14906 312111 1400 1407 5087 1644
internal_value=-1.81857e-06 2.36941e-06 -0.000169111 8.36657e-06 6.05349e-05 -7.12622e-05 -1.65321e-05 -0.000226854 -0.0003159 -8.64735e-05 -0.000708195
internal_weight=577373 566146 17820 548326 179655 16270 368671 11227 9538 6494 3044
internal_count=577373 566146 17820 548326 179655 16270 368671 11227 9538 6494 3044
is_linear=0
shrinkage=0.01


Tree=366
num_leaves=7
num_cat=0
split_feature=8 8 9 1 0 4
split_gain=5.83867 5.37621 9.54568 9.87774 7.79213 3.99721
threshold=-6.9081015586853018 0.60588741302490245 0.58994424343109142 0.60008832812309276 0.47500424087047582 0.69068682193756115
decision_type=2 2 2 2 2 2
left_child=-1 2 4 -4 -2 -3
right_child=1 5 3 -5 -6 -7
leaf_value=-0.00047686322224158544 -1.2528789839852176e-05 0 -0.00011040185806278336 -0.00077969513851207947 8.2182901839631517e-05 0.00086622614899489454
leaf_weight=2376 446907 1231 15939 2647 107226 1047
leaf_count=2376 446907 1231 15939 2647 107226 1047
internal_value=-1.81909e-06 0 -1.70128e-06 -0.000223654 5.46038e-06 0.000465068
internal_weight=577373 574997 572719 18586 554133 2278
internal_count=577373 574997 572719 18586 554133 2278
is_linear=0
shrinkage=0.01


Tree=367
num_leaves=11
num_cat=0
split_feature=3 3 9 1 4 6 8 8 8 2
split_gain=5.81222 5.3858 9.22427 12.1934 10.146 5.66752 10.6512 8.29201 4.43611 3.12779
threshold=-4.2125575542449942 1.0783194899559023 0.32238282263278967 -1.5246364474296568 1.1409804224967959 0.17779557406902316 0.5027194917201997 0.39649604260921484 -0.16133298724889752 -1.3162750601768491
decision_type=2 2 2 2 2 2 2 2 2 2
left_child=8 5 3 -3 -4 7 -7 -2 9 -1
right_child=1 2 4 -5 -6 6 -8 -9 -10 -11
leaf_value=-0.00035298686320949169 9.2020309808439054e-07 -0.00073270481927641704 -0.00014640180139903014 7.8766766890707335e-05 -0.0013164851390178838 4.4806306687702677e-05 0.00059446429716166404 -0.00016157332060753459 -0.00088170059938784103 0.00018336940188327659
leaf_weight=2141 373736 1952 2836 12047 1170 143692 3499 33861 1080 1359
leaf_count=2141 373736 1952 2836 12047 1170 143692 3499 33861 1080 1359
internal_value=-1.8046e-06 7.44784e-07 -0.000168096 -2.90249e-05 -0.00058204 6.64328e-06 6.00185e-05 -1.21611e-05 -0.000349173 -9.20187e-05
internal_weight=577373 572793 18005 13999 4006 554788 147191 407597 4580 3500
internal_count=577373 572793 18005 13999 4006 554788 147191 407597 4580 3500
is_linear=0
shrinkage=0.01


Tree=368
num_leaves=8
num_cat=0
split_feature=3 8 9 1 1 4 8
split_gain=5.74691 5.29118 9.3411 9.69055 6.98592 3.92865 1.01093
threshold=-5.3401625156402579 0.60588741302490245 0.58994424343109142 0.60008832812309276 0.64819130301475536 0.69068682193756115 -1.3161945939064024
decision_type=2 2 2 2 2 2 2
left_child=6 2 4 -4 -2 -3 -1
right_child=1 5 3 -5 -6 -7 -8
leaf_value=-1.0226025772215815e-05 -4.3995031488133793e-07 0 -0.0001089382112746772 -0.00077206409895893364 0.00020818352211765035 0.00085911063700331843 -0.00067251584886011224
leaf_weight=1086 537835 1231 15939 2647 16290 1047 1298
leaf_count=1086 537835 1231 15939 2647 16290 1047 1298
internal_value=-1.79587e-06 0 -1.67562e-06 -0.00022124 5.4052e-06 0.000461386 -0.00047236
internal_weight=577373 574989 572711 18586 554125 2278 2384
internal_count=577373 574989 572711 18586 554125 2278 2384
is_linear=0
shrinkage=0.01


Tree=369
num_leaves=12
num_cat=0
split_feature=2 4 3 4 1 1 4 4 1 4 8
split_gain=5.73947 5.41289 7.53326 6.51143 6.69759 4.34452 4.20498 6.9382 3.81836 2.92274 0.522366
threshold=-1.8768151998519895 1.5633385777473452 1.114936411380768 0.58148950338363659 0.56037122011184703 -0.49025975167751307 -1.9204999208450315 -1.7023220658302305 -0.51468822360038746 -1.5582371950149534 -0.27336993813514704
decision_type=2 2 2 2 2 2 2 2 2 2 2
left_child=6 3 8 5 -5 -2 -1 10 -3 -9 -8
right_child=1 2 -4 4 -6 -7 7 9 -10 -11 -12
leaf_value=0.00015041731025327478 -9.6851388440234146e-05 0.00036632122920858486 -0.00096571616118346212 3.1191503730182803e-05 0.00021184460898478761 -1.0390244732028672e-06 -0.00087665927948481052 0.00023762614638083882 -0.00017054242702941807 -0.00021723617352233251 -0.0001812920832729232
leaf_weight=1689 56560 1122 1024 159936 24267 312111 1887 1407 11126 5087 1157
leaf_count=1689 56560 1122 1024 159936 24267 312111 1887 1407 11126 5087 1157
internal_value=-1.78531e-06 2.34305e-06 -0.000195169 7.51491e-06 5.62794e-05 -1.63249e-05 -0.000223867 -0.000312412 -0.0001002 -8.46523e-05 -0.00070148
internal_weight=577373 566146 13272 552874 184203 368671 11227 9538 12248 6494 3044
internal_count=577373 566146 13272 552874 184203 368671 11227 9538 12248 6494 3044
is_linear=0
shrinkage=0.01


Tree=370
num_leaves=9
num_cat=0
split_feature=8 3 8 3 0 9 6 6
split_gain=5.69965 5.25665 8.83963 8.33269 6.31884 6.26404 5.1013 3.45754
threshold=-6.9081015586853018 -0.17910452187061307 0.36729501187801367 0.44230642914772039 0.4249050915241242 0.088203161954879775 0.24418320506811145 0.23018271476030353
decision_type=2 2 2 2 2 2 2 2
left_child=-1 2 6 4 -3 -5 -2 -4
right_child=1 3 7 5 -6 -7 -8 -9
leaf_value=-0.00047113361904027487 -5.139895134984316e-05 2.2868562973493607e-05 -0.00043161289629971587 -9.1216447069595349e-05 0.00013947135689778995 2.209852667888865e-05 0.00012152508295792222 1.2173472300683977e-05
leaf_weight=2376 133360 149771 7737 87177 71093 105852 18854 1153
leaf_count=2376 133360 149771 7737 87177 71093 105852 18854 1153
internal_value=-1.77616e-06 0 -4.80989e-05 1.91897e-05 6.13983e-05 -2.80839e-05 -2.85361e-05 -0.000353052
internal_weight=577373 574997 161104 413893 220864 193029 152214 8890
internal_count=577373 574997 161104 413893 220864 193029 152214 8890
is_linear=0
shrinkage=0.01


Tree=371
num_leaves=13
num_cat=0
split_feature=3 3 4 9 4 6 2 1 6 0 6 0
split_gain=5.63494 5.74738 9.36503 6.50703 12.9603 6.44037 5.95743 5.0171 4.24332 3.61461 5.85246 4.89225
threshold=-2.2965553998947139 0.63436561822891246 -0.43148007988929743 0.58994424343109142 1.1076869368553164 0.14479218423366549 0.95469406247138988 0.37809222936630255 -0.16983106732368466 -0.25979025661945337 -0.1166810169816017 -0.4806275069713592
decision_type=2 2 2 2 2 2 2 2 2 2 2 2
left_child=7 2 6 5 -5 -3 -2 9 -4 11 -11 -1
right_child=1 3 8 4 -6 -7 -8 -9 -10 10 -12 -13
leaf_value=-8.8480035260073513e-05 -2.3894240191512566e-05 -0.00010409248582276535 -9.4405522610187793e-05 -8.1154286352759124e-07 -0.0010240927036393522 5.3935448764898375e-05 -0.00031392213679167533 -0.00061754048038646116 6.5935612451121852e-05 0.00042239968832473218 -0.00019348823390554306 -0.00072844361884542104
leaf_weight=9295 161844 63310 16449 4056 1885 41446 7405 2203 262689 2758 2588 1445
leaf_count=9295 161844 63310 16449 4056 1885 41446 7405 2203 262689 2758 2588 1445
internal_value=-1.75399e-06 3.57473e-06 1.98461e-05 -6.04471e-05 -0.000380832 -3.96806e-05 -3.81194e-05 -0.000173744 5.57102e-05 -9.38471e-05 9.19605e-05 -0.000204608
internal_weight=577373 559084 448387 110697 5941 104756 169249 18289 279138 16086 5346 10740
internal_count=577373 559084 448387 110697 5941 104756 169249 18289 279138 16086 5346 10740
is_linear=0
shrinkage=0.01


Tree=372
num_leaves=8
num_cat=0
split_feature=3 8 9 4 1 4 8
split_gain=5.60548 5.21627 9.15985 9.5668 6.77221 3.85992 1.01438
threshold=-5.3401625156402579 0.60588741302490245 0.58994424343109142 1.1076869368553164 0.64819130301475536 0.69068682193756115 -0.84437102079391468
decision_type=2 2 2 2 2 2 2
left_child=6 2 4 -4 -2 -3 -1
right_child=1 5 3 -5 -6 -7 -8
leaf_value=-6.2989127310206379e-05 -3.9908387397204767e-07 0 -6.4740188576173171e-05 -0.00059736693906272363 0.00020500153880074646 0.00085239571913159676 -0.00072336248152162484
leaf_weight=1327 537835 1231 13742 4844 16290 1047 1057
leaf_count=1327 537835 1231 13742 4844 16290 1047 1057
internal_value=-1.76639e-06 0 -1.65815e-06 -0.000219085 5.35021e-06 0.000458113 -0.000466506
internal_weight=577373 574989 572711 18586 554125 2278 2384
internal_count=577373 574989 572711 18586 554125 2278 2384
is_linear=0
shrinkage=0.01


Tree=373
num_leaves=12
num_cat=0
split_feature=2 4 9 4 1 3 1 9 8 0 8
split_gain=5.58875 5.32598 11.2762 6.84117 5.64125 4.53501 4.21231 4.14713 5.36487 6.43648 3.81562
threshold=-1.8768151998519895 1.5270777344703677 0.54768911004066478 0.58148950338363659 0.56037122011184703 -0.67626330256462086 -0.66213485598564137 -0.89413523674011219 0.015929823741316799 -0.20498944073915479 0.087740603834390654
decision_type=2 2 2 2 2 2 2 2 2 2 2
left_child=7 3 5 6 -5 -3 -2 -1 9 -9 -10
right_child=1 2 -4 4 -6 -7 -8 8 10 -11 -12
leaf_value=-0.00061060354888707157 -0.00010531957203981536 -0.00058437391019770465 -0.00093976105789013681 3.5423529649068056e-05 0.00020353564499002303 -2.5736377757513192e-06 -2.5719274999713251e-06 -8.3177497967230839e-05 -0.00081518276601385761 0.00067842069056748893 0
leaf_weight=2191 46113 1364 1550 155840 23815 14906 322558 5219 1288 1139 1390
leaf_count=2191 46113 1364 1550 155840 23815 14906 322558 5219 1288 1139 1390
internal_value=-1.75576e-06 2.31343e-06 -0.000166339 8.2177e-06 5.9022e-05 -6.99962e-05 -1.60158e-05 -0.000220905 -9.35822e-05 3.92904e-05 -0.000459344
internal_weight=577373 566146 17820 548326 179655 16270 368671 11227 9036 6358 2678
internal_count=577373 566146 17820 548326 179655 16270 368671 11227 9036 6358 2678
is_linear=0
shrinkage=0.01


Tree=374
num_leaves=7
num_cat=0
split_feature=8 8 9 1 0 4
split_gain=5.55132 5.1359 8.98304 9.55191 7.43778 3.793
threshold=-6.9081015586853018 0.60588741302490245 0.58994424343109142 0.60008832812309276 0.47500424087047582 0.69068682193756115
decision_type=2 2 2 2 2 2
left_child=-1 2 4 -4 -2 -3
right_child=1 5 3 -5 -6 -7
leaf_value=-0.00046497034347486524 -1.2281227549138797e-05 0 -0.00010546103852320528 -0.0007636070232058201 8.0249848446047167e-05 0.00084544514707788536
leaf_weight=2376 446907 1231 15939 2647 107226 1047
leaf_count=2376 446907 1231 15939 2647 107226 1047
internal_value=-1.76165e-06 0 -1.65142e-06 -0.000216971 5.28545e-06 0.000454565
internal_weight=577373 574997 572719 18586 554133 2278
internal_count=577373 574997 572719 18586 554133 2278
is_linear=0
shrinkage=0.01


Tree=375
num_leaves=10
num_cat=0
split_feature=3 3 9 1 4 6 8 8 8
split_gain=5.49871 5.1083 9.09 11.9012 9.8386 5.33317 10.6543 8.17388 1.00179
threshold=-5.3401625156402579 1.0783194899559023 0.32238282263278967 -1.5246364474296568 1.1409804224967959 0.17779557406902316 0.5027194917201997 0.39649604260921484 -0.84437102079391468
decision_type=2 2 2 2 2 2 2 2 2
left_child=8 5 3 -3 -4 7 -7 -2 -1
right_child=1 2 4 -5 -6 6 -8 -9 -10
leaf_value=-6.0678236990052166e-05 4.5909455657533154e-07 -0.00072202763676681894 -0.00014484522539287271 7.988588394851459e-05 -0.001299052067667358 4.230823124942069e-05 0.00059169389372590244 -0.00016080102873341809 -0.00071699015969927695
leaf_weight=1327 375733 1952 2836 12047 1170 143882 3500 33869 1057
leaf_count=1327 375733 1952 2836 12047 1170 143882 3500 33869 1057
internal_value=-1.7477e-06 0 -0.000164509 -2.64414e-05 -0.000575238 5.70616e-06 5.74943e-05 -1.2459e-05 -0.00046204
internal_weight=577373 574989 18005 13999 4006 556984 147382 409602 2384
internal_count=577373 574989 18005 13999 4006 556984 147382 409602 2384
is_linear=0
shrinkage=0.01


Tree=376
num_leaves=12
num_cat=0
split_feature=2 4 9 4 1 3 4 4 1 4 6
split_gain=5.46593 5.23356 11.0196 6.69933 5.53528 4.45424 4.13796 6.8332 4.11438 2.85736 0.592882
threshold=-1.8768151998519895 1.5270777344703677 0.54768911004066478 0.58148950338363659 0.56037122011184703 -0.67626330256462086 -1.9204999208450315 -1.7023220658302305 -0.49025975167751307 -1.5582371950149534 -0.58773475885391224
decision_type=2 2 2 2 2 2 2 2 2 2 2
left_child=6 3 5 8 -5 -3 -1 10 -2 -9 -8
right_child=1 2 -4 4 -6 -7 7 9 -10 -11 -12
leaf_value=0.00015282115479709377 -9.4206191753163558e-05 -0.00057930778174841528 -0.00092964441039067303 3.502165245127152e-05 0.00020157529412640903 -2.5546009170762668e-06 -0.00022873785773408598 0.00023812259384271573 -9.4970139763251558e-07 -0.00021219020316379816 -0.00091105242500206911
leaf_weight=1689 56560 1364 1550 155840 23815 14906 1400 1407 312111 5087 1644
leaf_count=1689 56560 1364 1550 155840 23815 14906 1400 1407 312111 5087 1644
internal_value=-1.74196e-06 2.27839e-06 -0.0001649 8.13428e-06 5.84116e-05 -6.94977e-05 -0.000218471 -0.000306546 -1.58422e-05 -8.05477e-05 -0.000692343
internal_weight=577373 566146 17820 548326 179655 16270 11227 9538 368671 6494 3044
internal_count=577373 566146 17820 548326 179655 16270 11227 9538 368671 6494 3044
is_linear=0
shrinkage=0.01


Tree=377
num_leaves=7
num_cat=0
split_feature=8 8 9 1 0 4
split_gain=5.43058 5.05617 8.78086 9.39206 7.27355 3.73093
threshold=-6.9081015586853018 0.60588741302490245 0.58994424343109142 0.60008832812309276 0.47500424087047582 0.69068682193756115
decision_type=2 2 2 2 2 2
left_child=-1 2 4 -4 -2 -3
right_child=1 5 3 -5 -6 -7
leaf_value=-0.00045988666077809853 -1.2153187370678491e-05 0 -0.00010385238253155927 -0.00075658862845328397 7.9349336866812794e-05 0.00083870354463832359
leaf_weight=2376 446907 1231 15939 2647 107226 1047
leaf_count=2376 446907 1231 15939 2647 107226 1047
internal_value=-1.743e-06 0 -1.64015e-06 -0.000214526 5.21421e-06 0.000451022
internal_weight=577373 574997 572719 18586 554133 2278
internal_count=577373 574997 572719 18586 554133 2278
is_linear=0
shrinkage=0.01


Tree=378
num_leaves=13
num_cat=0
split_feature=3 3 4 9 4 0 2 6 6 4 4 4
split_gain=5.4019 5.20214 9.06486 6.18065 12.5142 6.2967 4.98436 4.75156 3.43695 2.22701 2.07527 5.25949
threshold=-3.60377025604248 0.63436561822891246 -0.43148007988929743 0.58994424343109142 1.1076869368553164 -0.88895979523658741 0.94379776716232311 -0.16983106732368466 -1.0772026181221006 -1.745578348636627 -1.745578348636627 -1.5072475671768186
decision_type=2 2 2 2 2 2 2 2 2 2 2 2
left_child=8 2 6 5 -5 -3 -2 -4 9 -1 -10 -12
right_child=1 3 7 4 -6 -7 -8 -9 10 -11 11 -13
leaf_value=-0.00022534957656153087 -2.5581248732743679e-05 -0.00035203112426640537 -0.00010648421475363549 0 -0.0010041018765105931 -1.7979271823486071e-05 -0.00028330134075754893 6.3130543975440363e-05 0 0.00030543942260974181 -0.0010068509133254297 -9.2315644179042024e-06
leaf_weight=1731 171538 5942 16610 4056 1885 98814 7901 263754 1166 1136 1396 1444
leaf_count=1731 171538 5942 16610 4056 1885 98814 7901 263754 1166 1136 1396 1444
internal_value=-1.72923e-06 1.32684e-06 1.64896e-05 -5.97675e-05 -0.000372197 -3.94677e-05 -3.83452e-05 5.23002e-05 -0.000276542 0 -0.000458607 -0.000599379
internal_weight=577373 570500 459803 110697 5941 104756 179439 280364 6873 2867 4006 2840
internal_count=577373 570500 459803 110697 5941 104756 179439 280364 6873 2867 4006 2840
is_linear=0
shrinkage=0.01


Tree=379
num_leaves=8
num_cat=0
split_feature=3 8 9 1 1 4 8
split_gain=5.35725 4.99277 8.56758 9.21599 6.47361 3.67491 0.992292
threshold=-5.3401625156402579 0.60588741302490245 0.58994424343109142 0.60008832812309276 0.64819130301475536 0.69068682193756115 -1.3161945939064024
decision_type=2 2 2 2 2 2 2
left_child=6 2 4 -4 -2 -3 -1
right_child=1 5 3 -5 -6 -7 -8
leaf_value=-1.4595153381610594e-06 -4.8939599538946512e-07 0 -0.00010218194505749646 -0.00074892304333482648 0.00020033089126043351 0.00083297257229208543 -0.00065195322741452204
leaf_weight=1086 537835 1231 15939 2647 16290 1047 1298
leaf_count=1086 537835 1231 15939 2647 16290 1047 1298
internal_value=-1.74711e-06 0 -1.64276e-06 -0.000211929 5.12361e-06 0.000448174 -0.000456077
internal_weight=577373 574989 572711 18586 554125 2278 2384
internal_count=577373 574989 572711 18586 554125 2278 2384
is_linear=0
shrinkage=0.01


Tree=380
num_leaves=12
num_cat=0
split_feature=2 4 3 1 6 4 4 4 1 4 6
split_gain=5.32276 5.16288 7.32208 6.07827 11.4141 4.46906 4.07663 6.72357 3.74714 2.807 0.570575
threshold=-1.8768151998519895 1.5633385777473452 1.114936411380768 0.67243948578834545 0.062204292044043548 0.58148950338363659 -1.9204999208450315 -1.7023220658302305 -0.51468822360038746 -1.5582371950149534 -0.58773475885391224
decision_type=2 2 2 2 2 2 2 2 2 2 2
left_child=6 3 8 5 -5 -2 -1 10 -3 -9 -8
right_child=1 2 -4 4 -6 -7 7 9 -10 -11 -12
leaf_value=0.00015259490109528496 -1.8089056428692349e-05 0.00036542481575259627 -0.00095023144253888786 -0.00025702625482185799 0.00039036750120644947 4.3054921198144728e-05 -0.00022551337971526663 0.0002367931597575768 -0.00016675117774482361 -0.00020953718208426816 -0.00090233431271141131
leaf_weight=1689 361900 1122 1024 3171 10000 177803 1400 1407 11126 5087 1644
leaf_count=1689 361900 1122 1024 3171 10000 177803 1400 1407 11126 5087 1644
internal_value=-1.73695e-06 2.22577e-06 -0.000190663 7.28505e-06 0.000218033 1.69263e-06 -0.00021561 -0.000303145 -9.68455e-05 -7.87715e-05 -0.000685797
internal_weight=577373 566146 13272 552874 13171 539703 11227 9538 12248 6494 3044
internal_count=577373 566146 13272 552874 13171 539703 11227 9538 12248 6494 3044
is_linear=0
shrinkage=0.01


Tree=381
num_leaves=10
num_cat=0
split_feature=8 3 8 3 3 9 6 0 4
split_gain=5.31467 4.93713 8.66398 7.98378 6.27571 6.14658 4.96475 3.48048 0.0136113
threshold=-6.9081015586853018 -0.17910452187061307 0.36729501187801367 0.44230642914772039 0.41298682987689977 0.088203161954879775 0.24418320506811145 0.40686351060867315 -1.7712023258209226
decision_type=2 2 2 2 2 2 2 2 2
left_child=8 2 6 4 -3 -5 -2 -4 -1
right_child=1 3 7 5 -6 -7 -8 -9 -10
leaf_value=-0.00059534284730419415 -4.9830341636081786e-05 4.4955911972589282e-05 -0.00087351187135459687 -9.0222443237979541e-05 0.00026955331046510291 2.2020132614089753e-05 0.00012079713196226279 -0.00022155687910057264 -6.4784684779219746e-05
leaf_weight=1293 133360 207279 1195 87177 13585 105852 18854 7695 1083
leaf_count=1293 133360 207279 1195 87177 13585 105852 18854 7695 1083
internal_value=-1.72838e-06 0 -4.66288e-05 1.85831e-05 5.99066e-05 -2.76775e-05 -2.72526e-05 -0.000348486 -0.000454956
internal_weight=577373 574997 161104 413893 220864 193029 152214 8890 2376
internal_count=577373 574997 161104 413893 220864 193029 152214 8890 2376
is_linear=0
shrinkage=0.01


Tree=382
num_leaves=8
num_cat=0
split_feature=3 8 9 4 4 4 8
split_gain=5.25963 4.90895 8.42977 9.13697 6.24948 3.60502 0.97688
threshold=-5.3401625156402579 0.60588741302490245 0.58994424343109142 1.1076869368553164 0.61923807859420787 0.69068682193756115 -0.84437102079391468
decision_type=2 2 2 2 2 2 2
left_child=6 2 4 -4 -2 -3 -1
right_child=1 5 3 -5 -6 -7 -8
leaf_value=-5.5267859606185743e-05 -1.7930884763787682e-05 0 -5.9175228704322172e-05 -0.00057968913601269361 5.3489221290326005e-05 0.00082556282993706293 -0.00070270238171924999
leaf_weight=1327 372788 1231 13742 4844 181337 1047 1057
leaf_count=1327 372788 1231 13742 4844 181337 1047 1057
internal_value=-1.71954e-06 0 -1.61754e-06 -0.000210208 5.09136e-06 0.000444406 -0.000451893
internal_weight=577373 574989 572711 18586 554125 2278 2384
internal_count=577373 574989 572711 18586 554125 2278 2384
is_linear=0
shrinkage=0.01


Tree=383
num_leaves=7
num_cat=0
split_feature=8 8 9 1 0 4
split_gain=5.23489 4.83211 8.27585 9.05301 7.01499 3.53943
threshold=-6.9081015586853018 0.60588741302490245 0.58994424343109142 0.60008832812309276 0.47500424087047582 0.69068682193756115
decision_type=2 2 2 2 2 2
left_child=-1 2 4 -4 -2 -3
right_child=1 5 3 -5 -6 -7
leaf_value=-0.0004515234174386538 -1.2005936540552357e-05 0 -9.9440375460352448e-05 -0.00074039091363550954 7.7854983710371953e-05 0.00081863128551212534
leaf_weight=2376 446907 1231 15939 2647 107226 1047
leaf_count=2376 446907 1231 15939 2647 107226 1047
internal_value=-1.70988e-06 0 -1.60066e-06 -0.000208281 5.04338e-06 0.000440917
internal_weight=577373 574997 572719 18586 554133 2278
internal_count=577373 574997 572719 18586 554133 2278
is_linear=0
shrinkage=0.01


Tree=384
num_leaves=16
num_cat=0
split_feature=3 3 4 9 4 6 2 1 1 4 6 6 6 0 6
split_gain=5.20803 5.4548 8.61307 5.94875 12.2025 6.26274 5.78069 5.03088 7.58093 5.29423 4.01123 3.96357 2.57178 4.47127 1.70489
threshold=-2.2965553998947139 0.63436561822891246 -0.43148007988929743 0.58994424343109142 1.1076869368553164 0.14479218423366549 0.95469406247138988 0.13393108546733859 -0.18681664019823072 -1.6251922249794004 -0.16983106732368466 -0.95244386792182911 -0.12622503191232678 -0.32383082807064051 0.087787546217441573
decision_type=2 2 2 2 2 2 2 2 2 2 2 2 2 2 2
left_child=7 2 6 5 -5 -3 -2 8 11 -10 -4 -1 13 -9 -14
right_child=1 3 10 4 -6 -7 -8 12 9 -11 -12 -13 14 -15 -16
leaf_value=0 -2.2258754048695106e-05 -0.00010252529117532441 -9.217312208682146e-05 0 -0.0009893743406157111 5.3285933871423255e-05 -0.0003078782101421091 -0.00050709486418091837 0 0.00066906860357735735 6.3634724708687911e-05 -0.00042337185338588444 -0.00075400879699947924 0.00027233319793029974 -0.00013150111017907914
leaf_weight=4285 161844 63310 16449 4056 1885 41446 7405 1123 1663 1898 262689 3995 2268 1268 1789
leaf_count=4285 161844 63310 16449 4056 1885 41446 7405 1123 1663 1898 262689 3995 2268 1268 1789
internal_value=-1.69641e-06 3.41292e-06 1.92738e-05 -5.89482e-05 -0.000365566 -3.899e-05 -3.62841e-05 -0.00016705 -2.45032e-05 0.000330072 5.36779e-05 -0.000204769 -0.000390125 -2.74417e-05 -0.00054556
internal_weight=577373 559084 448387 110697 5941 104756 169249 18289 11841 3561 279138 8280 6448 2391 4057
internal_count=577373 559084 448387 110697 5941 104756 169249 18289 11841 3561 279138 8280 6448 2391 4057
is_linear=0
shrinkage=0.01


Tree=385
num_leaves=11
num_cat=0
split_feature=2 4 9 4 1 3 9 9 1 8
split_gain=5.16265 5.10523 10.5745 6.18186 5.38496 4.37871 4.04809 5.30456 3.94059 3.38135
threshold=-1.8768151998519895 1.5270777344703677 0.54768911004066478 0.58148950338363659 0.56037122011184703 -0.67626330256462086 -0.89413523674011219 -0.25689193606376642 -0.66213485598564137 -0.58148261904716481
decision_type=2 2 2 2 2 2 2 2 2 2
left_child=6 3 5 8 -5 -3 -1 -8 -2 -9
right_child=1 2 -4 4 -6 -7 7 9 -10 -11
leaf_value=-0.00059648502665010585 -0.00010139407471885487 -0.00057469194161493089 -0.00091245088311261492 3.3203343562230552e-05 0.00019744281886435969 -2.6652547038650339e-06 0.00040720316721699581 -0.00065374067815423729 -2.0141516946447518e-06 -6.7942699657495237e-05
leaf_weight=2191 46113 1364 1550 155840 23815 14906 1364 1317 322558 6355
leaf_count=2191 46113 1364 1550 155840 23815 14906 1364 1317 322558 6355
internal_value=-1.70644e-06 2.19093e-06 -0.000162923 7.979e-06 5.62822e-05 -6.91609e-05 -0.000212341 -8.66418e-05 -1.50349e-05 -0.000207964
internal_weight=577373 566146 17820 548326 179655 16270 11227 9036 368671 7672
internal_count=577373 566146 17820 548326 179655 16270 11227 9036 368671 7672
is_linear=0
shrinkage=0.01


Tree=386
num_leaves=10
num_cat=0
split_feature=3 3 9 1 4 6 8 8 8
split_gain=5.13771 4.82968 8.9568 11.565 9.47788 5.07741 10.5841 7.91811 0.96891
threshold=-5.3401625156402579 1.0783194899559023 0.32238282263278967 -1.5246364474296568 1.1409804224967959 0.17779557406902316 0.5027194917201997 0.39649604260921484 -0.84437102079391468
decision_type=2 2 2 2 2 2 2 2 2
left_child=8 5 3 -3 -4 7 -7 -2 -1
right_child=1 2 4 -5 -6 6 -8 -9 -10
leaf_value=-5.2227109276336454e-05 5.162439087435799e-07 -0.00070917692925213222 -0.00014324088962323786 8.1666005330834245e-05 -0.0012785861885861705 4.0926778283532213e-05 0.00058838542905483536 -0.00015819561304036221 -0.00069558685303531599
leaf_weight=1327 375733 1952 2836 12047 1170 143882 3500 33869 1057
leaf_count=1327 375733 1952 2836 12047 1170 143882 3500 33869 1057
internal_value=-1.7111e-06 0 -0.000159985 -2.29583e-05 -0.000567414 5.52483e-06 5.60627e-05 -1.219e-05 -0.000446634
internal_weight=577373 574989 18005 13999 4006 556984 147382 409602 2384
internal_count=577373 574989 18005 13999 4006 556984 147382 409602 2384
is_linear=0
shrinkage=0.01


Tree=387
num_leaves=8
num_cat=0
split_feature=8 8 9 1 0 4 4
split_gain=5.09532 4.77235 8.03727 8.90497 6.84039 3.49264 0.0319419
threshold=-6.9081015586853018 0.60588741302490245 0.58994424343109142 0.60008832812309276 0.47500424087047582 0.69068682193756115 -1.7712023258209226
decision_type=2 2 2 2 2 2 2
left_child=6 2 4 -4 -2 -3 -1
right_child=1 5 3 -5 -6 -7 -8
leaf_value=-0.00058447766331400617 -1.190028813440179e-05 0 -9.7271508405989736e-05 -0.00073296871572355678 7.683481507933999e-05 0.00081338593911427378 -5.8401696578492802e-05
leaf_weight=1293 446907 1231 15939 2647 107226 1047 1083
leaf_count=1293 446907 1231 15939 2647 107226 1047 1083
internal_value=-1.70551e-06 0 -1.61152e-06 -0.000205293 4.93089e-06 0.000438165 -0.000445479
internal_weight=577373 574997 572719 18586 554133 2278 2376
internal_count=577373 574997 572719 18586 554133 2278 2376
is_linear=0
shrinkage=0.01


Tree=388
num_leaves=11
num_cat=0
split_feature=3 3 4 9 4 6 2 6 8 2
split_gain=5.05963 4.83417 8.72499 5.76489 11.8985 6.10977 5.14025 4.67848 4.44136 2.99435
threshold=-4.2125575542449942 0.63436561822891246 -0.43148007988929743 0.58994424343109142 1.1076869368553164 0.14479218423366549 0.95469406247138988 -0.16983106732368466 -0.16133298724889752 -1.3162750601768491
decision_type=2 2 2 2 2 2 2 2 2 2
left_child=8 2 6 5 -5 -3 -2 -4 9 -1
right_child=1 3 7 4 -6 -7 -8 -9 -10 -11
leaf_value=-0.00033108625377002037 -2.5499411391862394e-05 -0.00010134957890449741 -0.00010701309429430176 0 -0.00097611219781854053 5.2517834771398265e-05 -0.0002900480700002287 6.1237825030301628e-05 -0.00085356117781407203 0.00019904317415837317
leaf_weight=2141 173858 63310 16636 4056 1885 41446 7707 263895 1080 1359
leaf_count=2141 173858 63310 16636 4056 1885 41446 7707 263895 1080 1359
internal_value=-1.6962e-06 6.59073e-07 1.52265e-05 -5.82658e-05 -0.000360193 -3.85833e-05 -3.8136e-05 5.04787e-05 -0.0003258 -7.1558e-05
internal_weight=577373 572793 462096 110697 5941 104756 181565 280531 4580 3500
internal_count=577373 572793 462096 110697 5941 104756 181565 280531 4580 3500
is_linear=0
shrinkage=0.01


Tree=389
num_leaves=12
num_cat=0
split_feature=2 4 9 4 1 3 4 4 2 4 6
split_gain=5.02362 5.01661 10.2698 6.00498 5.27889 4.30187 4.02758 6.59535 3.89865 2.74989 0.594217
threshold=-1.8768151998519895 1.5270777344703677 0.54768911004066478 0.58148950338363659 0.56037122011184703 -0.67626330256462086 -1.9204999208450315 -1.7023220658302305 1.5732719898223879 -1.5582371950149534 -0.58773475885391224
decision_type=2 2 2 2 2 2 2 2 2 2 2
left_child=6 3 5 8 -5 -3 -1 10 -2 -9 -8
right_child=1 2 -4 4 -6 -7 7 9 -10 -11 -12
leaf_value=0.00015686702099690375 -1.7267648753762946e-05 -0.00057007733142793024 -0.00090046166264585092 3.2626446340495612e-05 0.00019525750064069015 -2.8741666933909507e-06 -0.00021771418039279525 0.00023798646248573369 0.00052155655371575256 -0.00020452097204641073 -0.0008909212240639675
leaf_weight=1689 367544 1364 1550 155840 23815 14906 1400 1407 1127 5087 1644
leaf_count=1689 367544 1364 1550 155840 23815 14906 1400 1407 1127 5087 1644
internal_value=-1.7009e-06 2.13888e-06 -0.000161533 7.87961e-06 5.54899e-05 -6.89143e-05 -0.000209481 -0.000296782 -1.47964e-05 -7.45232e-05 -0.000675463
internal_weight=577373 566146 17820 548326 179655 16270 11227 9538 368671 6494 3044
internal_count=577373 566146 17820 548326 179655 16270 11227 9538 368671 6494 3044
is_linear=0
shrinkage=0.01


Tree=390
num_leaves=8
num_cat=0
split_feature=8 8 9 1 0 4 0
split_gain=5.01901 4.71461 7.83067 8.75928 6.65559 3.4422 0.0433846
threshold=-6.9081015586853018 0.60588741302490245 0.58994424343109142 0.60008832812309276 0.47500424087047582 0.69068682193756115 -4.6340572834014884
decision_type=2 2 2 2 2 2 2
left_child=6 2 4 -4 -2 -3 -1
right_child=1 5 3 -5 -6 -7 -8
leaf_value=-7.976764776302796e-05 -1.1746420096840506e-05 0 -9.5432656008340494e-05 -0.00072596482665388917 7.5780307438214721e-05 0.00080804403144472264 -0.00060348680726232109
leaf_weight=1206 446907 1231 15939 2647 107226 1047 1170
leaf_count=1206 446907 1231 15939 2647 107226 1047 1170
internal_value=-1.6931e-06 0 -1.60257e-06 -0.000202651 4.85064e-06 0.000435506 -0.000442131
internal_weight=577373 574997 572719 18586 554133 2278 2376
internal_count=577373 574997 572719 18586 554133 2278 2376
is_linear=0
shrinkage=0.01


Tree=391
num_leaves=10
num_cat=0
split_feature=3 3 9 1 4 6 8 8 8
split_gain=4.98941 4.68602 8.80653 11.3296 9.23726 4.92421 10.4501 7.73377 0.954854
threshold=-5.3401625156402579 1.0783194899559023 0.32238282263278967 -1.5246364474296568 1.1409804224967959 0.17779557406902316 0.5027194917201997 0.38855336606502539 -1.3161945939064024
decision_type=2 2 2 2 2 2 2 2 2
left_child=8 5 3 -3 -4 7 -7 -2 -1
right_child=1 2 4 -5 -6 6 -8 -9 -10
leaf_value=0 1.212275603852492e-06 -0.00070106661326202599 -0.00014162441375669969 8.1778566789650616e-05 -0.0012640238560559433 4.0170302812384817e-05 0.00058413321328167718 -0.00014940218310979445 -0.00063079868149551964
leaf_weight=1086 372537 1952 2836 12047 1170 143882 3500 37065 1298
leaf_count=1086 372537 1952 2836 12047 1170 143882 3500 37065 1298
internal_value=-1.68405e-06 0 -0.000157585 -2.1632e-05 -0.000561504 5.44434e-06 5.52175e-05 -1.19951e-05 -0.000440139
internal_weight=577373 574989 18005 13999 4006 556984 147382 409602 2384
internal_count=577373 574989 18005 13999 4006 556984 147382 409602 2384
is_linear=0
shrinkage=0.01


end of trees

feature_importances:
Column_3=1255
Column_1=813
Column_2=720
Column_6=654
Column_4=615
Column_8=363
Column_0=287
Column_9=274

parameters:
[boosting: gbdt]
[objective: regression]
[metric: l2]
[tree_learner: serial]
[device_type: cpu]
[data_sample_strategy: bagging]
[data: ]
[valid: ]
[num_iterations: 2000]
[learning_rate: 0.01]
[num_leaves: 16]
[num_threads: 8]
[seed: 0]
[deterministic: 0]
[force_col_wise: 0]
[force_row_wise: 0]
[histogram_pool_size: -1]
[max_depth: 4]
[min_data_in_leaf: 1000]
[min_sum_hessian_in_leaf: 0.001]
[bagging_fraction: 0.95]
[pos_bagging_fraction: 1]
[neg_bagging_fraction: 1]
[bagging_freq: 0]
[bagging_seed: 3]
[bagging_by_query: 0]
[feature_fraction: 0.95]
[feature_fraction_bynode: 1]
[feature_fraction_seed: 2]
[extra_trees: 0]
[extra_seed: 6]
[early_stopping_round: 0]
[early_stopping_min_delta: 0]
[first_metric_only: 0]
[max_delta_step: 0]
[lambda_l1: 20]
[lambda_l2: 200]
[linear_lambda: 0]
[min_gain_to_split: 0]
[drop_rate: 0.1]
[max_drop: 50]
[skip_drop: 0.5]
[xgboost_dart_mode: 0]
[uniform_drop: 0]
[drop_seed: 4]
[top_rate: 0.2]
[other_rate: 0.1]
[min_data_per_group: 100]
[max_cat_threshold: 32]
[cat_l2: 10]
[cat_smooth: 10]
[max_cat_to_onehot: 4]
[top_k: 20]
[monotone_constraints: ]
[monotone_constraints_method: basic]
[monotone_penalty: 0]
[feature_contri: ]
[forcedsplits_filename: ]
[refit_decay_rate: 0.9]
[cegb_tradeoff: 1]
[cegb_penalty_split: 0]
[cegb_penalty_feature_lazy: ]
[cegb_penalty_feature_coupled: ]
[path_smooth: 0]
[interaction_constraints: ]
[verbosity: -1]
[saved_feature_importance_type: 0]
[use_quantized_grad: 0]
[num_grad_quant_bins: 4]
[quant_train_renew_leaf: 0]
[stochastic_rounding: 1]
[linear_tree: 0]
[max_bin: 255]
[max_bin_by_feature: ]
[min_data_in_bin: 3]
[bin_construct_sample_cnt: 200000]
[data_random_seed: 1]
[is_enable_sparse: 1]
[enable_bundle: 1]
[use_missing: 1]
[zero_as_missing: 0]
[feature_pre_filter: 1]
[pre_partition: 0]
[two_round: 0]
[header: 0]
[label_column: ]
[weight_column: ]
[group_column: ]
[ignore_column: ]
[categorical_feature: ]
[forcedbins_filename: ]
[precise_float_parser: 0]
[parser_config_file: ]
[objective_seed: 5]
[num_class: 1]
[is_unbalance: 0]
[scale_pos_weight: 1]
[sigmoid: 1]
[boost_from_average: 1]
[reg_sqrt: 0]
[alpha: 0.9]
[fair_c: 1]
[poisson_max_delta_step: 0.7]
[tweedie_variance_power: 1.5]
[lambdarank_truncation_level: 30]
[lambdarank_norm: 1]
[label_gain: ]
[lambdarank_position_bias_regularization: 0]
[eval_at: ]
[multi_error_top_k: 1]
[auc_mu_weights: ]
[num_machines: 1]
[local_listen_port: 12400]
[time_out: 120]
[machine_list_filename: ]
[machines: ]
[gpu_platform_id: -1]
[gpu_device_id: -1]
[gpu_use_dp: 0]
[num_gpu: 1]

end of parameters

pandas_categorical:null
